fecha,dst_index,bz_gse,vsw
2024-01-01 00:00:00,-8.51,-0.76,403.6
2024-01-01 01:00:00,-9.12,1.38,421.6
2024-01-01 02:00:00,-5.56,-2.62,374.2
2024-01-01 03:00:00,-1.9,-2.3,450.9
2024-01-01 04:00:00,-6.37,-0.6,338.6
2024-01-01 05:00:00,-5.87,-2.73,443.7
2024-01-01 06:00:00,-0.26,-3.8,398.6
2024-01-01 07:00:00,-2.87,-2.99,430.1
2024-01-01 08:00:00,-7.08,-0.49,410.9
2024-01-01 09:00:00,-4.84,1.26,410.4
2024-01-01 10:00:00,-8.89,1.3,416.6
2024-01-01 11:00:00,-10.1,3.18,424.3
2024-01-01 12:00:00,-9.27,0.2,390.1
2024-01-01 13:00:00,-17.03,0.47,431.0
2024-01-01 14:00:00,-17.67,-0.5,367.5
2024-01-01 15:00:00,-15.22,-0.4,399.8
2024-01-01 16:00:00,-17.37,4.16,425.1
2024-01-01 17:00:00,-13.89,0.52,429.9
2024-01-01 18:00:00,-17.72,0.7,413.8
2024-01-01 19:00:00,-19.07,-2.29,388.2
2024-01-01 20:00:00,-9.93,0.82,426.9
2024-01-01 21:00:00,-14.21,1.32,379.9
2024-01-01 22:00:00,-12.3,2.22,452.5
2024-01-01 23:00:00,-15.57,1.26,397.5
2024-01-02 00:00:00,-11.63,-0.25,353.8
2024-01-02 01:00:00,-8.37,-0.34,364.2
2024-01-02 02:00:00,-10.95,-0.14,401.3
2024-01-02 03:00:00,-5.34,0.21,404.2
2024-01-02 04:00:00,-7.47,2.54,459.1
2024-01-02 05:00:00,-6.05,2.15,368.8
2024-01-02 06:00:00,-6.81,1.51,401.2
2024-01-02 07:00:00,0.39,4.06,368.2
2024-01-02 08:00:00,-5.71,-5.31,385.2
2024-01-02 09:00:00,-9.64,-0.92,450.5
2024-01-02 10:00:00,-5.03,-0.02,365.9
2024-01-02 11:00:00,-12.37,-1.34,417.6
2024-01-02 12:00:00,-9.37,-1.86,411.8
2024-01-02 13:00:00,-17.17,-3.43,399.3
2024-01-02 14:00:00,-16.48,-0.62,415.6
2024-01-02 15:00:00,-12.94,1.79,365.2
2024-01-02 16:00:00,-12.11,1.55,449.7
2024-01-02 17:00:00,-14.32,-1.5,457.7
2024-01-02 18:00:00,-15.35,0.44,401.4
2024-01-02 19:00:00,-15.73,2.72,472.7
2024-01-02 20:00:00,-18.77,-3.04,388.0
2024-01-02 21:00:00,-15.7,-0.32,412.0
2024-01-02 22:00:00,-13.88,0.57,443.0
2024-01-02 23:00:00,-8.12,0.02,386.2
2024-01-03 00:00:00,-8.97,1.7,358.6
2024-01-03 01:00:00,-14.0,-3.0,351.6
2024-01-03 02:00:00,-6.53,-2.01,461.8
2024-01-03 03:00:00,-7.62,1.36,384.1
2024-01-03 04:00:00,-7.7,-3.4,394.4
2024-01-03 05:00:00,-3.34,1.62,366.6
2024-01-03 06:00:00,-1.91,0.9,428.5
2024-01-03 07:00:00,-2.38,1.48,376.6
2024-01-03 08:00:00,-8.19,-0.94,385.3
2024-01-03 09:00:00,-7.39,1.02,409.0
2024-01-03 10:00:00,-6.51,-2.34,368.1
2024-01-03 11:00:00,-5.78,-0.83,394.6
2024-01-03 12:00:00,-11.44,0.07,442.1
2024-01-03 13:00:00,-11.85,-1.8,412.8
2024-01-03 14:00:00,-15.82,0.44,403.9
2024-01-03 15:00:00,-17.12,-2.29,406.4
2024-01-03 16:00:00,-11.89,0.54,388.3
2024-01-03 17:00:00,-10.76,3.48,459.9
2024-01-03 18:00:00,-15.22,-2.51,375.6
2024-01-03 19:00:00,-11.82,-0.05,406.3
2024-01-03 20:00:00,-13.25,-3.24,403.5
2024-01-03 21:00:00,-15.47,-1.67,430.3
2024-01-03 22:00:00,-11.42,1.4,433.1
2024-01-03 23:00:00,-6.68,-0.86,399.0
2024-01-04 00:00:00,-10.11,1.48,408.7
2024-01-04 01:00:00,-4.01,0.71,409.9
2024-01-04 02:00:00,-15.36,-0.13,331.8
2024-01-04 03:00:00,-4.0,-2.06,352.3
2024-01-04 04:00:00,-5.41,1.37,381.8
2024-01-04 05:00:00,-6.07,0.61,383.2
2024-01-04 06:00:00,-4.72,-3.06,364.0
2024-01-04 07:00:00,-11.13,-1.93,422.5
2024-01-04 08:00:00,-6.33,-5.54,400.1
2024-01-04 09:00:00,-5.39,-2.73,393.6
2024-01-04 10:00:00,-3.07,-0.63,362.3
2024-01-04 11:00:00,-10.26,-2.11,398.7
2024-01-04 12:00:00,-12.43,-1.66,321.2
2024-01-04 13:00:00,-12.8,2.78,395.1
2024-01-04 14:00:00,-9.75,2.06,401.9
2024-01-04 15:00:00,-12.55,-1.39,407.3
2024-01-04 16:00:00,-15.92,1.59,353.1
2024-01-04 17:00:00,-13.29,2.43,406.7
2024-01-04 18:00:00,-14.71,1.24,368.8
2024-01-04 19:00:00,-11.92,0.6,375.6
2024-01-04 20:00:00,-16.44,2.2,421.5
2024-01-04 21:00:00,-14.52,1.54,460.4
2024-01-04 22:00:00,-13.68,-2.43,401.5
2024-01-04 23:00:00,-15.68,-0.38,375.5
2024-01-05 00:00:00,-9.11,-1.1,405.7
2024-01-05 01:00:00,-7.92,2.3,428.2
2024-01-05 02:00:00,-7.48,-1.16,418.6
2024-01-05 03:00:00,-7.17,-1.5,482.3
2024-01-05 04:00:00,-9.92,2.05,378.5
2024-01-05 05:00:00,-6.43,0.52,407.6
2024-01-05 06:00:00,-6.03,4.22,446.5
2024-01-05 07:00:00,-7.58,-1.72,444.6
2024-01-05 08:00:00,-6.15,-1.04,341.5
2024-01-05 09:00:00,-5.25,2.24,399.9
2024-01-05 10:00:00,-1.84,-2.56,444.5
2024-01-05 11:00:00,-8.18,2.64,486.7
2024-01-05 12:00:00,-9.23,-2.41,421.1
2024-01-05 13:00:00,-11.52,1.22,389.0
2024-01-05 14:00:00,-18.26,-3.69,369.7
2024-01-05 15:00:00,-13.62,0.09,466.6
2024-01-05 16:00:00,-14.15,-2.74,421.9
2024-01-05 17:00:00,-7.44,3.85,374.6
2024-01-05 18:00:00,-15.58,-2.14,393.9
2024-01-05 19:00:00,-13.92,-1.66,409.3
2024-01-05 20:00:00,-14.43,1.07,416.3
2024-01-05 21:00:00,-17.04,-1.2,373.0
2024-01-05 22:00:00,-9.07,1.4,381.6
2024-01-05 23:00:00,-9.04,-1.42,350.4
2024-01-06 00:00:00,-7.63,-1.58,431.2
2024-01-06 01:00:00,-11.43,-0.06,389.8
2024-01-06 02:00:00,-3.29,-2.43,414.0
2024-01-06 03:00:00,-10.67,0.79,442.7
2024-01-06 04:00:00,-3.91,1.75,406.6
2024-01-06 05:00:00,1.4,1.11,396.6
2024-01-06 06:00:00,-7.97,1.29,405.8
2024-01-06 07:00:00,-6.87,-3.85,401.9
2024-01-06 08:00:00,-5.37,-0.92,437.4
2024-01-06 09:00:00,-7.97,-0.45,409.3
2024-01-06 10:00:00,-12.15,2.91,383.7
2024-01-06 11:00:00,-8.5,-1.16,431.4
2024-01-06 12:00:00,-13.19,-4.6,436.9
2024-01-06 13:00:00,-9.87,-2.01,359.9
2024-01-06 14:00:00,-15.26,-1.32,446.0
2024-01-06 15:00:00,-8.89,-4.31,410.9
2024-01-06 16:00:00,-16.68,1.94,408.5
2024-01-06 17:00:00,-15.8,-3.14,430.2
2024-01-06 18:00:00,-12.56,0.89,383.0
2024-01-06 19:00:00,-18.52,-2.18,428.6
2024-01-06 20:00:00,-13.65,3.01,388.7
2024-01-06 21:00:00,-9.61,-0.55,355.8
2024-01-06 22:00:00,-17.32,-0.96,370.1
2024-01-06 23:00:00,-10.74,1.06,417.0
2024-01-07 00:00:00,-9.22,-2.01,371.6
2024-01-07 01:00:00,-6.36,1.15,448.3
2024-01-07 02:00:00,-11.21,-0.96,435.7
2024-01-07 03:00:00,-10.43,-1.19,440.0
2024-01-07 04:00:00,-4.1,-0.18,403.7
2024-01-07 05:00:00,-4.28,-2.18,407.7
2024-01-07 06:00:00,-4.25,-0.38,364.2
2024-01-07 07:00:00,-4.13,0.68,429.9
2024-01-07 08:00:00,-7.71,-4.62,411.4
2024-01-07 09:00:00,-5.77,2.18,417.0
2024-01-07 10:00:00,-6.62,1.63,450.6
2024-01-07 11:00:00,-10.85,-3.71,381.8
2024-01-07 12:00:00,-4.4,-4.02,396.2
2024-01-07 13:00:00,-9.87,1.68,409.8
2024-01-07 14:00:00,-16.07,1.53,371.9
2024-01-07 15:00:00,-11.57,1.25,394.4
2024-01-07 16:00:00,-17.25,-2.85,414.8
2024-01-07 17:00:00,-12.47,3.66,390.2
2024-01-07 18:00:00,-11.52,-1.51,439.3
2024-01-07 19:00:00,-17.29,0.48,354.7
2024-01-07 20:00:00,-11.44,0.5,433.7
2024-01-07 21:00:00,-12.3,3.19,419.8
2024-01-07 22:00:00,-10.03,0.25,382.9
2024-01-07 23:00:00,-5.6,0.83,372.3
2024-01-08 00:00:00,-10.74,-0.15,337.6
2024-01-08 01:00:00,-10.97,-2.39,376.1
2024-01-08 02:00:00,-10.17,-4.64,431.4
2024-01-08 03:00:00,-8.91,0.07,398.3
2024-01-08 04:00:00,-5.9,-2.82,434.9
2024-01-08 05:00:00,-4.15,0.7,381.4
2024-01-08 06:00:00,-4.17,0.3,421.2
2024-01-08 07:00:00,-2.69,0.25,378.5
2024-01-08 08:00:00,-5.63,-2.11,371.0
2024-01-08 09:00:00,-2.1,2.07,396.8
2024-01-08 10:00:00,-8.29,0.95,380.1
2024-01-08 11:00:00,-0.55,-2.36,353.7
2024-01-08 12:00:00,-8.12,4.14,394.5
2024-01-08 13:00:00,-13.87,-0.42,403.2
2024-01-08 14:00:00,-15.71,-2.67,438.1
2024-01-08 15:00:00,-12.09,-1.52,428.1
2024-01-08 16:00:00,-15.0,-3.02,436.6
2024-01-08 17:00:00,-12.69,2.72,421.6
2024-01-08 18:00:00,-13.58,2.16,410.0
2024-01-08 19:00:00,-15.05,1.48,363.1
2024-01-08 20:00:00,-16.87,1.1,404.5
2024-01-08 21:00:00,-18.08,2.5,417.9
2024-01-08 22:00:00,-13.84,-0.48,443.7
2024-01-08 23:00:00,-8.72,0.85,420.6
2024-01-09 00:00:00,-9.36,-1.62,437.2
2024-01-09 01:00:00,-12.44,-0.31,369.0
2024-01-09 02:00:00,-6.98,0.9,390.2
2024-01-09 03:00:00,-5.31,-6.16,412.9
2024-01-09 04:00:00,-8.32,-1.24,434.8
2024-01-09 05:00:00,-4.71,0.33,395.6
2024-01-09 06:00:00,-4.83,-0.16,397.5
2024-01-09 07:00:00,-8.6,-0.9,420.6
2024-01-09 08:00:00,-4.6,1.18,366.2
2024-01-09 09:00:00,-4.78,-1.42,448.2
2024-01-09 10:00:00,-4.25,-2.44,373.6
2024-01-09 11:00:00,-5.54,2.37,342.4
2024-01-09 12:00:00,-14.13,2.09,400.3
2024-01-09 13:00:00,-14.11,-1.2,451.0
2024-01-09 14:00:00,-10.95,-0.14,417.6
2024-01-09 15:00:00,-11.99,1.69,422.5
2024-01-09 16:00:00,-12.78,0.09,401.2
2024-01-09 17:00:00,-3.27,1.06,395.4
2024-01-09 18:00:00,-13.29,0.95,353.7
2024-01-09 19:00:00,-11.42,-0.64,332.2
2024-01-09 20:00:00,-11.47,1.03,405.9
2024-01-09 21:00:00,-11.58,-1.93,439.4
2024-01-09 22:00:00,-13.45,0.79,410.3
2024-01-09 23:00:00,-9.02,-0.15,418.7
2024-01-10 00:00:00,-12.32,-0.72,447.5
2024-01-10 01:00:00,-9.42,-2.49,409.9
2024-01-10 02:00:00,-8.96,0.26,396.3
2024-01-10 03:00:00,-6.22,0.08,375.4
2024-01-10 04:00:00,1.27,-1.68,460.7
2024-01-10 05:00:00,-10.77,-3.19,415.8
2024-01-10 06:00:00,-2.94,-3.29,371.7
2024-01-10 07:00:00,-10.01,-0.51,364.9
2024-01-10 08:00:00,-7.09,0.61,437.6
2024-01-10 09:00:00,-3.2,3.7,368.9
2024-01-10 10:00:00,-7.31,-0.09,455.6
2024-01-10 11:00:00,-11.94,-3.25,317.3
2024-01-10 12:00:00,-12.15,-0.41,442.7
2024-01-10 13:00:00,-9.26,2.5,414.6
2024-01-10 14:00:00,-14.69,-1.37,403.6
2024-01-10 15:00:00,-12.89,2.24,394.7
2024-01-10 16:00:00,-14.19,0.35,456.7
2024-01-10 17:00:00,-16.78,1.29,421.2
2024-01-10 18:00:00,-8.57,3.72,372.9
2024-01-10 19:00:00,-12.93,-3.67,348.4
2024-01-10 20:00:00,-20.41,1.79,405.3
2024-01-10 21:00:00,-12.98,-0.19,400.0
2024-01-10 22:00:00,-14.49,-1.9,354.4
2024-01-10 23:00:00,-8.74,-0.2,398.3
2024-01-11 00:00:00,-12.38,3.38,382.8
2024-01-11 01:00:00,-9.05,2.67,400.3
2024-01-11 02:00:00,-5.99,-4.0,421.8
2024-01-11 03:00:00,-3.87,-1.54,444.8
2024-01-11 04:00:00,-9.27,1.89,427.3
2024-01-11 05:00:00,-6.17,-0.04,378.4
2024-01-11 06:00:00,-6.42,-0.04,411.1
2024-01-11 07:00:00,-7.13,-3.14,401.9
2024-01-11 08:00:00,-0.37,-1.49,360.0
2024-01-11 09:00:00,-5.25,-2.72,411.9
2024-01-11 10:00:00,-11.28,-3.31,455.7
2024-01-11 11:00:00,-5.95,-2.52,401.0
2024-01-11 12:00:00,-3.63,-1.86,352.2
2024-01-11 13:00:00,-8.2,-1.52,400.9
2024-01-11 14:00:00,-17.06,-1.68,363.6
2024-01-11 15:00:00,-14.99,2.04,425.9
2024-01-11 16:00:00,-10.53,-1.81,415.7
2024-01-11 17:00:00,-16.95,2.85,394.9
2024-01-11 18:00:00,-13.67,-0.97,390.1
2024-01-11 19:00:00,-12.51,0.88,393.6
2024-01-11 20:00:00,-17.11,0.94,400.2
2024-01-11 21:00:00,-13.71,-1.8,376.8
2024-01-11 22:00:00,-22.22,-0.66,358.4
2024-01-11 23:00:00,-14.37,-1.01,434.2
2024-01-12 00:00:00,-10.76,0.74,388.4
2024-01-12 01:00:00,-12.45,-0.26,405.0
2024-01-12 02:00:00,-2.6,-1.5,408.6
2024-01-12 03:00:00,-10.75,0.24,409.7
2024-01-12 04:00:00,-6.99,0.68,364.8
2024-01-12 05:00:00,-4.78,3.7,349.7
2024-01-12 06:00:00,-0.68,0.14,382.3
2024-01-12 07:00:00,-9.48,0.02,411.9
2024-01-12 08:00:00,-2.18,0.86,378.2
2024-01-12 09:00:00,-6.43,-1.9,389.4
2024-01-12 10:00:00,-10.44,-3.45,463.8
2024-01-12 11:00:00,-7.32,-0.62,344.6
2024-01-12 12:00:00,-9.4,2.14,377.3
2024-01-12 13:00:00,-13.09,2.47,456.9
2024-01-12 14:00:00,-12.29,-3.76,398.7
2024-01-12 15:00:00,-14.69,1.33,378.8
2024-01-12 16:00:00,-13.99,-4.37,435.1
2024-01-12 17:00:00,-12.84,0.92,401.7
2024-01-12 18:00:00,-10.24,0.8,389.6
2024-01-12 19:00:00,-18.54,-3.45,405.8
2024-01-12 20:00:00,-7.93,2.0,380.3
2024-01-12 21:00:00,-19.39,3.49,369.5
2024-01-12 22:00:00,-12.96,-0.12,396.6
2024-01-12 23:00:00,-9.53,0.28,369.7
2024-01-13 00:00:00,-9.16,2.96,400.3
2024-01-13 01:00:00,-10.57,-2.25,410.6
2024-01-13 02:00:00,-8.12,-2.2,425.6
2024-01-13 03:00:00,-7.94,-1.68,433.8
2024-01-13 04:00:00,-7.44,0.07,387.8
2024-01-13 05:00:00,-2.62,0.07,415.0
2024-01-13 06:00:00,-3.93,-1.11,414.8
2024-01-13 07:00:00,-7.25,-0.6,409.8
2024-01-13 08:00:00,-2.97,-1.08,385.6
2024-01-13 09:00:00,-5.54,-0.98,369.2
2024-01-13 10:00:00,-5.06,-1.54,415.1
2024-01-13 11:00:00,-6.82,-1.52,348.8
2024-01-13 12:00:00,-12.49,-4.0,392.0
2024-01-13 13:00:00,-12.97,-0.45,323.4
2024-01-13 14:00:00,-10.26,-3.91,359.9
2024-01-13 15:00:00,-11.7,1.5,373.7
2024-01-13 16:00:00,-14.39,-1.12,432.9
2024-01-13 17:00:00,-14.48,-0.24,420.6
2024-01-13 18:00:00,-11.17,-0.75,383.4
2024-01-13 19:00:00,-16.6,-0.49,421.9
2024-01-13 20:00:00,-12.69,2.53,426.6
2024-01-13 21:00:00,-14.14,-2.7,395.2
2024-01-13 22:00:00,-13.15,-3.25,358.5
2024-01-13 23:00:00,-8.0,0.24,393.8
2024-01-14 00:00:00,-7.52,-0.99,397.1
2024-01-14 01:00:00,-6.27,0.72,363.0
2024-01-14 02:00:00,-3.58,1.43,411.0
2024-01-14 03:00:00,-6.4,-2.21,408.4
2024-01-14 04:00:00,-3.62,1.21,413.4
2024-01-14 05:00:00,-6.1,-2.04,408.4
2024-01-14 06:00:00,-4.03,0.15,421.9
2024-01-14 07:00:00,-5.56,-2.47,394.6
2024-01-14 08:00:00,-5.38,0.26,406.1
2024-01-14 09:00:00,-4.68,-0.04,388.1
2024-01-14 10:00:00,-9.95,-2.21,382.5
2024-01-14 11:00:00,-2.43,-2.72,440.1
2024-01-14 12:00:00,-13.02,1.5,338.7
2024-01-14 13:00:00,-14.94,-0.91,426.3
2024-01-14 14:00:00,-9.03,2.02,381.4
2024-01-14 15:00:00,-11.16,-1.09,377.5
2024-01-14 16:00:00,-12.46,2.6,407.8
2024-01-14 17:00:00,-12.94,-1.9,355.3
2024-01-14 18:00:00,-15.04,2.95,375.5
2024-01-14 19:00:00,-17.52,0.35,374.5
2024-01-14 20:00:00,-14.1,0.8,393.4
2024-01-14 21:00:00,-15.57,-2.01,375.9
2024-01-14 22:00:00,-9.57,1.46,448.0
2024-01-14 23:00:00,-11.74,1.53,453.9
2024-01-15 00:00:00,-12.48,-0.65,339.3
2024-01-15 01:00:00,-9.67,-4.27,416.3
2024-01-15 02:00:00,-6.26,-2.23,425.8
2024-01-15 03:00:00,-8.16,-2.23,416.3
2024-01-15 04:00:00,-8.14,0.9,380.3
2024-01-15 05:00:00,-4.44,-0.93,392.7
2024-01-15 06:00:00,-4.27,-0.89,377.6
2024-01-15 07:00:00,-6.69,-1.13,387.4
2024-01-15 08:00:00,-7.08,2.94,363.7
2024-01-15 09:00:00,-5.77,0.09,396.6
2024-01-15 10:00:00,-11.84,0.4,354.9
2024-01-15 11:00:00,-12.93,-1.24,394.0
2024-01-15 12:00:00,-12.16,-0.06,362.5
2024-01-15 13:00:00,-11.93,-1.95,406.2
2024-01-15 14:00:00,-11.57,0.69,379.6
2024-01-15 15:00:00,-9.11,-2.29,408.7
2024-01-15 16:00:00,-11.76,1.49,432.4
2024-01-15 17:00:00,-15.31,-1.47,447.7
2024-01-15 18:00:00,-15.06,1.9,324.2
2024-01-15 19:00:00,-17.84,3.81,375.0
2024-01-15 20:00:00,-14.39,0.0,390.9
2024-01-15 21:00:00,-14.4,2.62,413.8
2024-01-15 22:00:00,-11.53,1.5,350.5
2024-01-15 23:00:00,-13.78,-2.87,370.5
2024-01-16 00:00:00,-8.44,0.22,403.9
2024-01-16 01:00:00,-4.11,1.0,402.5
2024-01-16 02:00:00,-7.83,1.2,411.3
2024-01-16 03:00:00,-5.26,0.36,413.3
2024-01-16 04:00:00,-3.6,0.33,410.2
2024-01-16 05:00:00,-6.37,0.01,405.8
2024-01-16 06:00:00,-4.33,0.27,401.7
2024-01-16 07:00:00,-5.13,-2.45,419.9
2024-01-16 08:00:00,-5.38,-0.47,332.8
2024-01-16 09:00:00,-8.78,-2.91,446.3
2024-01-16 10:00:00,-7.43,-1.0,333.9
2024-01-16 11:00:00,-7.21,-1.18,367.6
2024-01-16 12:00:00,-5.65,-1.31,393.2
2024-01-16 13:00:00,-8.42,-2.1,420.2
2024-01-16 14:00:00,-6.04,0.54,310.1
2024-01-16 15:00:00,-15.84,-0.64,399.2
2024-01-16 16:00:00,-11.71,-0.84,423.8
2024-01-16 17:00:00,-14.28,-2.82,429.8
2024-01-16 18:00:00,-8.43,-0.6,379.1
2024-01-16 19:00:00,-17.25,2.29,391.0
2024-01-16 20:00:00,-16.85,2.32,381.5
2024-01-16 21:00:00,-15.33,0.75,388.2
2024-01-16 22:00:00,-18.87,-0.59,369.0
2024-01-16 23:00:00,-12.87,1.12,373.3
2024-01-17 00:00:00,-12.28,-1.33,413.0
2024-01-17 01:00:00,-8.25,-0.6,403.9
2024-01-17 02:00:00,-6.47,-1.49,414.7
2024-01-17 03:00:00,-0.84,1.82,406.4
2024-01-17 04:00:00,-2.82,1.56,421.1
2024-01-17 05:00:00,-6.9,-0.07,426.3
2024-01-17 06:00:00,-7.7,3.46,347.7
2024-01-17 07:00:00,-3.69,0.83,374.4
2024-01-17 08:00:00,-9.63,0.71,393.1
2024-01-17 09:00:00,-0.97,0.5,399.3
2024-01-17 10:00:00,-3.96,-2.52,379.9
2024-01-17 11:00:00,-10.11,-1.79,427.4
2024-01-17 12:00:00,-15.14,-0.11,459.4
2024-01-17 13:00:00,-7.23,-0.09,405.6
2024-01-17 14:00:00,-12.84,1.18,402.5
2024-01-17 15:00:00,-9.82,-1.34,425.5
2024-01-17 16:00:00,-19.11,0.14,344.0
2024-01-17 17:00:00,-16.63,0.18,400.9
2024-01-17 18:00:00,-14.98,0.26,429.4
2024-01-17 19:00:00,-14.69,0.03,380.7
2024-01-17 20:00:00,-15.68,-2.81,363.2
2024-01-17 21:00:00,-11.67,-4.52,394.4
2024-01-17 22:00:00,-15.7,-1.88,398.2
2024-01-17 23:00:00,-11.72,-1.06,372.7
2024-01-18 00:00:00,-9.64,-2.36,462.9
2024-01-18 01:00:00,-7.16,-0.11,385.6
2024-01-18 02:00:00,-5.37,2.18,365.4
2024-01-18 03:00:00,-9.84,1.45,397.2
2024-01-18 04:00:00,-10.27,0.93,427.2
2024-01-18 05:00:00,-1.34,1.97,400.5
2024-01-18 06:00:00,-4.0,-1.85,414.6
2024-01-18 07:00:00,-7.42,-0.91,373.9
2024-01-18 08:00:00,-1.02,1.23,444.6
2024-01-18 09:00:00,-6.12,-0.95,416.9
2024-01-18 10:00:00,-3.96,-0.84,431.4
2024-01-18 11:00:00,-8.5,3.72,411.0
2024-01-18 12:00:00,-3.82,0.19,424.7
2024-01-18 13:00:00,-6.03,3.53,373.8
2024-01-18 14:00:00,-13.25,-3.65,385.3
2024-01-18 15:00:00,-10.62,-1.26,440.4
2024-01-18 16:00:00,-12.39,0.82,446.8
2024-01-18 17:00:00,-10.72,0.19,365.6
2024-01-18 18:00:00,-17.89,-4.11,407.5
2024-01-18 19:00:00,-12.77,-0.46,387.1
2024-01-18 20:00:00,-11.15,4.95,379.1
2024-01-18 21:00:00,-18.81,0.49,408.5
2024-01-18 22:00:00,-16.05,1.21,434.2
2024-01-18 23:00:00,-17.41,-1.29,413.5
2024-01-19 00:00:00,-10.81,0.49,390.4
2024-01-19 01:00:00,-6.55,-0.02,415.4
2024-01-19 02:00:00,-2.99,2.24,389.2
2024-01-19 03:00:00,-6.24,2.17,412.4
2024-01-19 04:00:00,-0.78,0.82,441.9
2024-01-19 05:00:00,-9.31,0.14,337.7
2024-01-19 06:00:00,-10.11,-3.36,423.9
2024-01-19 07:00:00,-5.34,-3.43,353.8
2024-01-19 08:00:00,-4.52,0.16,436.8
2024-01-19 09:00:00,-6.56,1.75,380.9
2024-01-19 10:00:00,-13.7,2.66,363.5
2024-01-19 11:00:00,-8.97,-1.78,420.9
2024-01-19 12:00:00,-13.91,-3.02,410.9
2024-01-19 13:00:00,-9.29,1.87,370.0
2024-01-19 14:00:00,-11.4,-1.63,362.4
2024-01-19 15:00:00,-16.36,-3.15,394.4
2024-01-19 16:00:00,-15.87,-0.99,363.9
2024-01-19 17:00:00,-18.01,-1.02,368.2
2024-01-19 18:00:00,-15.19,2.64,403.5
2024-01-19 19:00:00,-11.96,1.73,371.0
2024-01-19 20:00:00,-17.29,-1.47,412.8
2024-01-19 21:00:00,-12.02,2.8,444.7
2024-01-19 22:00:00,-14.09,0.25,395.5
2024-01-19 23:00:00,-13.67,2.12,403.9
2024-01-20 00:00:00,-10.32,2.65,460.5
2024-01-20 01:00:00,-11.81,-0.53,364.4
2024-01-20 02:00:00,-9.16,1.14,435.7
2024-01-20 03:00:00,-10.06,-0.81,432.1
2024-01-20 04:00:00,0.22,1.86,425.6
2024-01-20 05:00:00,-5.06,0.18,438.8
2024-01-20 06:00:00,-7.1,1.92,408.4
2024-01-20 07:00:00,-4.53,3.05,382.5
2024-01-20 08:00:00,-6.01,1.09,432.8
2024-01-20 09:00:00,-7.13,-0.19,434.0
2024-01-20 10:00:00,-5.66,-0.15,433.2
2024-01-20 11:00:00,-6.43,-5.91,401.3
2024-01-20 12:00:00,-11.59,-1.43,378.5
2024-01-20 13:00:00,-13.02,1.87,405.7
2024-01-20 14:00:00,-13.33,1.94,428.3
2024-01-20 15:00:00,-20.44,-1.47,430.7
2024-01-20 16:00:00,-18.88,0.33,387.1
2024-01-20 17:00:00,-10.73,-0.38,409.5
2024-01-20 18:00:00,-10.07,1.38,360.7
2024-01-20 19:00:00,-15.58,4.42,429.5
2024-01-20 20:00:00,-12.6,1.42,376.5
2024-01-20 21:00:00,-12.6,-1.34,423.6
2024-01-20 22:00:00,-3.26,-0.16,365.5
2024-01-20 23:00:00,-7.94,2.8,430.9
2024-01-21 00:00:00,-10.38,-2.82,409.7
2024-01-21 01:00:00,-11.57,-1.23,376.6
2024-01-21 02:00:00,-12.32,1.42,420.7
2024-01-21 03:00:00,-5.85,2.59,382.3
2024-01-21 04:00:00,-7.94,1.22,422.5
2024-01-21 05:00:00,-9.44,-1.21,391.8
2024-01-21 06:00:00,-6.94,1.07,348.4
2024-01-21 07:00:00,-8.42,0.83,370.5
2024-01-21 08:00:00,-0.61,0.7,387.1
2024-01-21 09:00:00,-3.82,-0.19,441.0
2024-01-21 10:00:00,-7.52,0.11,427.0
2024-01-21 11:00:00,-4.27,-1.81,448.7
2024-01-21 12:00:00,-9.77,4.96,449.6
2024-01-21 13:00:00,-13.88,0.31,384.0
2024-01-21 14:00:00,-7.93,1.1,394.3
2024-01-21 15:00:00,-11.92,-0.44,387.7
2024-01-21 16:00:00,-17.44,1.69,379.9
2024-01-21 17:00:00,-15.4,-2.6,344.8
2024-01-21 18:00:00,-17.63,-3.49,399.6
2024-01-21 19:00:00,-18.98,-0.06,361.4
2024-01-21 20:00:00,-11.55,4.11,399.0
2024-01-21 21:00:00,-7.81,2.42,463.5
2024-01-21 22:00:00,-16.7,-1.62,384.7
2024-01-21 23:00:00,-9.61,1.03,405.8
2024-01-22 00:00:00,-11.95,-1.27,427.2
2024-01-22 01:00:00,-10.17,0.85,408.4
2024-01-22 02:00:00,-9.28,1.01,408.8
2024-01-22 03:00:00,-9.06,1.85,389.1
2024-01-22 04:00:00,-5.52,-3.13,393.0
2024-01-22 05:00:00,-7.66,-2.53,371.2
2024-01-22 06:00:00,-4.19,-0.15,425.4
2024-01-22 07:00:00,-5.32,-2.06,347.8
2024-01-22 08:00:00,-6.39,-2.22,429.1
2024-01-22 09:00:00,-9.19,0.54,357.9
2024-01-22 10:00:00,-9.23,-1.83,428.9
2024-01-22 11:00:00,-6.44,4.52,389.4
2024-01-22 12:00:00,-8.5,-1.07,363.0
2024-01-22 13:00:00,-14.23,-0.54,417.4
2024-01-22 14:00:00,-12.2,0.6,427.9
2024-01-22 15:00:00,-11.28,-3.02,386.9
2024-01-22 16:00:00,-19.34,1.02,421.6
2024-01-22 17:00:00,-13.2,0.68,331.4
2024-01-22 18:00:00,-16.99,-0.7,360.4
2024-01-22 19:00:00,-13.12,0.55,438.8
2024-01-22 20:00:00,-16.62,0.86,393.3
2024-01-22 21:00:00,-18.95,2.87,344.1
2024-01-22 22:00:00,-17.38,5.0,379.0
2024-01-22 23:00:00,-11.15,-2.12,372.3
2024-01-23 00:00:00,-9.22,-2.59,395.0
2024-01-23 01:00:00,-11.42,0.21,388.9
2024-01-23 02:00:00,-5.58,-4.16,405.4
2024-01-23 03:00:00,-11.45,1.3,397.9
2024-01-23 04:00:00,-5.87,0.23,440.8
2024-01-23 05:00:00,-8.8,0.73,412.7
2024-01-23 06:00:00,-6.96,-0.61,413.7
2024-01-23 07:00:00,-5.03,0.51,435.0
2024-01-23 08:00:00,-8.25,0.94,388.3
2024-01-23 09:00:00,-7.62,0.4,362.1
2024-01-23 10:00:00,-4.48,-2.69,436.2
2024-01-23 11:00:00,-10.44,0.34,404.1
2024-01-23 12:00:00,-7.49,3.71,404.2
2024-01-23 13:00:00,-14.68,0.48,381.0
2024-01-23 14:00:00,-10.91,0.27,381.5
2024-01-23 15:00:00,-9.21,3.12,425.4
2024-01-23 16:00:00,-21.75,-1.49,429.5
2024-01-23 17:00:00,-17.22,1.78,423.5
2024-01-23 18:00:00,-13.27,-1.06,423.8
2024-01-23 19:00:00,-15.44,2.17,417.1
2024-01-23 20:00:00,-13.22,1.6,403.9
2024-01-23 21:00:00,-15.35,-0.82,394.7
2024-01-23 22:00:00,-12.24,-0.53,436.3
2024-01-23 23:00:00,-11.76,1.96,388.8
2024-01-24 00:00:00,-6.5,-3.71,411.1
2024-01-24 01:00:00,-7.94,-0.88,375.9
2024-01-24 02:00:00,-6.49,1.24,380.2
2024-01-24 03:00:00,-7.7,-0.62,392.9
2024-01-24 04:00:00,-7.13,0.27,375.9
2024-01-24 05:00:00,-6.47,-4.08,423.9
2024-01-24 06:00:00,-3.82,-1.71,359.6
2024-01-24 07:00:00,-6.43,1.36,403.0
2024-01-24 08:00:00,-4.8,-1.5,404.0
2024-01-24 09:00:00,-0.24,-2.6,345.7
2024-01-24 10:00:00,-4.89,2.12,386.8
2024-01-24 11:00:00,-9.68,1.03,407.7
2024-01-24 12:00:00,-6.4,-2.18,412.9
2024-01-24 13:00:00,-12.52,0.28,393.9
2024-01-24 14:00:00,-18.61,-2.11,420.3
2024-01-24 15:00:00,-16.56,-0.3,396.7
2024-01-24 16:00:00,-19.94,0.35,400.4
2024-01-24 17:00:00,-15.88,-1.62,407.5
2024-01-24 18:00:00,-14.94,1.48,427.8
2024-01-24 19:00:00,-9.8,1.79,379.7
2024-01-24 20:00:00,-13.35,0.53,385.4
2024-01-24 21:00:00,-14.19,0.83,379.9
2024-01-24 22:00:00,-10.01,-2.91,390.0
2024-01-24 23:00:00,-17.93,2.72,442.8
2024-01-25 00:00:00,-9.29,-0.18,417.2
2024-01-25 01:00:00,-6.39,-1.87,366.1
2024-01-25 02:00:00,-11.94,0.29,382.0
2024-01-25 03:00:00,-3.03,1.49,411.2
2024-01-25 04:00:00,-4.65,1.02,372.8
2024-01-25 05:00:00,-6.42,-2.17,378.2
2024-01-25 06:00:00,-3.1,1.52,440.3
2024-01-25 07:00:00,1.64,-0.12,381.6
2024-01-25 08:00:00,-5.12,1.0,428.6
2024-01-25 09:00:00,-5.72,-1.6,437.7
2024-01-25 10:00:00,-8.88,2.09,378.0
2024-01-25 11:00:00,-11.26,0.37,373.3
2024-01-25 12:00:00,-7.51,2.38,391.7
2024-01-25 13:00:00,-13.86,-3.07,367.3
2024-01-25 14:00:00,-12.29,-2.8,403.6
2024-01-25 15:00:00,-14.97,-0.48,393.8
2024-01-25 16:00:00,-12.89,2.94,410.8
2024-01-25 17:00:00,-13.83,3.93,441.9
2024-01-25 18:00:00,-11.89,-1.78,424.5
2024-01-25 19:00:00,-16.36,0.11,414.7
2024-01-25 20:00:00,-15.14,0.31,341.0
2024-01-25 21:00:00,-16.47,1.44,413.3
2024-01-25 22:00:00,-13.83,1.77,451.7
2024-01-25 23:00:00,-10.16,-2.23,309.7
2024-01-26 00:00:00,-7.73,0.13,420.7
2024-01-26 01:00:00,-11.47,-4.02,395.2
2024-01-26 02:00:00,-4.89,1.62,374.5
2024-01-26 03:00:00,-2.4,-0.68,424.0
2024-01-26 04:00:00,-4.43,-2.41,451.3
2024-01-26 05:00:00,0.46,0.67,423.3
2024-01-26 06:00:00,-7.32,-0.74,388.9
2024-01-26 07:00:00,-8.9,2.52,371.7
2024-01-26 08:00:00,-11.01,-1.79,404.3
2024-01-26 09:00:00,-1.98,4.45,426.2
2024-01-26 10:00:00,-5.54,1.71,388.4
2024-01-26 11:00:00,-8.87,2.58,391.3
2024-01-26 12:00:00,-9.16,-2.06,484.7
2024-01-26 13:00:00,-14.67,3.58,432.4
2024-01-26 14:00:00,-5.16,-2.43,434.5
2024-01-26 15:00:00,-13.15,-0.42,356.2
2024-01-26 16:00:00,-14.0,2.61,378.8
2024-01-26 17:00:00,-12.65,1.01,402.2
2024-01-26 18:00:00,-13.56,-2.48,370.0
2024-01-26 19:00:00,-14.16,2.27,448.0
2024-01-26 20:00:00,-16.7,0.68,442.3
2024-01-26 21:00:00,-12.12,-0.83,384.0
2024-01-26 22:00:00,-6.85,-3.08,453.5
2024-01-26 23:00:00,-7.26,0.87,399.9
2024-01-27 00:00:00,-5.22,-0.33,477.7
2024-01-27 01:00:00,-10.24,0.31,404.3
2024-01-27 02:00:00,-10.47,-3.17,417.3
2024-01-27 03:00:00,-6.84,-0.84,442.0
2024-01-27 04:00:00,-5.5,0.96,438.3
2024-01-27 05:00:00,-1.89,3.75,415.3
2024-01-27 06:00:00,-10.08,-0.41,395.8
2024-01-27 07:00:00,-0.58,2.89,415.4
2024-01-27 08:00:00,-6.14,1.57,375.5
2024-01-27 09:00:00,-7.75,0.47,404.6
2024-01-27 10:00:00,-10.54,-2.02,366.7
2024-01-27 11:00:00,-13.67,-1.94,346.6
2024-01-27 12:00:00,-7.53,1.24,401.5
2024-01-27 13:00:00,-11.07,-1.05,437.9
2024-01-27 14:00:00,-16.37,-1.23,427.8
2024-01-27 15:00:00,-17.42,-0.36,397.5
2024-01-27 16:00:00,-15.34,-0.33,452.4
2024-01-27 17:00:00,-9.82,1.8,382.9
2024-01-27 18:00:00,-15.78,-1.01,342.5
2024-01-27 19:00:00,-19.34,1.6,334.5
2024-01-27 20:00:00,-15.07,0.88,364.6
2024-01-27 21:00:00,-14.35,-3.35,424.5
2024-01-27 22:00:00,-20.59,0.59,381.0
2024-01-27 23:00:00,-11.46,-5.34,413.8
2024-01-28 00:00:00,-10.69,-1.79,449.4
2024-01-28 01:00:00,-6.62,0.93,367.0
2024-01-28 02:00:00,-1.95,-0.02,414.4
2024-01-28 03:00:00,-3.08,-3.54,416.2
2024-01-28 04:00:00,-6.48,-2.24,374.2
2024-01-28 05:00:00,-8.49,-5.22,440.6
2024-01-28 06:00:00,2.72,-2.69,391.4
2024-01-28 07:00:00,-4.99,1.16,388.5
2024-01-28 08:00:00,-5.63,-1.11,463.3
2024-01-28 09:00:00,-6.54,0.34,415.7
2024-01-28 10:00:00,-6.91,0.03,427.8
2024-01-28 11:00:00,-9.14,0.07,440.6
2024-01-28 12:00:00,-11.72,2.05,380.5
2024-01-28 13:00:00,-12.93,-0.41,437.5
2024-01-28 14:00:00,-12.6,1.82,384.9
2024-01-28 15:00:00,-15.17,-4.95,383.7
2024-01-28 16:00:00,-16.47,2.22,391.8
2024-01-28 17:00:00,-14.51,-2.58,381.3
2024-01-28 18:00:00,-15.76,-2.15,424.7
2024-01-28 19:00:00,-10.32,-1.41,408.0
2024-01-28 20:00:00,-22.28,2.17,385.3
2024-01-28 21:00:00,-10.26,-1.78,420.2
2024-01-28 22:00:00,-8.76,-1.31,391.7
2024-01-28 23:00:00,-17.51,-1.92,390.2
2024-01-29 00:00:00,-11.03,0.51,401.5
2024-01-29 01:00:00,-9.82,1.49,413.9
2024-01-29 02:00:00,-11.72,3.41,411.7
2024-01-29 03:00:00,-8.8,4.8,389.1
2024-01-29 04:00:00,-9.0,1.3,425.4
2024-01-29 05:00:00,0.09,0.73,393.3
2024-01-29 06:00:00,-2.19,-2.43,380.4
2024-01-29 07:00:00,-1.36,3.82,356.0
2024-01-29 08:00:00,-3.5,0.43,429.5
2024-01-29 09:00:00,-9.85,-0.58,400.4
2024-01-29 10:00:00,-9.07,0.78,406.3
2024-01-29 11:00:00,-7.24,-1.27,431.4
2024-01-29 12:00:00,-13.67,-4.68,385.7
2024-01-29 13:00:00,-9.16,1.14,358.8
2024-01-29 14:00:00,-13.22,2.68,402.1
2024-01-29 15:00:00,-14.66,1.11,409.2
2024-01-29 16:00:00,-12.2,-0.01,392.1
2024-01-29 17:00:00,-13.5,0.03,444.2
2024-01-29 18:00:00,-16.08,0.34,325.4
2024-01-29 19:00:00,-11.35,0.28,433.6
2024-01-29 20:00:00,-17.57,-0.12,423.7
2024-01-29 21:00:00,-11.69,0.05,413.7
2024-01-29 22:00:00,-10.72,3.11,299.9
2024-01-29 23:00:00,-12.22,0.94,438.5
2024-01-30 00:00:00,-9.02,0.21,369.2
2024-01-30 01:00:00,-12.46,1.32,384.8
2024-01-30 02:00:00,-4.73,1.32,394.9
2024-01-30 03:00:00,-7.02,1.89,412.2
2024-01-30 04:00:00,-7.24,-1.51,419.2
2024-01-30 05:00:00,-2.02,-0.96,426.8
2024-01-30 06:00:00,-7.11,-1.63,424.5
2024-01-30 07:00:00,-9.4,1.53,407.6
2024-01-30 08:00:00,-10.34,1.44,412.5
2024-01-30 09:00:00,-4.65,-2.55,367.3
2024-01-30 10:00:00,-11.34,0.78,377.5
2024-01-30 11:00:00,-3.44,2.74,426.9
2024-01-30 12:00:00,-16.25,-0.47,425.1
2024-01-30 13:00:00,-6.2,0.63,421.7
2024-01-30 14:00:00,-11.87,1.46,384.6
2024-01-30 15:00:00,-13.83,-2.64,427.3
2024-01-30 16:00:00,-15.96,0.3,365.2
2024-01-30 17:00:00,-13.63,2.54,432.3
2024-01-30 18:00:00,-15.11,-1.19,392.2
2024-01-30 19:00:00,-11.52,1.66,450.5
2024-01-30 20:00:00,-13.99,0.05,354.4
2024-01-30 21:00:00,-13.08,-1.35,452.9
2024-01-30 22:00:00,-13.59,-0.19,389.2
2024-01-30 23:00:00,-11.46,-1.05,388.6
2024-01-31 00:00:00,-9.08,-1.78,405.8
2024-01-31 01:00:00,-13.84,-0.51,379.1
2024-01-31 02:00:00,-11.54,0.14,397.8
2024-01-31 03:00:00,-4.23,-0.33,377.9
2024-01-31 04:00:00,-5.16,-0.53,379.0
2024-01-31 05:00:00,-5.72,0.45,414.6
2024-01-31 06:00:00,-4.94,1.06,373.0
2024-01-31 07:00:00,-4.13,-2.29,377.0
2024-01-31 08:00:00,-7.29,-0.5,358.8
2024-01-31 09:00:00,-8.8,-3.95,384.9
2024-01-31 10:00:00,-6.91,-0.32,439.3
2024-01-31 11:00:00,-11.64,0.3,374.6
2024-01-31 12:00:00,-8.78,1.14,378.1
2024-01-31 13:00:00,-16.4,0.31,405.8
2024-01-31 14:00:00,-9.41,1.1,388.9
2024-01-31 15:00:00,-12.12,0.13,466.8
2024-01-31 16:00:00,-13.56,-1.35,395.1
2024-01-31 17:00:00,-11.88,-2.23,410.1
2024-01-31 18:00:00,-10.0,-0.53,428.3
2024-01-31 19:00:00,-11.79,-1.53,427.7
2024-01-31 20:00:00,-19.85,-0.24,407.0
2024-01-31 21:00:00,-17.37,-0.98,395.2
2024-01-31 22:00:00,-14.37,0.84,460.7
2024-01-31 23:00:00,-11.22,0.1,397.0
2024-02-01 00:00:00,-8.45,0.89,386.7
2024-02-01 01:00:00,-10.88,0.88,380.6
2024-02-01 02:00:00,-6.94,-0.36,348.2
2024-02-01 03:00:00,-8.73,-0.24,424.6
2024-02-01 04:00:00,-7.5,-15.35,536.7
2024-02-01 05:00:00,-28.1,-11.46,607.0
2024-02-01 06:00:00,-45.18,-18.33,601.0
2024-02-01 07:00:00,-65.34,-16.27,674.4
2024-02-01 08:00:00,-64.72,-2.39,552.2
2024-02-01 09:00:00,-56.59,-0.04,580.1
2024-02-01 10:00:00,-60.95,-1.35,603.1
2024-02-01 11:00:00,-48.86,-0.24,601.2
2024-02-01 12:00:00,-54.15,0.31,590.7
2024-02-01 13:00:00,-54.07,-0.98,604.7
2024-02-01 14:00:00,-56.22,-3.57,569.4
2024-02-01 15:00:00,-50.51,2.85,617.9
2024-02-01 16:00:00,-53.16,1.68,537.5
2024-02-01 17:00:00,-49.7,-0.26,606.4
2024-02-01 18:00:00,-40.78,-1.79,589.1
2024-02-01 19:00:00,-46.89,0.17,637.6
2024-02-01 20:00:00,-41.05,0.72,452.7
2024-02-01 21:00:00,-44.29,1.54,390.1
2024-02-01 22:00:00,-39.81,1.72,441.7
2024-02-01 23:00:00,-31.81,2.1,390.5
2024-02-02 00:00:00,-36.41,-3.48,371.0
2024-02-02 01:00:00,-26.56,-0.61,452.4
2024-02-02 02:00:00,-27.5,1.99,415.6
2024-02-02 03:00:00,-29.16,-1.85,400.1
2024-02-02 04:00:00,-23.72,2.44,420.6
2024-02-02 05:00:00,-21.19,3.62,408.2
2024-02-02 06:00:00,-21.12,2.38,397.9
2024-02-02 07:00:00,-26.96,1.32,360.2
2024-02-02 08:00:00,-24.07,-0.9,391.9
2024-02-02 09:00:00,-22.61,0.56,418.7
2024-02-02 10:00:00,-22.35,-2.69,396.3
2024-02-02 11:00:00,-20.73,-1.56,427.1
2024-02-02 12:00:00,-22.65,-1.42,411.5
2024-02-02 13:00:00,-27.82,0.12,373.7
2024-02-02 14:00:00,-23.25,-0.78,360.4
2024-02-02 15:00:00,-22.99,0.52,395.3
2024-02-02 16:00:00,-23.37,1.76,384.3
2024-02-02 17:00:00,-21.77,-1.42,410.1
2024-02-02 18:00:00,-22.17,0.3,378.5
2024-02-02 19:00:00,-22.63,-0.83,381.5
2024-02-02 20:00:00,-23.26,0.38,431.6
2024-02-02 21:00:00,-26.8,1.37,404.4
2024-02-02 22:00:00,-19.07,1.84,378.9
2024-02-02 23:00:00,-18.14,1.34,400.5
2024-02-03 00:00:00,-16.27,0.83,441.4
2024-02-03 01:00:00,-19.27,-2.84,408.8
2024-02-03 02:00:00,-17.14,-2.16,417.8
2024-02-03 03:00:00,-9.37,-1.65,377.4
2024-02-03 04:00:00,-11.55,0.72,430.8
2024-02-03 05:00:00,-8.6,-2.58,469.5
2024-02-03 06:00:00,-10.11,0.68,376.3
2024-02-03 07:00:00,-10.02,0.53,364.5
2024-02-03 08:00:00,-7.54,-3.87,405.3
2024-02-03 09:00:00,-12.46,-2.18,426.3
2024-02-03 10:00:00,-11.44,2.09,397.3
2024-02-03 11:00:00,-14.11,1.39,368.4
2024-02-03 12:00:00,-15.11,-1.7,396.7
2024-02-03 13:00:00,-15.84,-2.07,417.9
2024-02-03 14:00:00,-15.27,-4.9,387.8
2024-02-03 15:00:00,-18.23,2.94,418.2
2024-02-03 16:00:00,-13.66,0.08,434.9
2024-02-03 17:00:00,-20.46,3.77,407.2
2024-02-03 18:00:00,-18.35,-0.38,399.2
2024-02-03 19:00:00,-16.15,0.57,424.9
2024-02-03 20:00:00,-9.99,1.78,374.3
2024-02-03 21:00:00,-12.95,3.28,371.4
2024-02-03 22:00:00,-9.4,1.0,392.0
2024-02-03 23:00:00,-15.75,0.0,385.2
2024-02-04 00:00:00,-9.2,0.06,375.9
2024-02-04 01:00:00,-6.04,-2.09,454.9
2024-02-04 02:00:00,-7.25,-0.76,465.2
2024-02-04 03:00:00,-3.27,0.1,389.4
2024-02-04 04:00:00,-7.22,2.76,402.8
2024-02-04 05:00:00,-0.94,-0.86,394.4
2024-02-04 06:00:00,1.9,2.13,433.2
2024-02-04 07:00:00,-6.26,-0.16,439.2
2024-02-04 08:00:00,-7.01,2.49,346.7
2024-02-04 09:00:00,-2.1,1.35,414.3
2024-02-04 10:00:00,-2.76,1.22,360.8
2024-02-04 11:00:00,-10.27,1.96,452.7
2024-02-04 12:00:00,-11.26,1.67,413.2
2024-02-04 13:00:00,-12.14,2.13,375.3
2024-02-04 14:00:00,-16.53,4.26,392.8
2024-02-04 15:00:00,-16.29,3.23,391.3
2024-02-04 16:00:00,-17.34,0.93,415.8
2024-02-04 17:00:00,-17.13,-0.88,431.3
2024-02-04 18:00:00,-15.1,0.73,365.6
2024-02-04 19:00:00,-14.13,-3.85,455.2
2024-02-04 20:00:00,-9.68,1.66,448.2
2024-02-04 21:00:00,-16.53,-2.12,373.7
2024-02-04 22:00:00,-9.55,2.24,402.2
2024-02-04 23:00:00,-11.94,3.96,451.3
2024-02-05 00:00:00,-10.15,-2.9,437.0
2024-02-05 01:00:00,-6.68,-0.1,389.9
2024-02-05 02:00:00,-10.87,-2.13,424.4
2024-02-05 03:00:00,-5.32,-3.46,489.9
2024-02-05 04:00:00,-5.17,-0.21,403.2
2024-02-05 05:00:00,-3.69,1.27,381.0
2024-02-05 06:00:00,-4.13,1.51,405.2
2024-02-05 07:00:00,2.2,0.31,407.4
2024-02-05 08:00:00,-7.58,-3.33,384.3
2024-02-05 09:00:00,-8.06,0.25,413.2
2024-02-05 10:00:00,-9.37,-2.99,362.4
2024-02-05 11:00:00,-10.37,-2.85,380.0
2024-02-05 12:00:00,-11.91,-1.99,422.7
2024-02-05 13:00:00,-7.73,2.1,347.4
2024-02-05 14:00:00,-8.24,1.09,427.1
2024-02-05 15:00:00,-15.25,0.65,339.6
2024-02-05 16:00:00,-16.83,-1.73,348.1
2024-02-05 17:00:00,-13.42,-0.78,385.0
2024-02-05 18:00:00,-16.66,-2.74,408.6
2024-02-05 19:00:00,-12.93,2.73,439.8
2024-02-05 20:00:00,-13.72,4.39,401.7
2024-02-05 21:00:00,-18.08,1.11,392.6
2024-02-05 22:00:00,-7.86,1.46,417.4
2024-02-05 23:00:00,-5.91,-0.32,373.9
2024-02-06 00:00:00,-11.84,-3.24,404.2
2024-02-06 01:00:00,-9.87,-1.69,364.0
2024-02-06 02:00:00,-6.64,-0.93,402.5
2024-02-06 03:00:00,-5.46,-0.77,396.1
2024-02-06 04:00:00,-3.69,-1.23,375.9
2024-02-06 05:00:00,0.86,0.1,405.0
2024-02-06 06:00:00,-5.53,-1.7,404.8
2024-02-06 07:00:00,-7.57,4.34,435.3
2024-02-06 08:00:00,-9.81,-2.73,351.8
2024-02-06 09:00:00,-8.66,1.77,397.7
2024-02-06 10:00:00,-7.6,-0.52,377.2
2024-02-06 11:00:00,-3.32,0.93,426.1
2024-02-06 12:00:00,-11.55,1.02,422.6
2024-02-06 13:00:00,-10.62,0.31,415.2
2024-02-06 14:00:00,-12.55,-2.27,378.9
2024-02-06 15:00:00,-9.97,-0.66,426.6
2024-02-06 16:00:00,-6.75,0.34,354.1
2024-02-06 17:00:00,-16.42,0.21,347.9
2024-02-06 18:00:00,-16.47,-2.05,361.7
2024-02-06 19:00:00,-11.7,2.58,399.0
2024-02-06 20:00:00,-12.28,-4.99,420.3
2024-02-06 21:00:00,-8.0,-0.5,310.7
2024-02-06 22:00:00,-10.75,-1.84,439.7
2024-02-06 23:00:00,-12.37,0.36,403.9
2024-02-07 00:00:00,-8.23,2.03,353.0
2024-02-07 01:00:00,-5.38,-2.81,403.0
2024-02-07 02:00:00,-5.04,4.71,432.8
2024-02-07 03:00:00,-4.94,0.4,418.0
2024-02-07 04:00:00,-2.47,0.76,433.0
2024-02-07 05:00:00,-1.66,-2.88,359.0
2024-02-07 06:00:00,-0.85,-0.09,387.6
2024-02-07 07:00:00,-3.22,1.94,372.3
2024-02-07 08:00:00,-6.17,0.42,451.5
2024-02-07 09:00:00,-6.02,0.28,419.2
2024-02-07 10:00:00,-3.88,-0.1,485.4
2024-02-07 11:00:00,-11.16,-2.76,386.0
2024-02-07 12:00:00,-8.89,-2.77,378.3
2024-02-07 13:00:00,-12.47,2.34,395.7
2024-02-07 14:00:00,-12.41,1.76,441.4
2024-02-07 15:00:00,-9.7,2.06,389.0
2024-02-07 16:00:00,-13.76,-1.65,403.7
2024-02-07 17:00:00,-14.69,-0.32,402.9
2024-02-07 18:00:00,-19.08,2.46,401.2
2024-02-07 19:00:00,-12.59,-2.46,380.4
2024-02-07 20:00:00,-12.39,2.26,395.9
2024-02-07 21:00:00,-7.05,-1.17,394.6
2024-02-07 22:00:00,-13.42,-1.71,399.8
2024-02-07 23:00:00,-10.64,-0.06,428.3
2024-02-08 00:00:00,-9.25,-2.23,452.8
2024-02-08 01:00:00,-3.97,-3.79,374.8
2024-02-08 02:00:00,-7.79,0.15,388.2
2024-02-08 03:00:00,-5.63,1.07,375.2
2024-02-08 04:00:00,-3.85,2.43,405.6
2024-02-08 05:00:00,-4.61,1.21,383.8
2024-02-08 06:00:00,-6.34,3.93,407.2
2024-02-08 07:00:00,-4.59,2.72,433.1
2024-02-08 08:00:00,-2.45,1.48,324.2
2024-02-08 09:00:00,-9.54,0.94,414.8
2024-02-08 10:00:00,-7.1,2.46,386.2
2024-02-08 11:00:00,-10.81,-4.43,413.8
2024-02-08 12:00:00,-6.41,-0.96,373.1
2024-02-08 13:00:00,-15.86,-3.72,435.9
2024-02-08 14:00:00,-14.18,1.33,427.4
2024-02-08 15:00:00,-12.4,-1.49,417.1
2024-02-08 16:00:00,-9.63,6.04,423.8
2024-02-08 17:00:00,-15.03,-1.04,377.6
2024-02-08 18:00:00,-16.67,0.21,381.4
2024-02-08 19:00:00,-9.19,-0.8,422.6
2024-02-08 20:00:00,-18.67,-0.98,377.0
2024-02-08 21:00:00,-20.13,-2.49,443.4
2024-02-08 22:00:00,-11.18,-2.56,390.3
2024-02-08 23:00:00,-12.8,-4.36,415.1
2024-02-09 00:00:00,-13.06,1.09,463.0
2024-02-09 01:00:00,-6.58,-0.85,378.8
2024-02-09 02:00:00,-6.77,3.87,402.1
2024-02-09 03:00:00,-8.16,-2.49,431.6
2024-02-09 04:00:00,-9.51,2.95,428.5
2024-02-09 05:00:00,-2.55,3.14,390.2
2024-02-09 06:00:00,-3.05,2.55,384.5
2024-02-09 07:00:00,-5.47,0.47,393.0
2024-02-09 08:00:00,-0.13,-0.68,443.4
2024-02-09 09:00:00,-9.67,2.55,391.6
2024-02-09 10:00:00,-12.08,-1.58,402.3
2024-02-09 11:00:00,-10.78,0.54,387.2
2024-02-09 12:00:00,-10.14,-0.09,421.2
2024-02-09 13:00:00,-10.56,-1.78,404.7
2024-02-09 14:00:00,-13.22,0.56,369.9
2024-02-09 15:00:00,-12.48,1.48,370.9
2024-02-09 16:00:00,-18.08,-1.86,340.0
2024-02-09 17:00:00,-10.5,0.92,375.1
2024-02-09 18:00:00,-15.25,-4.46,423.8
2024-02-09 19:00:00,-11.48,-2.1,439.7
2024-02-09 20:00:00,-13.3,-0.91,420.6
2024-02-09 21:00:00,-12.17,0.71,416.6
2024-02-09 22:00:00,-10.79,1.74,396.2
2024-02-09 23:00:00,-9.95,0.17,423.2
2024-02-10 00:00:00,-8.07,1.13,408.6
2024-02-10 01:00:00,-4.72,-0.32,454.1
2024-02-10 02:00:00,-6.91,0.81,397.0
2024-02-10 03:00:00,-4.34,0.7,440.3
2024-02-10 04:00:00,-5.94,-1.02,426.2
2024-02-10 05:00:00,-0.85,-0.71,422.1
2024-02-10 06:00:00,-7.03,1.2,339.7
2024-02-10 07:00:00,0.23,3.62,427.9
2024-02-10 08:00:00,-5.79,2.41,396.2
2024-02-10 09:00:00,-10.76,-2.26,386.7
2024-02-10 10:00:00,-7.12,-2.25,355.5
2024-02-10 11:00:00,-10.75,-1.07,399.8
2024-02-10 12:00:00,-7.48,0.2,401.0
2024-02-10 13:00:00,-13.25,0.1,360.9
2024-02-10 14:00:00,-13.84,2.48,355.8
2024-02-10 15:00:00,-19.2,2.59,414.6
2024-02-10 16:00:00,-15.69,0.01,426.2
2024-02-10 17:00:00,-22.1,-0.46,405.7
2024-02-10 18:00:00,-19.75,1.03,434.5
2024-02-10 19:00:00,-12.55,2.13,397.4
2024-02-10 20:00:00,-11.97,1.1,398.4
2024-02-10 21:00:00,-12.26,-0.86,372.5
2024-02-10 22:00:00,-15.4,-1.22,353.2
2024-02-10 23:00:00,-11.44,-2.22,455.6
2024-02-11 00:00:00,-10.01,0.39,433.9
2024-02-11 01:00:00,-12.18,1.25,358.2
2024-02-11 02:00:00,-2.99,1.47,404.7
2024-02-11 03:00:00,-3.83,2.3,397.0
2024-02-11 04:00:00,-6.33,2.96,391.8
2024-02-11 05:00:00,-5.09,-2.75,387.7
2024-02-11 06:00:00,-4.37,0.81,411.4
2024-02-11 07:00:00,-11.3,0.88,424.5
2024-02-11 08:00:00,-6.41,-0.15,412.1
2024-02-11 09:00:00,-8.51,-1.66,396.4
2024-02-11 10:00:00,-10.5,2.89,395.3
2024-02-11 11:00:00,-9.55,-1.18,428.1
2024-02-11 12:00:00,-4.61,-4.39,413.9
2024-02-11 13:00:00,-9.37,0.04,402.2
2024-02-11 14:00:00,-14.21,-0.48,398.9
2024-02-11 15:00:00,-11.82,3.72,410.4
2024-02-11 16:00:00,-10.13,0.98,385.9
2024-02-11 17:00:00,-12.06,-0.61,424.6
2024-02-11 18:00:00,-14.82,-0.39,367.7
2024-02-11 19:00:00,-16.77,-0.42,387.7
2024-02-11 20:00:00,-12.24,4.43,418.3
2024-02-11 21:00:00,-12.36,1.35,366.0
2024-02-11 22:00:00,-9.81,-2.81,352.8
2024-02-11 23:00:00,-9.39,-0.49,401.9
2024-02-12 00:00:00,-6.85,-0.05,349.1
2024-02-12 01:00:00,-10.31,-2.22,361.0
2024-02-12 02:00:00,-3.55,-3.57,422.7
2024-02-12 03:00:00,-5.87,1.19,393.9
2024-02-12 04:00:00,0.56,-1.61,438.6
2024-02-12 05:00:00,-7.24,2.5,363.9
2024-02-12 06:00:00,0.21,0.02,397.2
2024-02-12 07:00:00,-4.58,-0.95,412.0
2024-02-12 08:00:00,-7.62,-4.83,364.9
2024-02-12 09:00:00,-7.92,2.44,431.0
2024-02-12 10:00:00,-8.46,0.59,415.3
2024-02-12 11:00:00,-7.43,-0.9,351.7
2024-02-12 12:00:00,-8.43,-1.78,398.9
2024-02-12 13:00:00,-13.02,3.2,411.6
2024-02-12 14:00:00,-12.57,-2.13,382.3
2024-02-12 15:00:00,-7.11,-0.74,355.6
2024-02-12 16:00:00,-9.15,1.14,408.4
2024-02-12 17:00:00,-13.52,2.9,466.3
2024-02-12 18:00:00,-14.89,-0.43,388.4
2024-02-12 19:00:00,-14.47,-1.47,447.1
2024-02-12 20:00:00,-12.49,-0.21,377.4
2024-02-12 21:00:00,-16.6,1.81,406.5
2024-02-12 22:00:00,-13.27,2.26,423.1
2024-02-12 23:00:00,-16.3,-2.75,399.7
2024-02-13 00:00:00,-8.8,0.23,391.1
2024-02-13 01:00:00,-6.76,-2.87,421.8
2024-02-13 02:00:00,-8.95,1.77,456.7
2024-02-13 03:00:00,-1.74,0.84,409.0
2024-02-13 04:00:00,-9.35,-1.84,384.5
2024-02-13 05:00:00,-9.56,3.07,394.3
2024-02-13 06:00:00,-4.33,0.67,475.6
2024-02-13 07:00:00,-2.03,0.45,404.0
2024-02-13 08:00:00,-0.62,-0.36,382.2
2024-02-13 09:00:00,-7.84,-0.02,365.6
2024-02-13 10:00:00,-4.26,-0.76,345.2
2024-02-13 11:00:00,-8.82,-1.48,410.9
2024-02-13 12:00:00,-10.52,2.46,419.6
2024-02-13 13:00:00,-8.64,-0.99,388.1
2024-02-13 14:00:00,-10.54,-1.05,399.6
2024-02-13 15:00:00,-18.26,-0.26,364.9
2024-02-13 16:00:00,-9.9,2.85,404.0
2024-02-13 17:00:00,-10.69,2.26,414.4
2024-02-13 18:00:00,-16.88,-0.79,383.9
2024-02-13 19:00:00,-13.64,2.45,450.7
2024-02-13 20:00:00,-12.85,0.22,374.9
2024-02-13 21:00:00,-12.75,-1.69,408.5
2024-02-13 22:00:00,-14.15,-0.95,425.4
2024-02-13 23:00:00,-13.31,2.75,397.7
2024-02-14 00:00:00,-10.08,4.17,394.3
2024-02-14 01:00:00,-5.19,0.64,357.1
2024-02-14 02:00:00,-5.87,-1.13,440.7
2024-02-14 03:00:00,-7.58,-0.25,394.9
2024-02-14 04:00:00,-3.35,-1.52,416.1
2024-02-14 05:00:00,-13.72,-1.23,420.2
2024-02-14 06:00:00,-1.55,-1.43,381.2
2024-02-14 07:00:00,-10.39,-0.16,394.1
2024-02-14 08:00:00,-6.76,0.24,440.0
2024-02-14 09:00:00,-9.82,-0.3,366.5
2024-02-14 10:00:00,-11.38,-0.44,463.8
2024-02-14 11:00:00,-5.22,1.52,377.7
2024-02-14 12:00:00,-11.4,-0.46,364.6
2024-02-14 13:00:00,-10.25,-0.33,404.0
2024-02-14 14:00:00,-12.64,-0.35,466.3
2024-02-14 15:00:00,-12.1,3.09,342.7
2024-02-14 16:00:00,-14.1,-0.98,395.8
2024-02-14 17:00:00,-18.68,1.19,414.3
2024-02-14 18:00:00,-12.01,-1.5,401.0
2024-02-14 19:00:00,-16.31,0.7,411.5
2024-02-14 20:00:00,-19.0,1.09,378.5
2024-02-14 21:00:00,-14.82,2.17,382.0
2024-02-14 22:00:00,-8.0,-0.77,395.5
2024-02-14 23:00:00,-8.74,-2.23,366.1
2024-02-15 00:00:00,-11.05,-1.57,398.7
2024-02-15 01:00:00,-9.75,1.93,388.3
2024-02-15 02:00:00,-8.46,4.16,385.9
2024-02-15 03:00:00,-0.23,1.67,409.6
2024-02-15 04:00:00,-4.52,-2.52,345.4
2024-02-15 05:00:00,-3.88,1.6,393.1
2024-02-15 06:00:00,-1.91,-1.89,469.5
2024-02-15 07:00:00,-4.45,-0.7,367.4
2024-02-15 08:00:00,-6.45,0.37,438.6
2024-02-15 09:00:00,-7.05,0.71,401.6
2024-02-15 10:00:00,-7.71,0.13,381.9
2024-02-15 11:00:00,-8.82,-1.2,360.4
2024-02-15 12:00:00,-7.82,2.12,404.2
2024-02-15 13:00:00,-11.14,-1.06,443.6
2024-02-15 14:00:00,-10.3,2.51,388.3
2024-02-15 15:00:00,-13.78,-2.72,397.6
2024-02-15 16:00:00,-14.09,0.43,430.3
2024-02-15 17:00:00,-20.82,-2.45,410.2
2024-02-15 18:00:00,-12.25,-1.67,352.8
2024-02-15 19:00:00,-13.79,-1.03,403.0
2024-02-15 20:00:00,-11.34,3.04,445.4
2024-02-15 21:00:00,-22.22,2.62,398.9
2024-02-15 22:00:00,-6.23,1.75,317.8
2024-02-15 23:00:00,-11.71,0.07,411.6
2024-02-16 00:00:00,-6.68,0.38,394.0
2024-02-16 01:00:00,-11.83,2.53,345.1
2024-02-16 02:00:00,-5.66,1.4,349.6
2024-02-16 03:00:00,-9.62,0.04,429.3
2024-02-16 04:00:00,-7.54,2.97,378.0
2024-02-16 05:00:00,0.57,1.63,372.8
2024-02-16 06:00:00,-5.57,0.48,398.9
2024-02-16 07:00:00,-4.52,-0.92,380.7
2024-02-16 08:00:00,-3.06,-1.1,403.0
2024-02-16 09:00:00,-4.98,-0.67,393.9
2024-02-16 10:00:00,-7.05,0.91,364.0
2024-02-16 11:00:00,-7.61,1.67,384.7
2024-02-16 12:00:00,-2.79,-2.89,413.3
2024-02-16 13:00:00,-11.47,-3.89,401.3
2024-02-16 14:00:00,-11.9,-1.9,397.5
2024-02-16 15:00:00,-10.38,-0.82,458.1
2024-02-16 16:00:00,-11.01,2.39,421.9
2024-02-16 17:00:00,-11.27,-0.56,425.6
2024-02-16 18:00:00,-13.08,0.51,395.0
2024-02-16 19:00:00,-18.26,0.84,406.6
2024-02-16 20:00:00,-9.43,-2.05,387.1
2024-02-16 21:00:00,-16.97,2.92,423.3
2024-02-16 22:00:00,-11.59,-1.33,396.7
2024-02-16 23:00:00,-13.56,3.12,406.7
2024-02-17 00:00:00,-10.19,-0.25,404.8
2024-02-17 01:00:00,-7.72,-0.68,399.5
2024-02-17 02:00:00,-6.54,-2.22,488.1
2024-02-17 03:00:00,-5.2,0.39,380.0
2024-02-17 04:00:00,-0.83,4.51,379.7
2024-02-17 05:00:00,-3.81,0.83,420.8
2024-02-17 06:00:00,-5.73,0.54,382.1
2024-02-17 07:00:00,-2.28,-1.33,391.3
2024-02-17 08:00:00,-2.1,1.18,367.4
2024-02-17 09:00:00,-10.15,0.32,414.7
2024-02-17 10:00:00,-5.71,-0.13,415.1
2024-02-17 11:00:00,-6.6,0.99,390.5
2024-02-17 12:00:00,-10.89,-3.63,421.4
2024-02-17 13:00:00,-7.17,-0.2,344.3
2024-02-17 14:00:00,-12.95,-2.39,378.8
2024-02-17 15:00:00,-13.16,0.06,394.9
2024-02-17 16:00:00,-14.85,-1.45,364.8
2024-02-17 17:00:00,-14.78,-1.31,347.5
2024-02-17 18:00:00,-18.29,-2.67,390.8
2024-02-17 19:00:00,-19.15,2.23,420.8
2024-02-17 20:00:00,-9.55,-1.36,438.5
2024-02-17 21:00:00,-16.08,-1.25,383.6
2024-02-17 22:00:00,-15.47,3.06,422.0
2024-02-17 23:00:00,-17.75,1.14,419.1
2024-02-18 00:00:00,-11.92,-4.07,436.6
2024-02-18 01:00:00,-12.68,2.77,389.5
2024-02-18 02:00:00,-2.57,3.3,346.0
2024-02-18 03:00:00,-3.44,3.11,402.1
2024-02-18 04:00:00,-7.73,1.34,369.6
2024-02-18 05:00:00,1.59,-2.2,378.3
2024-02-18 06:00:00,-2.05,-0.1,391.0
2024-02-18 07:00:00,-6.14,-2.9,389.8
2024-02-18 08:00:00,-13.17,-1.73,404.2
2024-02-18 09:00:00,0.41,-2.22,421.1
2024-02-18 10:00:00,-11.67,-1.25,389.0
2024-02-18 11:00:00,-13.64,0.33,411.9
2024-02-18 12:00:00,-6.93,-0.89,400.4
2024-02-18 13:00:00,-3.97,-0.98,428.1
2024-02-18 14:00:00,-8.35,-0.58,394.3
2024-02-18 15:00:00,-11.84,3.0,397.6
2024-02-18 16:00:00,-12.55,4.33,388.8
2024-02-18 17:00:00,-12.27,-0.9,395.1
2024-02-18 18:00:00,-12.72,0.67,376.5
2024-02-18 19:00:00,-13.99,-1.68,373.5
2024-02-18 20:00:00,-14.02,1.54,423.3
2024-02-18 21:00:00,-13.72,-0.95,367.5
2024-02-18 22:00:00,-14.76,-1.42,390.4
2024-02-18 23:00:00,-12.14,4.0,430.5
2024-02-19 00:00:00,-15.08,-2.71,389.4
2024-02-19 01:00:00,-9.0,-4.91,424.9
2024-02-19 02:00:00,-10.47,1.47,382.3
2024-02-19 03:00:00,-9.78,-0.74,368.5
2024-02-19 04:00:00,-5.13,-1.29,352.2
2024-02-19 05:00:00,-0.99,5.46,439.4
2024-02-19 06:00:00,-2.25,1.46,365.9
2024-02-19 07:00:00,-9.88,-0.12,422.4
2024-02-19 08:00:00,-8.64,-1.42,370.0
2024-02-19 09:00:00,-3.64,0.89,439.5
2024-02-19 10:00:00,-10.45,-3.47,466.2
2024-02-19 11:00:00,-9.38,-1.03,349.4
2024-02-19 12:00:00,-8.35,-0.07,367.5
2024-02-19 13:00:00,-14.2,0.43,423.2
2024-02-19 14:00:00,-12.18,-0.28,415.4
2024-02-19 15:00:00,-17.54,-1.39,423.3
2024-02-19 16:00:00,-16.13,1.84,382.8
2024-02-19 17:00:00,-13.87,-3.3,459.6
2024-02-19 18:00:00,-19.78,-0.56,403.5
2024-02-19 19:00:00,-13.51,-1.04,363.5
2024-02-19 20:00:00,-14.39,2.02,392.4
2024-02-19 21:00:00,-11.88,-0.92,363.9
2024-02-19 22:00:00,-11.83,0.88,447.7
2024-02-19 23:00:00,-7.2,0.67,380.2
2024-02-20 00:00:00,-9.62,-3.67,414.8
2024-02-20 01:00:00,-9.99,-0.13,385.9
2024-02-20 02:00:00,-7.13,-3.49,381.5
2024-02-20 03:00:00,-4.83,0.7,342.7
2024-02-20 04:00:00,-5.52,-1.46,417.9
2024-02-20 05:00:00,-5.05,2.37,439.0
2024-02-20 06:00:00,-7.11,-0.36,372.5
2024-02-20 07:00:00,-7.16,-1.54,353.6
2024-02-20 08:00:00,-9.88,2.4,424.1
2024-02-20 09:00:00,-1.22,-1.74,350.6
2024-02-20 10:00:00,-11.23,1.79,436.6
2024-02-20 11:00:00,-10.78,0.94,372.9
2024-02-20 12:00:00,-12.16,-0.73,366.9
2024-02-20 13:00:00,-8.61,-2.67,407.5
2024-02-20 14:00:00,-13.38,2.48,368.9
2024-02-20 15:00:00,-9.79,1.0,378.8
2024-02-20 16:00:00,-16.35,-1.54,410.6
2024-02-20 17:00:00,-13.99,0.49,327.1
2024-02-20 18:00:00,-17.51,2.01,449.3
2024-02-20 19:00:00,-8.39,0.22,401.3
2024-02-20 20:00:00,-17.89,0.48,361.2
2024-02-20 21:00:00,-12.61,2.06,369.5
2024-02-20 22:00:00,-10.6,3.07,429.7
2024-02-20 23:00:00,-10.05,-0.24,418.0
2024-02-21 00:00:00,-10.56,-2.67,441.6
2024-02-21 01:00:00,-9.1,-2.61,379.5
2024-02-21 02:00:00,-7.37,-1.38,408.9
2024-02-21 03:00:00,-6.91,-1.87,412.8
2024-02-21 04:00:00,-2.78,-3.36,420.9
2024-02-21 05:00:00,1.46,3.7,433.8
2024-02-21 06:00:00,-6.67,1.06,378.5
2024-02-21 07:00:00,-9.28,-1.05,396.6
2024-02-21 08:00:00,-5.93,-0.07,381.7
2024-02-21 09:00:00,1.27,-3.57,398.4
2024-02-21 10:00:00,-9.91,2.31,421.0
2024-02-21 11:00:00,-3.79,-3.9,350.4
2024-02-21 12:00:00,-4.97,1.02,433.3
2024-02-21 13:00:00,-12.95,-3.68,365.8
2024-02-21 14:00:00,-10.79,-0.83,390.8
2024-02-21 15:00:00,-8.65,2.49,437.3
2024-02-21 16:00:00,-15.47,-3.27,409.8
2024-02-21 17:00:00,-15.44,-0.3,410.2
2024-02-21 18:00:00,-16.75,1.26,364.6
2024-02-21 19:00:00,-17.87,0.93,368.7
2024-02-21 20:00:00,-16.28,0.14,428.2
2024-02-21 21:00:00,-17.21,0.99,382.3
2024-02-21 22:00:00,-12.4,-1.22,385.2
2024-02-21 23:00:00,-13.6,3.87,428.9
2024-02-22 00:00:00,-9.3,-3.22,368.5
2024-02-22 01:00:00,-13.37,2.32,408.1
2024-02-22 02:00:00,-6.51,0.38,401.3
2024-02-22 03:00:00,-3.96,1.23,399.9
2024-02-22 04:00:00,-11.65,1.59,384.4
2024-02-22 05:00:00,-4.05,1.11,382.6
2024-02-22 06:00:00,-1.32,-1.62,367.6
2024-02-22 07:00:00,-8.8,-0.57,414.5
2024-02-22 08:00:00,-0.65,-2.9,380.0
2024-02-22 09:00:00,-5.21,-0.6,429.1
2024-02-22 10:00:00,-9.62,0.65,393.3
2024-02-22 11:00:00,-8.87,1.21,368.2
2024-02-22 12:00:00,-8.33,0.78,392.9
2024-02-22 13:00:00,-11.07,-3.51,387.7
2024-02-22 14:00:00,-10.88,-1.12,430.3
2024-02-22 15:00:00,-16.3,-1.32,388.9
2024-02-22 16:00:00,-13.82,-2.62,391.7
2024-02-22 17:00:00,-19.07,-1.67,442.3
2024-02-22 18:00:00,-15.33,0.0,415.2
2024-02-22 19:00:00,-17.54,2.83,449.9
2024-02-22 20:00:00,-16.54,-1.91,437.8
2024-02-22 21:00:00,-9.83,-2.26,373.4
2024-02-22 22:00:00,-9.23,-1.2,429.7
2024-02-22 23:00:00,-9.47,0.67,445.8
2024-02-23 00:00:00,-13.28,2.45,446.0
2024-02-23 01:00:00,-9.66,-0.17,429.6
2024-02-23 02:00:00,-3.86,-2.89,429.0
2024-02-23 03:00:00,-6.04,-2.47,390.9
2024-02-23 04:00:00,1.29,0.38,374.9
2024-02-23 05:00:00,-3.99,1.99,389.4
2024-02-23 06:00:00,-4.42,3.63,350.1
2024-02-23 07:00:00,-6.1,-2.36,440.3
2024-02-23 08:00:00,-5.27,0.28,391.5
2024-02-23 09:00:00,-6.92,-2.06,438.7
2024-02-23 10:00:00,-5.38,-1.8,363.1
2024-02-23 11:00:00,-5.84,-1.97,432.5
2024-02-23 12:00:00,-12.36,-0.67,385.2
2024-02-23 13:00:00,-15.29,-1.76,361.5
2024-02-23 14:00:00,-18.01,4.96,448.8
2024-02-23 15:00:00,-12.01,-0.92,433.2
2024-02-23 16:00:00,-17.64,1.98,406.4
2024-02-23 17:00:00,-21.29,-1.32,401.0
2024-02-23 18:00:00,-13.83,4.47,413.2
2024-02-23 19:00:00,-7.35,0.68,405.8
2024-02-23 20:00:00,-14.35,1.67,376.2
2024-02-23 21:00:00,-11.02,-1.18,387.6
2024-02-23 22:00:00,-12.25,1.95,458.8
2024-02-23 23:00:00,-11.59,0.67,480.2
2024-02-24 00:00:00,-7.24,-0.76,446.9
2024-02-24 01:00:00,-9.58,-2.16,414.3
2024-02-24 02:00:00,-6.7,-0.48,389.9
2024-02-24 03:00:00,-5.5,-0.65,376.1
2024-02-24 04:00:00,-7.67,1.74,378.0
2024-02-24 05:00:00,-2.19,-0.46,383.4
2024-02-24 06:00:00,-5.52,-3.84,464.5
2024-02-24 07:00:00,-7.44,1.29,454.2
2024-02-24 08:00:00,-4.06,2.59,422.4
2024-02-24 09:00:00,-9.16,-3.33,371.2
2024-02-24 10:00:00,-7.42,3.61,426.8
2024-02-24 11:00:00,-8.73,2.79,392.8
2024-02-24 12:00:00,-6.74,-1.26,335.4
2024-02-24 13:00:00,-9.87,-2.23,408.6
2024-02-24 14:00:00,-12.58,2.11,374.7
2024-02-24 15:00:00,-11.08,-2.74,375.8
2024-02-24 16:00:00,-10.16,-1.34,392.5
2024-02-24 17:00:00,-13.16,-2.63,385.1
2024-02-24 18:00:00,-14.97,0.01,399.0
2024-02-24 19:00:00,-18.77,2.93,397.5
2024-02-24 20:00:00,-17.53,0.75,343.7
2024-02-24 21:00:00,-14.45,2.04,445.6
2024-02-24 22:00:00,-14.33,-0.7,370.5
2024-02-24 23:00:00,-11.86,0.19,371.4
2024-02-25 00:00:00,-9.83,-2.45,390.1
2024-02-25 01:00:00,-7.12,-0.19,396.7
2024-02-25 02:00:00,-7.71,-1.49,443.8
2024-02-25 03:00:00,-5.0,-0.32,408.1
2024-02-25 04:00:00,-5.48,-0.46,417.0
2024-02-25 05:00:00,-11.1,-0.63,408.2
2024-02-25 06:00:00,-7.82,4.22,406.9
2024-02-25 07:00:00,-5.6,3.54,409.3
2024-02-25 08:00:00,-9.3,2.83,342.0
2024-02-25 09:00:00,-4.66,3.59,392.5
2024-02-25 10:00:00,-2.91,2.84,434.9
2024-02-25 11:00:00,-5.05,-0.04,518.3
2024-02-25 12:00:00,-10.64,-0.25,363.9
2024-02-25 13:00:00,-6.82,0.47,412.7
2024-02-25 14:00:00,-12.05,-0.42,382.9
2024-02-25 15:00:00,-14.55,-2.08,461.4
2024-02-25 16:00:00,-16.17,0.59,359.4
2024-02-25 17:00:00,-15.74,-3.13,418.7
2024-02-25 18:00:00,-16.16,0.28,357.8
2024-02-25 19:00:00,-14.32,-1.99,390.4
2024-02-25 20:00:00,-13.85,-0.16,399.0
2024-02-25 21:00:00,-13.53,0.38,432.1
2024-02-25 22:00:00,-11.19,-0.71,367.7
2024-02-25 23:00:00,-7.72,-3.28,419.9
2024-02-26 00:00:00,-7.15,-2.38,400.6
2024-02-26 01:00:00,-13.16,0.92,408.2
2024-02-26 02:00:00,-15.16,-1.11,428.7
2024-02-26 03:00:00,-3.66,1.12,361.5
2024-02-26 04:00:00,-9.77,0.02,424.3
2024-02-26 05:00:00,-5.84,-0.4,382.9
2024-02-26 06:00:00,-8.51,0.7,432.9
2024-02-26 07:00:00,-10.58,-1.35,410.0
2024-02-26 08:00:00,-4.05,0.8,393.7
2024-02-26 09:00:00,-4.19,-0.84,382.3
2024-02-26 10:00:00,-9.23,5.07,424.7
2024-02-26 11:00:00,-16.48,-2.27,437.8
2024-02-26 12:00:00,-11.64,-0.71,384.0
2024-02-26 13:00:00,-10.12,-0.63,366.0
2024-02-26 14:00:00,-16.94,-2.7,420.8
2024-02-26 15:00:00,-12.99,1.45,356.5
2024-02-26 16:00:00,-14.38,-0.86,360.8
2024-02-26 17:00:00,-13.09,-4.76,368.1
2024-02-26 18:00:00,-14.64,1.39,387.5
2024-02-26 19:00:00,-17.75,-1.27,359.9
2024-02-26 20:00:00,-10.74,-0.21,341.8
2024-02-26 21:00:00,-14.01,1.35,365.9
2024-02-26 22:00:00,-12.58,-0.73,419.3
2024-02-26 23:00:00,-14.09,-0.75,361.9
2024-02-27 00:00:00,-11.33,4.93,389.8
2024-02-27 01:00:00,-11.36,-4.31,458.4
2024-02-27 02:00:00,-8.02,-2.57,398.5
2024-02-27 03:00:00,-1.33,-2.18,410.3
2024-02-27 04:00:00,-9.79,3.58,371.6
2024-02-27 05:00:00,-10.01,-1.29,464.9
2024-02-27 06:00:00,-0.59,0.48,383.8
2024-02-27 07:00:00,-5.8,-0.95,393.2
2024-02-27 08:00:00,-7.68,1.21,439.5
2024-02-27 09:00:00,-3.34,-0.03,394.5
2024-02-27 10:00:00,-9.32,0.51,401.4
2024-02-27 11:00:00,-3.23,2.57,391.5
2024-02-27 12:00:00,-7.97,0.88,391.8
2024-02-27 13:00:00,-12.76,-1.47,411.1
2024-02-27 14:00:00,-6.03,0.62,416.6
2024-02-27 15:00:00,-15.35,4.84,380.7
2024-02-27 16:00:00,-12.1,1.13,377.0
2024-02-27 17:00:00,-13.93,0.3,381.7
2024-02-27 18:00:00,-11.09,-2.74,358.0
2024-02-27 19:00:00,-10.15,1.45,352.3
2024-02-27 20:00:00,-14.23,1.74,408.9
2024-02-27 21:00:00,-15.8,0.63,428.2
2024-02-27 22:00:00,-11.12,0.23,426.1
2024-02-27 23:00:00,-13.33,5.67,328.5
2024-02-28 00:00:00,-3.96,1.71,392.6
2024-02-28 01:00:00,-8.3,2.48,366.9
2024-02-28 02:00:00,-8.6,0.13,404.3
2024-02-28 03:00:00,-5.91,-0.26,387.5
2024-02-28 04:00:00,-9.71,1.26,417.8
2024-02-28 05:00:00,-8.09,-0.27,399.4
2024-02-28 06:00:00,-1.4,-0.1,343.1
2024-02-28 07:00:00,-7.14,0.93,371.0
2024-02-28 08:00:00,-8.81,-1.03,400.2
2024-02-28 09:00:00,-4.85,0.44,402.7
2024-02-28 10:00:00,-3.94,0.16,357.8
2024-02-28 11:00:00,-6.55,1.93,353.9
2024-02-28 12:00:00,-7.01,-1.22,401.7
2024-02-28 13:00:00,-13.56,-4.0,357.9
2024-02-28 14:00:00,-16.77,-0.62,349.9
2024-02-28 15:00:00,-9.03,0.79,386.6
2024-02-28 16:00:00,-15.3,1.93,385.3
2024-02-28 17:00:00,-15.58,-1.39,373.6
2024-02-28 18:00:00,-11.02,1.08,378.9
2024-02-28 19:00:00,-13.16,2.27,400.4
2024-02-28 20:00:00,-12.96,1.5,378.4
2024-02-28 21:00:00,-7.04,-1.58,402.1
2024-02-28 22:00:00,-14.43,-1.37,388.6
2024-02-28 23:00:00,-8.51,0.87,405.0
2024-02-29 00:00:00,-9.83,3.25,426.3
2024-02-29 01:00:00,-7.9,0.03,425.2
2024-02-29 02:00:00,-2.91,-0.33,438.6
2024-02-29 03:00:00,-4.94,-2.74,425.1
2024-02-29 04:00:00,-4.05,-0.73,407.2
2024-02-29 05:00:00,-1.95,-1.43,387.0
2024-02-29 06:00:00,-6.09,0.05,388.4
2024-02-29 07:00:00,-7.69,-3.03,373.7
2024-02-29 08:00:00,-8.8,-0.66,400.1
2024-02-29 09:00:00,-12.36,-2.02,420.9
2024-02-29 10:00:00,-1.33,1.88,378.2
2024-02-29 11:00:00,-12.02,-1.72,398.9
2024-02-29 12:00:00,-10.66,-1.14,379.7
2024-02-29 13:00:00,-12.12,0.56,406.3
2024-02-29 14:00:00,-11.58,-0.91,383.5
2024-02-29 15:00:00,-11.09,4.72,377.8
2024-02-29 16:00:00,-11.75,1.86,379.6
2024-02-29 17:00:00,-16.58,0.03,415.1
2024-02-29 18:00:00,-15.5,0.74,397.1
2024-02-29 19:00:00,-13.98,-4.71,387.1
2024-02-29 20:00:00,-15.08,2.46,407.8
2024-02-29 21:00:00,-8.71,1.02,387.6
2024-02-29 22:00:00,-11.03,-0.15,433.8
2024-02-29 23:00:00,-9.09,1.13,370.8
2024-03-01 00:00:00,-8.01,1.38,394.4
2024-03-01 01:00:00,-5.19,-0.83,357.9
2024-03-01 02:00:00,-6.96,0.76,389.6
2024-03-01 03:00:00,-10.35,2.1,349.6
2024-03-01 04:00:00,-4.47,0.91,422.4
2024-03-01 05:00:00,-7.12,-0.51,423.0
2024-03-01 06:00:00,-6.59,0.59,423.5
2024-03-01 07:00:00,-3.41,2.76,400.9
2024-03-01 08:00:00,-1.96,1.57,373.6
2024-03-01 09:00:00,-6.4,-2.33,376.0
2024-03-01 10:00:00,-6.57,1.17,445.9
2024-03-01 11:00:00,-3.6,0.91,443.1
2024-03-01 12:00:00,-9.28,2.33,403.7
2024-03-01 13:00:00,-3.49,0.07,384.5
2024-03-01 14:00:00,-10.8,-0.74,441.1
2024-03-01 15:00:00,-18.82,-2.74,379.2
2024-03-01 16:00:00,-12.07,-1.39,406.9
2024-03-01 17:00:00,-13.69,2.42,440.6
2024-03-01 18:00:00,-11.13,0.4,374.9
2024-03-01 19:00:00,-12.81,-0.2,424.9
2024-03-01 20:00:00,-14.75,2.59,415.6
2024-03-01 21:00:00,-17.21,2.18,398.8
2024-03-01 22:00:00,-13.13,-1.47,370.2
2024-03-01 23:00:00,-13.85,2.4,378.3
2024-03-02 00:00:00,-11.74,-3.32,408.7
2024-03-02 01:00:00,-6.94,0.92,357.3
2024-03-02 02:00:00,-2.49,0.68,403.9
2024-03-02 03:00:00,-5.28,2.3,416.2
2024-03-02 04:00:00,-9.26,0.76,429.6
2024-03-02 05:00:00,-3.84,-0.49,358.0
2024-03-02 06:00:00,-1.41,-0.33,439.5
2024-03-02 07:00:00,-7.0,5.39,450.9
2024-03-02 08:00:00,-6.07,0.17,412.3
2024-03-02 09:00:00,-6.42,1.19,368.9
2024-03-02 10:00:00,-9.85,-4.04,390.2
2024-03-02 11:00:00,-6.76,-1.65,398.6
2024-03-02 12:00:00,-10.36,1.04,408.1
2024-03-02 13:00:00,-10.04,-3.23,400.7
2024-03-02 14:00:00,-15.16,1.1,408.4
2024-03-02 15:00:00,-14.85,-1.45,397.3
2024-03-02 16:00:00,-12.16,-2.07,408.0
2024-03-02 17:00:00,-15.95,-1.46,386.2
2024-03-02 18:00:00,-9.82,3.06,389.9
2024-03-02 19:00:00,-16.03,0.67,382.7
2024-03-02 20:00:00,-13.66,-1.82,457.5
2024-03-02 21:00:00,-10.74,1.55,443.9
2024-03-02 22:00:00,-16.76,1.66,416.7
2024-03-02 23:00:00,-16.58,-0.76,439.8
2024-03-03 00:00:00,-14.58,1.92,424.0
2024-03-03 01:00:00,-4.92,2.01,405.4
2024-03-03 02:00:00,-9.16,1.7,354.8
2024-03-03 03:00:00,1.21,-1.35,392.1
2024-03-03 04:00:00,-7.36,-2.36,389.9
2024-03-03 05:00:00,-4.62,-3.39,366.0
2024-03-03 06:00:00,-0.37,-1.31,355.4
2024-03-03 07:00:00,0.85,-0.74,414.8
2024-03-03 08:00:00,0.51,-0.57,409.7
2024-03-03 09:00:00,-2.84,-0.09,365.0
2024-03-03 10:00:00,-4.43,3.47,377.6
2024-03-03 11:00:00,-6.93,-0.68,434.8
2024-03-03 12:00:00,-7.66,-0.1,373.7
2024-03-03 13:00:00,-12.95,-3.64,405.1
2024-03-03 14:00:00,-14.95,4.46,394.3
2024-03-03 15:00:00,-13.55,-2.63,415.2
2024-03-03 16:00:00,-14.84,-1.41,374.3
2024-03-03 17:00:00,-16.19,1.39,402.7
2024-03-03 18:00:00,-12.91,0.49,405.1
2024-03-03 19:00:00,-11.96,3.29,406.9
2024-03-03 20:00:00,-14.06,1.44,402.4
2024-03-03 21:00:00,-9.1,-0.16,410.3
2024-03-03 22:00:00,-15.93,2.09,465.8
2024-03-03 23:00:00,-11.88,2.32,476.8
2024-03-04 00:00:00,-12.15,-1.32,380.8
2024-03-04 01:00:00,-14.31,1.93,330.5
2024-03-04 02:00:00,-7.75,-0.44,417.9
2024-03-04 03:00:00,-6.83,-0.21,405.6
2024-03-04 04:00:00,-1.13,0.29,431.8
2024-03-04 05:00:00,-3.28,-0.76,408.5
2024-03-04 06:00:00,-8.07,-0.87,401.8
2024-03-04 07:00:00,0.39,1.97,433.9
2024-03-04 08:00:00,-2.01,-3.06,438.1
2024-03-04 09:00:00,-4.72,-2.12,358.4
2024-03-04 10:00:00,-8.18,1.35,375.5
2024-03-04 11:00:00,-11.58,-0.15,396.8
2024-03-04 12:00:00,-11.12,1.98,403.0
2024-03-04 13:00:00,-8.03,0.72,393.2
2024-03-04 14:00:00,-6.85,-2.67,413.0
2024-03-04 15:00:00,-8.91,0.13,429.9
2024-03-04 16:00:00,-15.8,1.07,451.7
2024-03-04 17:00:00,-18.19,0.47,417.4
2024-03-04 18:00:00,-14.58,-0.94,374.4
2024-03-04 19:00:00,-20.13,-0.55,395.6
2024-03-04 20:00:00,-13.36,-1.12,397.7
2024-03-04 21:00:00,-13.98,-2.65,415.4
2024-03-04 22:00:00,-13.9,-2.93,411.6
2024-03-04 23:00:00,-16.08,0.78,461.5
2024-03-05 00:00:00,-8.46,-1.74,386.2
2024-03-05 01:00:00,-10.3,1.15,411.5
2024-03-05 02:00:00,-11.01,-1.19,470.6
2024-03-05 03:00:00,-15.08,-2.63,382.4
2024-03-05 04:00:00,-5.75,-0.82,404.4
2024-03-05 05:00:00,0.15,4.19,371.7
2024-03-05 06:00:00,-0.02,-0.19,402.5
2024-03-05 07:00:00,-6.54,1.29,376.6
2024-03-05 08:00:00,-7.48,0.34,431.4
2024-03-05 09:00:00,-5.06,-2.81,404.4
2024-03-05 10:00:00,-10.5,2.9,371.9
2024-03-05 11:00:00,-7.8,-0.5,425.2
2024-03-05 12:00:00,-7.7,-2.62,405.4
2024-03-05 13:00:00,-7.61,-1.02,428.6
2024-03-05 14:00:00,-12.8,-0.41,365.6
2024-03-05 15:00:00,-14.15,1.5,411.1
2024-03-05 16:00:00,-16.96,-1.36,423.2
2024-03-05 17:00:00,-17.31,5.24,387.3
2024-03-05 18:00:00,-15.68,-1.87,362.2
2024-03-05 19:00:00,-13.73,1.22,398.8
2024-03-05 20:00:00,-11.59,-3.95,436.8
2024-03-05 21:00:00,-15.95,-0.25,433.8
2024-03-05 22:00:00,-8.02,0.73,387.1
2024-03-05 23:00:00,-12.11,-2.24,361.5
2024-03-06 00:00:00,-10.06,3.0,387.1
2024-03-06 01:00:00,-10.95,0.87,385.9
2024-03-06 02:00:00,-14.77,-0.64,413.4
2024-03-06 03:00:00,-3.81,0.85,396.8
2024-03-06 04:00:00,-3.46,-1.19,377.4
2024-03-06 05:00:00,-6.01,2.5,433.1
2024-03-06 06:00:00,-4.8,2.03,404.2
2024-03-06 07:00:00,-3.62,0.75,413.1
2024-03-06 08:00:00,-10.36,1.22,348.3
2024-03-06 09:00:00,-8.05,-2.95,327.3
2024-03-06 10:00:00,-5.12,2.93,356.9
2024-03-06 11:00:00,-12.47,-0.2,385.6
2024-03-06 12:00:00,-9.12,2.05,417.3
2024-03-06 13:00:00,-15.36,1.5,329.7
2024-03-06 14:00:00,-11.1,2.02,447.8
2024-03-06 15:00:00,-13.64,-2.1,405.1
2024-03-06 16:00:00,-19.18,-1.84,440.8
2024-03-06 17:00:00,-11.34,4.5,373.4
2024-03-06 18:00:00,-17.2,-3.04,415.1
2024-03-06 19:00:00,-17.26,-2.2,402.6
2024-03-06 20:00:00,-13.73,0.09,424.5
2024-03-06 21:00:00,-10.09,0.09,393.0
2024-03-06 22:00:00,-15.55,-1.08,414.2
2024-03-06 23:00:00,-11.11,1.23,433.1
2024-03-07 00:00:00,-8.71,1.8,380.5
2024-03-07 01:00:00,-6.63,-0.04,407.3
2024-03-07 02:00:00,-6.97,-0.54,343.4
2024-03-07 03:00:00,-7.57,-0.04,421.1
2024-03-07 04:00:00,-8.15,-0.99,458.6
2024-03-07 05:00:00,-4.91,-3.4,362.7
2024-03-07 06:00:00,-8.22,0.6,397.3
2024-03-07 07:00:00,-13.93,1.53,426.4
2024-03-07 08:00:00,-4.36,-0.31,400.9
2024-03-07 09:00:00,-3.75,-4.53,405.0
2024-03-07 10:00:00,-14.59,-1.14,388.3
2024-03-07 11:00:00,-11.74,1.81,387.2
2024-03-07 12:00:00,-8.14,-2.88,397.4
2024-03-07 13:00:00,-5.12,1.39,401.3
2024-03-07 14:00:00,-12.44,-0.89,364.6
2024-03-07 15:00:00,-15.72,-0.04,398.0
2024-03-07 16:00:00,-14.88,-1.37,447.1
2024-03-07 17:00:00,-10.7,-2.27,387.4
2024-03-07 18:00:00,-16.94,2.87,362.9
2024-03-07 19:00:00,-17.23,1.63,395.5
2024-03-07 20:00:00,-15.78,1.29,378.6
2024-03-07 21:00:00,-16.4,1.82,359.8
2024-03-07 22:00:00,-12.13,1.01,404.2
2024-03-07 23:00:00,-6.42,1.89,378.7
2024-03-08 00:00:00,-9.03,-1.33,381.3
2024-03-08 01:00:00,-9.46,2.76,404.6
2024-03-08 02:00:00,-8.38,2.58,354.0
2024-03-08 03:00:00,-11.15,0.76,347.8
2024-03-08 04:00:00,-3.02,-0.58,420.1
2024-03-08 05:00:00,-5.4,-2.45,342.1
2024-03-08 06:00:00,-5.54,0.46,370.7
2024-03-08 07:00:00,4.41,3.37,346.0
2024-03-08 08:00:00,-4.77,-2.32,385.4
2024-03-08 09:00:00,-8.72,2.04,412.8
2024-03-08 10:00:00,-8.78,-0.94,403.4
2024-03-08 11:00:00,-5.26,-0.77,471.8
2024-03-08 12:00:00,-9.66,-2.35,432.6
2024-03-08 13:00:00,-15.61,-1.5,372.1
2024-03-08 14:00:00,-9.74,1.29,364.1
2024-03-08 15:00:00,-15.54,1.54,481.2
2024-03-08 16:00:00,-8.71,0.47,431.9
2024-03-08 17:00:00,-11.59,-1.0,417.7
2024-03-08 18:00:00,-16.34,-2.21,402.2
2024-03-08 19:00:00,-10.99,0.12,408.2
2024-03-08 20:00:00,-14.13,-0.73,355.5
2024-03-08 21:00:00,-10.98,0.42,404.7
2024-03-08 22:00:00,-11.05,-0.64,402.1
2024-03-08 23:00:00,-13.83,-0.59,372.9
2024-03-09 00:00:00,-11.93,0.32,383.8
2024-03-09 01:00:00,-5.62,0.7,445.5
2024-03-09 02:00:00,-8.5,2.45,396.2
2024-03-09 03:00:00,-7.68,-0.67,462.1
2024-03-09 04:00:00,-8.54,1.09,347.8
2024-03-09 05:00:00,-3.9,3.61,384.3
2024-03-09 06:00:00,1.19,1.14,353.6
2024-03-09 07:00:00,-8.37,2.33,363.7
2024-03-09 08:00:00,-5.6,-1.24,375.2
2024-03-09 09:00:00,-2.23,-1.44,409.5
2024-03-09 10:00:00,-7.74,-0.32,408.0
2024-03-09 11:00:00,-7.35,-0.11,379.6
2024-03-09 12:00:00,-13.19,2.14,333.2
2024-03-09 13:00:00,-10.01,-1.46,444.3
2024-03-09 14:00:00,-13.06,-0.18,391.4
2024-03-09 15:00:00,-10.58,2.15,366.5
2024-03-09 16:00:00,-10.77,0.43,408.2
2024-03-09 17:00:00,-7.06,-0.02,406.1
2024-03-09 18:00:00,-13.26,0.48,390.3
2024-03-09 19:00:00,-13.85,-2.26,404.5
2024-03-09 20:00:00,-13.75,-2.29,365.3
2024-03-09 21:00:00,-14.6,-3.18,422.8
2024-03-09 22:00:00,-11.48,0.41,370.1
2024-03-09 23:00:00,-12.18,1.84,381.8
2024-03-10 00:00:00,-9.49,1.53,419.5
2024-03-10 01:00:00,-4.75,2.29,436.1
2024-03-10 02:00:00,-10.52,2.91,447.6
2024-03-10 03:00:00,-3.04,0.29,431.7
2024-03-10 04:00:00,-1.72,-0.13,390.3
2024-03-10 05:00:00,-5.52,2.95,353.8
2024-03-10 06:00:00,-11.37,-1.4,442.2
2024-03-10 07:00:00,-6.99,-2.36,441.1
2024-03-10 08:00:00,-1.78,-0.68,379.8
2024-03-10 09:00:00,-6.53,-0.91,427.6
2024-03-10 10:00:00,-10.5,0.1,390.0
2024-03-10 11:00:00,-10.22,-1.7,445.0
2024-03-10 12:00:00,-7.48,0.74,384.6
2024-03-10 13:00:00,-9.65,-1.14,459.4
2024-03-10 14:00:00,-13.22,2.46,423.6
2024-03-10 15:00:00,-14.64,-2.39,453.9
2024-03-10 16:00:00,-15.51,-0.28,386.1
2024-03-10 17:00:00,-17.6,-0.67,412.2
2024-03-10 18:00:00,-10.15,0.46,370.9
2024-03-10 19:00:00,-15.8,1.85,425.3
2024-03-10 20:00:00,-10.68,0.53,427.0
2024-03-10 21:00:00,-8.97,-0.26,471.9
2024-03-10 22:00:00,-9.51,1.38,414.5
2024-03-10 23:00:00,-12.59,1.69,421.7
2024-03-11 00:00:00,-8.79,0.54,385.9
2024-03-11 01:00:00,-8.78,0.78,416.2
2024-03-11 02:00:00,-10.21,1.29,388.6
2024-03-11 03:00:00,-5.49,-3.29,403.5
2024-03-11 04:00:00,-9.21,-0.7,405.2
2024-03-11 05:00:00,-1.61,0.75,389.4
2024-03-11 06:00:00,-6.39,-0.58,401.9
2024-03-11 07:00:00,-4.57,-0.58,388.7
2024-03-11 08:00:00,-4.82,0.75,388.6
2024-03-11 09:00:00,-7.24,0.8,432.3
2024-03-11 10:00:00,-5.74,0.93,405.3
2024-03-11 11:00:00,-10.13,-1.58,410.4
2024-03-11 12:00:00,-7.39,-2.84,356.3
2024-03-11 13:00:00,-15.33,1.61,412.7
2024-03-11 14:00:00,-12.12,-1.48,415.9
2024-03-11 15:00:00,-7.72,-1.62,388.0
2024-03-11 16:00:00,-17.33,-1.8,462.6
2024-03-11 17:00:00,-16.86,2.3,331.3
2024-03-11 18:00:00,-13.46,0.42,423.5
2024-03-11 19:00:00,-14.29,0.69,421.4
2024-03-11 20:00:00,-13.28,1.38,416.2
2024-03-11 21:00:00,-12.07,-0.08,405.3
2024-03-11 22:00:00,-10.6,2.03,416.5
2024-03-11 23:00:00,-7.96,-2.39,426.0
2024-03-12 00:00:00,-8.77,-2.17,378.2
2024-03-12 01:00:00,-9.43,-2.28,409.0
2024-03-12 02:00:00,-5.48,0.84,394.5
2024-03-12 03:00:00,-0.76,1.01,367.2
2024-03-12 04:00:00,-6.07,-0.95,421.5
2024-03-12 05:00:00,-8.09,-0.46,383.1
2024-03-12 06:00:00,-1.68,2.54,355.1
2024-03-12 07:00:00,-5.53,-1.39,383.8
2024-03-12 08:00:00,-12.19,0.59,376.0
2024-03-12 09:00:00,-3.92,-1.37,430.9
2024-03-12 10:00:00,-9.11,2.19,404.6
2024-03-12 11:00:00,-8.98,1.26,441.5
2024-03-12 12:00:00,-9.0,-2.8,380.0
2024-03-12 13:00:00,-10.72,-0.52,426.2
2024-03-12 14:00:00,-10.37,-4.16,485.2
2024-03-12 15:00:00,-14.84,1.8,410.7
2024-03-12 16:00:00,-12.79,4.09,425.8
2024-03-12 17:00:00,-15.61,-4.36,420.8
2024-03-12 18:00:00,-12.78,-2.85,357.3
2024-03-12 19:00:00,-12.98,0.33,417.6
2024-03-12 20:00:00,-17.14,-0.04,409.2
2024-03-12 21:00:00,-10.28,-0.82,392.2
2024-03-12 22:00:00,-14.11,-3.48,373.5
2024-03-12 23:00:00,-8.87,0.65,420.8
2024-03-13 00:00:00,-8.9,1.78,370.8
2024-03-13 01:00:00,-3.19,5.69,464.0
2024-03-13 02:00:00,-8.17,2.61,403.4
2024-03-13 03:00:00,-7.51,-2.6,363.3
2024-03-13 04:00:00,-5.73,-0.02,384.6
2024-03-13 05:00:00,-6.08,1.18,391.7
2024-03-13 06:00:00,-2.6,-1.38,472.4
2024-03-13 07:00:00,-10.02,1.56,373.5
2024-03-13 08:00:00,-8.83,1.41,396.5
2024-03-13 09:00:00,-9.67,2.47,383.9
2024-03-13 10:00:00,-4.65,1.6,415.0
2024-03-13 11:00:00,-3.57,0.57,384.3
2024-03-13 12:00:00,-10.31,-1.28,365.8
2024-03-13 13:00:00,-11.8,-2.59,394.1
2024-03-13 14:00:00,-12.29,0.44,391.0
2024-03-13 15:00:00,-10.05,-0.81,382.2
2024-03-13 16:00:00,-17.11,-0.61,383.8
2024-03-13 17:00:00,-14.11,2.24,435.5
2024-03-13 18:00:00,-12.07,2.74,390.4
2024-03-13 19:00:00,-13.33,-2.47,366.0
2024-03-13 20:00:00,-13.76,-0.42,386.1
2024-03-13 21:00:00,-10.53,-0.87,401.6
2024-03-13 22:00:00,-20.61,0.63,359.9
2024-03-13 23:00:00,-9.26,-4.53,448.8
2024-03-14 00:00:00,-11.96,-2.92,426.0
2024-03-14 01:00:00,-14.2,-0.23,442.9
2024-03-14 02:00:00,-5.97,1.57,411.8
2024-03-14 03:00:00,-2.34,0.15,337.2
2024-03-14 04:00:00,-6.08,1.34,446.1
2024-03-14 05:00:00,-2.31,0.39,374.1
2024-03-14 06:00:00,-0.16,2.55,376.5
2024-03-14 07:00:00,-1.23,2.97,404.7
2024-03-14 08:00:00,-0.75,-1.52,441.3
2024-03-14 09:00:00,-4.24,1.77,431.6
2024-03-14 10:00:00,-7.27,1.02,427.2
2024-03-14 11:00:00,-13.51,5.01,390.6
2024-03-14 12:00:00,-10.74,-1.6,390.2
2024-03-14 13:00:00,-13.82,-0.23,410.4
2024-03-14 14:00:00,-5.99,-2.06,396.1
2024-03-14 15:00:00,-14.06,-1.95,426.7
2024-03-14 16:00:00,-13.96,0.77,424.9
2024-03-14 17:00:00,-13.18,0.41,417.7
2024-03-14 18:00:00,-14.87,1.08,324.2
2024-03-14 19:00:00,-9.74,1.04,403.8
2024-03-14 20:00:00,-16.2,-0.47,396.7
2024-03-14 21:00:00,-12.95,-0.49,405.0
2024-03-14 22:00:00,-14.73,-1.94,377.4
2024-03-14 23:00:00,-15.25,-1.4,360.3
2024-03-15 00:00:00,-11.84,-0.11,413.9
2024-03-15 01:00:00,-8.82,0.39,389.3
2024-03-15 02:00:00,-8.79,1.42,417.2
2024-03-15 03:00:00,-8.54,1.22,379.9
2024-03-15 04:00:00,-9.89,3.11,442.5
2024-03-15 05:00:00,-5.42,-1.95,430.0
2024-03-15 06:00:00,-9.51,-0.47,408.9
2024-03-15 07:00:00,-2.89,-1.77,393.6
2024-03-15 08:00:00,-5.42,2.55,425.6
2024-03-15 09:00:00,-10.84,-1.0,411.8
2024-03-15 10:00:00,-8.43,2.31,407.2
2024-03-15 11:00:00,-10.96,2.91,431.3
2024-03-15 12:00:00,-9.04,0.83,442.8
2024-03-15 13:00:00,-7.27,0.59,362.4
2024-03-15 14:00:00,-18.13,0.08,368.5
2024-03-15 15:00:00,-13.19,-0.63,376.6
2024-03-15 16:00:00,-14.81,-0.87,354.9
2024-03-15 17:00:00,-12.82,-0.29,398.1
2024-03-15 18:00:00,-14.36,3.65,418.0
2024-03-15 19:00:00,-17.09,-2.08,399.4
2024-03-15 20:00:00,-15.29,0.41,384.0
2024-03-15 21:00:00,-15.92,1.42,433.8
2024-03-15 22:00:00,-9.27,-0.57,404.2
2024-03-15 23:00:00,-11.23,0.83,410.3
2024-03-16 00:00:00,-4.3,-3.01,434.6
2024-03-16 01:00:00,-8.89,2.65,396.3
2024-03-16 02:00:00,-9.63,2.26,461.8
2024-03-16 03:00:00,-11.01,-0.2,386.6
2024-03-16 04:00:00,-11.08,-1.76,459.9
2024-03-16 05:00:00,-9.92,1.59,370.8
2024-03-16 06:00:00,-4.2,-2.3,415.5
2024-03-16 07:00:00,-3.64,-2.01,380.7
2024-03-16 08:00:00,-10.41,-0.11,433.6
2024-03-16 09:00:00,-3.78,3.04,385.7
2024-03-16 10:00:00,-8.95,1.28,408.7
2024-03-16 11:00:00,-8.27,-1.29,380.5
2024-03-16 12:00:00,-5.16,-3.36,428.1
2024-03-16 13:00:00,-8.6,0.08,380.3
2024-03-16 14:00:00,-13.31,0.5,450.5
2024-03-16 15:00:00,-16.21,-0.15,370.1
2024-03-16 16:00:00,-20.79,3.61,359.6
2024-03-16 17:00:00,-16.99,-0.26,428.5
2024-03-16 18:00:00,-15.63,-4.56,382.3
2024-03-16 19:00:00,-17.79,-0.81,399.8
2024-03-16 20:00:00,-14.72,0.91,390.3
2024-03-16 21:00:00,-13.3,0.77,360.6
2024-03-16 22:00:00,-13.17,-0.35,397.7
2024-03-16 23:00:00,-13.24,-0.68,437.9
2024-03-17 00:00:00,-9.49,-4.0,430.1
2024-03-17 01:00:00,-7.38,0.17,407.0
2024-03-17 02:00:00,-10.77,-0.68,433.4
2024-03-17 03:00:00,-2.23,0.5,368.2
2024-03-17 04:00:00,-5.97,0.98,390.2
2024-03-17 05:00:00,-5.11,2.48,411.9
2024-03-17 06:00:00,-2.88,-1.91,396.1
2024-03-17 07:00:00,-4.47,-2.59,392.6
2024-03-17 08:00:00,-2.81,-1.15,364.0
2024-03-17 09:00:00,-5.6,-1.47,337.6
2024-03-17 10:00:00,-9.34,-1.65,424.5
2024-03-17 11:00:00,-7.62,2.89,407.3
2024-03-17 12:00:00,-13.43,0.3,427.1
2024-03-17 13:00:00,-10.97,3.94,386.9
2024-03-17 14:00:00,-12.6,-0.01,378.6
2024-03-17 15:00:00,-14.16,-2.34,400.2
2024-03-17 16:00:00,-14.72,-1.62,425.6
2024-03-17 17:00:00,-20.48,2.05,393.1
2024-03-17 18:00:00,-16.65,-2.27,424.1
2024-03-17 19:00:00,-14.55,1.12,369.8
2024-03-17 20:00:00,-13.85,-0.71,395.2
2024-03-17 21:00:00,-16.62,-1.86,397.9
2024-03-17 22:00:00,-8.7,2.77,436.8
2024-03-17 23:00:00,-13.89,-1.18,406.2
2024-03-18 00:00:00,-7.09,-1.66,452.4
2024-03-18 01:00:00,-7.42,-0.16,359.6
2024-03-18 02:00:00,-9.44,-1.02,403.9
2024-03-18 03:00:00,-1.14,4.43,405.4
2024-03-18 04:00:00,-9.25,2.12,418.6
2024-03-18 05:00:00,-2.41,-1.18,375.6
2024-03-18 06:00:00,-2.0,-0.95,450.5
2024-03-18 07:00:00,-7.18,-4.04,400.4
2024-03-18 08:00:00,-1.49,0.27,367.4
2024-03-18 09:00:00,-7.21,-1.49,399.5
2024-03-18 10:00:00,-6.63,0.18,390.6
2024-03-18 11:00:00,-7.92,-3.93,483.5
2024-03-18 12:00:00,-10.4,-0.05,431.5
2024-03-18 13:00:00,-8.86,3.4,401.5
2024-03-18 14:00:00,-10.12,0.11,396.6
2024-03-18 15:00:00,-18.78,-1.55,428.5
2024-03-18 16:00:00,-10.42,-0.04,430.0
2024-03-18 17:00:00,-19.82,-0.13,312.7
2024-03-18 18:00:00,-11.9,4.38,419.3
2024-03-18 19:00:00,-11.45,-0.67,400.8
2024-03-18 20:00:00,-17.6,-2.41,360.7
2024-03-18 21:00:00,-14.77,0.04,426.4
2024-03-18 22:00:00,-15.82,0.39,467.4
2024-03-18 23:00:00,-11.94,1.12,416.7
2024-03-19 00:00:00,-10.92,1.51,433.0
2024-03-19 01:00:00,-6.37,3.91,454.1
2024-03-19 02:00:00,-3.57,-1.19,375.1
2024-03-19 03:00:00,-2.28,-1.37,344.3
2024-03-19 04:00:00,-7.36,-3.71,419.7
2024-03-19 05:00:00,-5.8,1.32,392.6
2024-03-19 06:00:00,-10.05,-1.77,358.8
2024-03-19 07:00:00,-7.59,1.78,397.7
2024-03-19 08:00:00,-2.78,-0.98,421.8
2024-03-19 09:00:00,-1.62,3.45,395.5
2024-03-19 10:00:00,-11.2,-2.87,376.4
2024-03-19 11:00:00,-10.48,2.05,393.3
2024-03-19 12:00:00,-10.08,1.81,399.4
2024-03-19 13:00:00,-10.45,1.05,342.1
2024-03-19 14:00:00,-14.93,-2.23,395.7
2024-03-19 15:00:00,-12.26,1.06,359.7
2024-03-19 16:00:00,-15.75,0.25,419.8
2024-03-19 17:00:00,-14.87,-3.66,353.2
2024-03-19 18:00:00,-13.36,3.12,430.4
2024-03-19 19:00:00,-14.81,-0.69,387.7
2024-03-19 20:00:00,-15.64,2.96,383.7
2024-03-19 21:00:00,-13.86,-0.14,408.8
2024-03-19 22:00:00,-12.77,1.96,374.0
2024-03-19 23:00:00,-12.4,-1.72,408.4
2024-03-20 00:00:00,-10.78,0.43,378.0
2024-03-20 01:00:00,-3.91,0.29,383.3
2024-03-20 02:00:00,-5.82,-0.65,412.2
2024-03-20 03:00:00,-7.35,-1.74,365.8
2024-03-20 04:00:00,-3.58,-6.13,362.1
2024-03-20 05:00:00,-6.17,-1.69,407.4
2024-03-20 06:00:00,-1.48,1.4,399.2
2024-03-20 07:00:00,-4.06,-2.79,405.1
2024-03-20 08:00:00,-5.99,-2.38,409.8
2024-03-20 09:00:00,-5.12,-2.87,401.7
2024-03-20 10:00:00,-12.21,0.42,418.2
2024-03-20 11:00:00,-12.09,-1.79,402.9
2024-03-20 12:00:00,-13.58,2.44,339.8
2024-03-20 13:00:00,-10.87,1.47,347.6
2024-03-20 14:00:00,-7.3,0.4,457.8
2024-03-20 15:00:00,-6.84,0.61,400.0
2024-03-20 16:00:00,-12.42,-1.53,428.5
2024-03-20 17:00:00,-13.33,-1.53,389.6
2024-03-20 18:00:00,-20.4,1.42,398.3
2024-03-20 19:00:00,-16.46,1.83,386.4
2024-03-20 20:00:00,-16.69,1.4,474.0
2024-03-20 21:00:00,-15.4,-0.94,407.6
2024-03-20 22:00:00,-13.0,-0.78,384.0
2024-03-20 23:00:00,-12.71,-1.86,350.5
2024-03-21 00:00:00,-15.94,1.54,459.2
2024-03-21 01:00:00,-6.46,-3.92,395.1
2024-03-21 02:00:00,-10.72,-4.41,422.3
2024-03-21 03:00:00,-5.75,-4.01,425.7
2024-03-21 04:00:00,0.55,-4.29,386.1
2024-03-21 05:00:00,-7.93,2.71,420.2
2024-03-21 06:00:00,-12.59,1.57,381.9
2024-03-21 07:00:00,-6.03,-2.4,370.3
2024-03-21 08:00:00,-2.37,-0.21,434.9
2024-03-21 09:00:00,-0.59,2.93,395.3
2024-03-21 10:00:00,-11.19,1.0,415.6
2024-03-21 11:00:00,-7.22,4.23,412.3
2024-03-21 12:00:00,-11.4,-0.23,419.1
2024-03-21 13:00:00,-11.61,-1.31,353.3
2024-03-21 14:00:00,-4.57,-2.16,382.4
2024-03-21 15:00:00,-18.04,0.05,390.3
2024-03-21 16:00:00,-13.57,1.87,375.1
2024-03-21 17:00:00,-13.43,0.2,412.9
2024-03-21 18:00:00,-11.74,-0.72,435.6
2024-03-21 19:00:00,-14.54,2.51,440.4
2024-03-21 20:00:00,-13.41,1.06,389.8
2024-03-21 21:00:00,-14.71,-0.23,408.8
2024-03-21 22:00:00,-11.69,-1.53,413.4
2024-03-21 23:00:00,-12.32,-0.51,418.6
2024-03-22 00:00:00,-8.14,0.95,373.7
2024-03-22 01:00:00,-9.81,-1.56,454.6
2024-03-22 02:00:00,-6.37,-2.47,427.8
2024-03-22 03:00:00,-6.55,-0.96,428.6
2024-03-22 04:00:00,-2.29,-0.1,436.1
2024-03-22 05:00:00,-5.32,2.73,416.0
2024-03-22 06:00:00,-10.32,-2.32,369.2
2024-03-22 07:00:00,-1.38,0.45,395.8
2024-03-22 08:00:00,-8.39,-0.56,350.5
2024-03-22 09:00:00,-8.43,-0.46,412.5
2024-03-22 10:00:00,-9.29,3.08,394.9
2024-03-22 11:00:00,-4.58,0.16,398.8
2024-03-22 12:00:00,-16.41,-1.83,436.1
2024-03-22 13:00:00,-1.88,1.78,386.3
2024-03-22 14:00:00,-9.33,1.63,392.4
2024-03-22 15:00:00,-12.87,-2.0,400.7
2024-03-22 16:00:00,-14.49,-2.39,344.8
2024-03-22 17:00:00,-13.97,0.82,392.0
2024-03-22 18:00:00,-13.44,-0.07,325.4
2024-03-22 19:00:00,-12.89,-0.94,382.4
2024-03-22 20:00:00,-12.66,2.11,425.7
2024-03-22 21:00:00,-13.27,-1.18,413.4
2024-03-22 22:00:00,-13.09,0.84,382.2
2024-03-22 23:00:00,-11.75,2.35,401.2
2024-03-23 00:00:00,-10.58,-0.68,367.8
2024-03-23 01:00:00,-5.3,-3.66,399.9
2024-03-23 02:00:00,-5.72,-0.81,487.9
2024-03-23 03:00:00,-15.29,0.38,455.4
2024-03-23 04:00:00,-3.7,2.01,401.6
2024-03-23 05:00:00,-4.59,-1.04,404.8
2024-03-23 06:00:00,-5.06,3.45,370.6
2024-03-23 07:00:00,-6.34,-2.6,375.9
2024-03-23 08:00:00,-2.3,0.33,410.9
2024-03-23 09:00:00,-3.62,-0.48,384.3
2024-03-23 10:00:00,-9.82,2.69,427.1
2024-03-23 11:00:00,-7.48,-2.95,447.1
2024-03-23 12:00:00,-12.91,0.85,410.0
2024-03-23 13:00:00,-15.43,-0.49,403.1
2024-03-23 14:00:00,-14.38,3.06,349.6
2024-03-23 15:00:00,-10.95,-1.66,422.4
2024-03-23 16:00:00,-11.47,0.83,365.7
2024-03-23 17:00:00,-13.29,-1.68,387.5
2024-03-23 18:00:00,-12.82,0.38,428.8
2024-03-23 19:00:00,-13.28,-0.74,430.9
2024-03-23 20:00:00,-16.25,-0.77,386.0
2024-03-23 21:00:00,-12.24,-3.97,387.7
2024-03-23 22:00:00,-10.1,0.83,379.0
2024-03-23 23:00:00,-9.03,-2.16,364.1
2024-03-24 00:00:00,-6.43,-2.23,381.0
2024-03-24 01:00:00,-6.58,-3.11,351.6
2024-03-24 02:00:00,-6.45,-2.11,420.5
2024-03-24 03:00:00,-3.25,1.0,411.8
2024-03-24 04:00:00,-5.75,0.9,416.8
2024-03-24 05:00:00,-7.82,1.33,371.4
2024-03-24 06:00:00,-5.49,-2.05,364.1
2024-03-24 07:00:00,-7.41,0.43,401.6
2024-03-24 08:00:00,-7.7,-1.23,401.9
2024-03-24 09:00:00,-6.9,1.91,395.6
2024-03-24 10:00:00,-9.88,0.85,391.3
2024-03-24 11:00:00,-9.63,-1.31,451.3
2024-03-24 12:00:00,-15.68,2.08,412.8
2024-03-24 13:00:00,-10.65,1.01,459.1
2024-03-24 14:00:00,-12.5,-2.77,438.1
2024-03-24 15:00:00,-15.99,-3.34,451.1
2024-03-24 16:00:00,-12.35,-2.7,367.8
2024-03-24 17:00:00,-12.02,3.3,417.8
2024-03-24 18:00:00,-19.82,-2.03,387.0
2024-03-24 19:00:00,-17.12,3.75,350.1
2024-03-24 20:00:00,-16.64,-2.13,444.9
2024-03-24 21:00:00,-16.36,-2.35,391.2
2024-03-24 22:00:00,-10.01,1.76,368.3
2024-03-24 23:00:00,-11.88,1.85,387.6
2024-03-25 00:00:00,-10.79,1.11,376.1
2024-03-25 01:00:00,-14.72,1.35,379.2
2024-03-25 02:00:00,-5.59,-1.6,393.4
2024-03-25 03:00:00,-10.18,1.67,451.9
2024-03-25 04:00:00,-5.49,0.48,380.0
2024-03-25 05:00:00,-4.34,-0.73,449.8
2024-03-25 06:00:00,-0.92,0.19,425.5
2024-03-25 07:00:00,-9.1,2.12,411.9
2024-03-25 08:00:00,-14.73,0.78,422.4
2024-03-25 09:00:00,-5.91,-4.32,400.4
2024-03-25 10:00:00,-2.1,1.78,438.6
2024-03-25 11:00:00,-4.99,1.63,417.0
2024-03-25 12:00:00,-9.37,-0.76,350.1
2024-03-25 13:00:00,-12.77,0.23,408.9
2024-03-25 14:00:00,-10.08,0.23,423.5
2024-03-25 15:00:00,-16.46,-3.96,391.3
2024-03-25 16:00:00,-12.9,-0.8,403.8
2024-03-25 17:00:00,-13.31,-0.73,381.6
2024-03-25 18:00:00,-11.82,-0.32,358.7
2024-03-25 19:00:00,-6.55,-1.05,353.5
2024-03-25 20:00:00,-13.15,1.33,353.9
2024-03-25 21:00:00,-15.06,-1.62,420.1
2024-03-25 22:00:00,-12.58,1.82,325.3
2024-03-25 23:00:00,-16.6,1.23,380.0
2024-03-26 00:00:00,-12.08,2.72,377.0
2024-03-26 01:00:00,-9.93,3.47,391.5
2024-03-26 02:00:00,-9.07,3.48,344.3
2024-03-26 03:00:00,-6.01,-2.37,412.1
2024-03-26 04:00:00,-8.14,0.69,361.8
2024-03-26 05:00:00,-1.81,-1.44,434.0
2024-03-26 06:00:00,-5.0,6.56,381.3
2024-03-26 07:00:00,-5.2,1.23,397.1
2024-03-26 08:00:00,-6.65,2.83,400.1
2024-03-26 09:00:00,-6.0,0.87,407.3
2024-03-26 10:00:00,-5.02,-5.27,401.1
2024-03-26 11:00:00,-11.31,-1.57,387.2
2024-03-26 12:00:00,-11.97,-1.37,410.3
2024-03-26 13:00:00,-12.21,-0.78,414.0
2024-03-26 14:00:00,-16.54,0.72,377.0
2024-03-26 15:00:00,-15.99,1.0,412.8
2024-03-26 16:00:00,-15.76,-5.25,435.8
2024-03-26 17:00:00,-12.21,-0.47,421.2
2024-03-26 18:00:00,-14.21,-0.97,428.0
2024-03-26 19:00:00,-14.25,2.76,405.2
2024-03-26 20:00:00,-11.78,1.18,371.9
2024-03-26 21:00:00,-13.95,-0.37,375.7
2024-03-26 22:00:00,-11.33,0.45,409.6
2024-03-26 23:00:00,-11.6,-3.37,428.3
2024-03-27 00:00:00,-9.2,1.32,483.6
2024-03-27 01:00:00,-10.45,-0.79,429.5
2024-03-27 02:00:00,-14.82,-1.61,364.9
2024-03-27 03:00:00,-6.87,2.63,377.0
2024-03-27 04:00:00,-1.4,0.55,468.4
2024-03-27 05:00:00,-2.39,-1.33,393.6
2024-03-27 06:00:00,-2.1,-1.21,401.4
2024-03-27 07:00:00,-1.46,0.73,371.2
2024-03-27 08:00:00,-5.4,0.58,447.0
2024-03-27 09:00:00,-5.87,0.06,415.0
2024-03-27 10:00:00,-9.35,-2.41,376.8
2024-03-27 11:00:00,-9.65,-2.11,370.2
2024-03-27 12:00:00,-8.15,-1.5,409.2
2024-03-27 13:00:00,-7.68,-0.39,401.3
2024-03-27 14:00:00,-12.92,-0.08,425.0
2024-03-27 15:00:00,-14.89,-0.32,416.4
2024-03-27 16:00:00,-14.33,-0.23,392.1
2024-03-27 17:00:00,-13.03,3.76,383.7
2024-03-27 18:00:00,-19.33,1.7,395.2
2024-03-27 19:00:00,-21.72,2.38,383.5
2024-03-27 20:00:00,-15.98,0.93,396.1
2024-03-27 21:00:00,-17.2,0.14,400.5
2024-03-27 22:00:00,-14.02,0.82,373.1
2024-03-27 23:00:00,-11.74,0.45,418.9
2024-03-28 00:00:00,-11.36,1.62,388.9
2024-03-28 01:00:00,-4.35,-1.95,374.7
2024-03-28 02:00:00,-6.52,1.45,389.5
2024-03-28 03:00:00,-5.56,0.33,407.3
2024-03-28 04:00:00,-3.8,-3.61,402.5
2024-03-28 05:00:00,-8.59,0.17,412.7
2024-03-28 06:00:00,-1.88,-2.61,427.0
2024-03-28 07:00:00,-5.4,-1.07,439.1
2024-03-28 08:00:00,-3.66,-0.32,408.6
2024-03-28 09:00:00,-9.68,-3.01,367.9
2024-03-28 10:00:00,-12.16,-0.11,391.9
2024-03-28 11:00:00,-6.25,0.14,369.9
2024-03-28 12:00:00,-8.87,1.51,450.9
2024-03-28 13:00:00,-14.0,-0.91,459.6
2024-03-28 14:00:00,-15.11,0.55,419.5
2024-03-28 15:00:00,-10.16,-0.19,425.8
2024-03-28 16:00:00,-17.9,-0.84,407.5
2024-03-28 17:00:00,-9.9,-3.34,411.0
2024-03-28 18:00:00,-17.7,-0.22,352.1
2024-03-28 19:00:00,-12.91,1.49,397.8
2024-03-28 20:00:00,-15.32,-1.87,373.6
2024-03-28 21:00:00,-11.73,-0.44,408.4
2024-03-28 22:00:00,-14.13,-0.14,398.2
2024-03-28 23:00:00,-11.78,2.2,458.4
2024-03-29 00:00:00,-9.88,0.06,427.5
2024-03-29 01:00:00,-11.71,0.58,408.5
2024-03-29 02:00:00,-5.28,-0.02,392.0
2024-03-29 03:00:00,-8.0,-0.98,450.3
2024-03-29 04:00:00,-6.36,-2.27,399.1
2024-03-29 05:00:00,-8.15,-0.57,410.0
2024-03-29 06:00:00,-12.69,0.79,401.3
2024-03-29 07:00:00,-5.74,0.25,387.9
2024-03-29 08:00:00,1.57,2.96,401.1
2024-03-29 09:00:00,-4.11,1.89,341.1
2024-03-29 10:00:00,-7.56,2.48,353.6
2024-03-29 11:00:00,-9.49,-4.06,410.5
2024-03-29 12:00:00,-9.93,3.16,447.0
2024-03-29 13:00:00,-9.65,0.53,410.4
2024-03-29 14:00:00,-16.04,0.82,378.4
2024-03-29 15:00:00,-10.19,1.79,356.7
2024-03-29 16:00:00,-12.18,0.04,423.5
2024-03-29 17:00:00,-12.68,-2.14,383.0
2024-03-29 18:00:00,-13.68,2.89,419.3
2024-03-29 19:00:00,-14.77,-1.54,411.7
2024-03-29 20:00:00,-12.31,-1.97,414.3
2024-03-29 21:00:00,-11.76,-0.47,401.0
2024-03-29 22:00:00,-13.56,-0.77,411.5
2024-03-29 23:00:00,-13.01,0.01,396.4
2024-03-30 00:00:00,-9.69,-0.2,380.9
2024-03-30 01:00:00,-4.06,2.69,371.1
2024-03-30 02:00:00,-11.22,0.92,328.4
2024-03-30 03:00:00,-10.87,-1.72,394.6
2024-03-30 04:00:00,-5.18,-1.44,445.6
2024-03-30 05:00:00,-5.02,-0.78,421.9
2024-03-30 06:00:00,-4.48,-0.77,406.8
2024-03-30 07:00:00,-4.44,-1.03,378.0
2024-03-30 08:00:00,-6.34,-2.2,429.9
2024-03-30 09:00:00,-1.99,0.58,396.4
2024-03-30 10:00:00,-12.3,-0.91,447.2
2024-03-30 11:00:00,-11.19,-1.9,370.6
2024-03-30 12:00:00,-10.31,0.97,377.5
2024-03-30 13:00:00,-16.22,1.7,374.6
2024-03-30 14:00:00,-13.03,-0.49,355.5
2024-03-30 15:00:00,-8.55,3.56,371.9
2024-03-30 16:00:00,-14.27,4.43,403.1
2024-03-30 17:00:00,-14.14,0.99,378.6
2024-03-30 18:00:00,-18.78,-0.94,284.3
2024-03-30 19:00:00,-16.68,0.54,432.2
2024-03-30 20:00:00,-15.46,-2.45,349.5
2024-03-30 21:00:00,-14.49,-1.74,417.7
2024-03-30 22:00:00,-8.66,-3.37,400.9
2024-03-30 23:00:00,-9.62,-1.26,463.5
2024-03-31 00:00:00,-13.33,-2.47,429.9
2024-03-31 01:00:00,-7.97,1.25,384.9
2024-03-31 02:00:00,-6.01,-1.5,378.9
2024-03-31 03:00:00,-3.04,0.55,445.1
2024-03-31 04:00:00,-0.93,1.5,355.7
2024-03-31 05:00:00,-8.22,2.34,405.7
2024-03-31 06:00:00,-7.43,-0.71,396.1
2024-03-31 07:00:00,-8.94,0.62,389.7
2024-03-31 08:00:00,-6.37,0.69,410.6
2024-03-31 09:00:00,-5.07,2.54,405.7
2024-03-31 10:00:00,-4.54,1.57,413.7
2024-03-31 11:00:00,-8.93,2.61,404.2
2024-03-31 12:00:00,-10.96,-3.33,412.5
2024-03-31 13:00:00,-10.84,-1.33,402.8
2024-03-31 14:00:00,-15.01,2.06,380.2
2024-03-31 15:00:00,-7.27,1.16,400.1
2024-03-31 16:00:00,-19.15,-0.25,378.6
2024-03-31 17:00:00,-14.28,-0.95,376.6
2024-03-31 18:00:00,-8.93,1.58,389.9
2024-03-31 19:00:00,-14.81,-3.96,396.4
2024-03-31 20:00:00,-14.9,1.58,401.1
2024-03-31 21:00:00,-14.61,0.18,427.5
2024-03-31 22:00:00,-13.04,-0.98,385.0
2024-03-31 23:00:00,-7.18,1.0,405.9
2024-04-01 00:00:00,-16.64,-0.77,403.5
2024-04-01 01:00:00,-4.11,0.06,381.7
2024-04-01 02:00:00,-11.77,-0.09,402.2
2024-04-01 03:00:00,-7.26,1.49,430.1
2024-04-01 04:00:00,-6.96,0.32,405.6
2024-04-01 05:00:00,-3.4,-3.82,406.8
2024-04-01 06:00:00,-9.79,-2.78,378.8
2024-04-01 07:00:00,-3.78,-2.17,459.1
2024-04-01 08:00:00,0.4,0.91,380.5
2024-04-01 09:00:00,-10.55,1.11,350.0
2024-04-01 10:00:00,-6.93,3.34,425.8
2024-04-01 11:00:00,-10.69,-2.03,396.6
2024-04-01 12:00:00,-8.72,2.62,390.9
2024-04-01 13:00:00,-11.24,-3.88,383.6
2024-04-01 14:00:00,-14.42,0.04,456.2
2024-04-01 15:00:00,-12.07,0.49,410.6
2024-04-01 16:00:00,-8.92,0.48,416.5
2024-04-01 17:00:00,-15.4,-0.62,404.9
2024-04-01 18:00:00,-12.84,0.24,408.1
2024-04-01 19:00:00,-18.71,-2.47,442.0
2024-04-01 20:00:00,-17.2,1.73,392.5
2024-04-01 21:00:00,-12.12,0.5,356.3
2024-04-01 22:00:00,-8.05,0.72,426.0
2024-04-01 23:00:00,-10.23,-0.56,414.9
2024-04-02 00:00:00,-10.94,-0.66,403.2
2024-04-02 01:00:00,-8.71,1.05,414.1
2024-04-02 02:00:00,-11.25,3.18,388.9
2024-04-02 03:00:00,-4.65,-2.79,400.6
2024-04-02 04:00:00,-3.02,-2.89,396.0
2024-04-02 05:00:00,-6.53,0.53,382.3
2024-04-02 06:00:00,-6.41,-0.66,435.7
2024-04-02 07:00:00,-4.37,0.25,357.6
2024-04-02 08:00:00,-6.98,-0.05,470.8
2024-04-02 09:00:00,-6.66,1.24,426.3
2024-04-02 10:00:00,-1.2,-0.57,346.7
2024-04-02 11:00:00,-9.45,-2.42,393.3
2024-04-02 12:00:00,-11.08,-1.58,394.9
2024-04-02 13:00:00,-13.24,-0.32,411.8
2024-04-02 14:00:00,-10.27,-2.51,370.3
2024-04-02 15:00:00,-14.08,-0.07,401.0
2024-04-02 16:00:00,-16.28,0.12,396.4
2024-04-02 17:00:00,-10.87,-0.72,377.9
2024-04-02 18:00:00,-10.74,0.42,373.7
2024-04-02 19:00:00,-16.63,-3.23,427.6
2024-04-02 20:00:00,-19.93,-1.91,349.1
2024-04-02 21:00:00,-10.51,-2.29,414.3
2024-04-02 22:00:00,-14.55,1.76,423.9
2024-04-02 23:00:00,-8.92,4.61,393.4
2024-04-03 00:00:00,-15.91,-1.76,401.6
2024-04-03 01:00:00,-6.03,-0.47,434.9
2024-04-03 02:00:00,-11.13,-1.39,378.9
2024-04-03 03:00:00,-4.27,0.44,382.0
2024-04-03 04:00:00,-5.63,-1.22,385.1
2024-04-03 05:00:00,-8.03,0.57,435.0
2024-04-03 06:00:00,-6.22,1.33,438.8
2024-04-03 07:00:00,-3.11,-2.45,358.1
2024-04-03 08:00:00,-5.35,0.54,430.2
2024-04-03 09:00:00,-4.71,-3.59,424.6
2024-04-03 10:00:00,-1.57,-0.51,446.6
2024-04-03 11:00:00,-13.4,-0.65,411.6
2024-04-03 12:00:00,-5.15,-0.46,398.7
2024-04-03 13:00:00,-10.98,-0.62,434.4
2024-04-03 14:00:00,-15.2,-0.99,421.0
2024-04-03 15:00:00,-17.53,-0.53,467.3
2024-04-03 16:00:00,-14.9,0.48,428.8
2024-04-03 17:00:00,-12.06,0.53,404.6
2024-04-03 18:00:00,-15.38,0.23,364.8
2024-04-03 19:00:00,-10.3,-1.15,382.6
2024-04-03 20:00:00,-18.68,2.16,356.9
2024-04-03 21:00:00,-13.57,3.05,393.5
2024-04-03 22:00:00,-16.26,-2.58,427.8
2024-04-03 23:00:00,-10.2,0.33,399.9
2024-04-04 00:00:00,-7.34,-0.94,430.7
2024-04-04 01:00:00,-9.97,1.85,410.1
2024-04-04 02:00:00,-15.31,-0.03,387.9
2024-04-04 03:00:00,-5.87,0.11,402.6
2024-04-04 04:00:00,-4.36,0.99,414.2
2024-04-04 05:00:00,-3.96,-0.6,404.2
2024-04-04 06:00:00,-1.29,3.35,404.5
2024-04-04 07:00:00,-8.38,1.02,376.9
2024-04-04 08:00:00,-3.63,1.86,387.0
2024-04-04 09:00:00,-2.89,-0.44,467.8
2024-04-04 10:00:00,-12.84,-0.25,436.9
2024-04-04 11:00:00,-7.75,1.62,355.8
2024-04-04 12:00:00,-11.51,1.42,329.0
2024-04-04 13:00:00,-11.54,-2.5,402.3
2024-04-04 14:00:00,-11.46,0.26,426.8
2024-04-04 15:00:00,-15.0,0.95,384.4
2024-04-04 16:00:00,-16.36,-0.26,430.6
2024-04-04 17:00:00,-14.73,0.76,401.8
2024-04-04 18:00:00,-18.26,-0.18,395.1
2024-04-04 19:00:00,-18.09,-4.49,422.7
2024-04-04 20:00:00,-12.29,-2.62,384.0
2024-04-04 21:00:00,-16.98,1.95,391.4
2024-04-04 22:00:00,-10.5,-0.49,420.1
2024-04-04 23:00:00,-9.91,0.38,399.1
2024-04-05 00:00:00,-15.18,-0.01,457.3
2024-04-05 01:00:00,-10.74,-1.65,420.8
2024-04-05 02:00:00,-3.92,-0.93,418.9
2024-04-05 03:00:00,-9.41,0.66,398.5
2024-04-05 04:00:00,-7.06,0.86,426.2
2024-04-05 05:00:00,-3.78,4.38,390.3
2024-04-05 06:00:00,-2.65,-0.96,408.5
2024-04-05 07:00:00,-5.92,3.34,372.5
2024-04-05 08:00:00,-7.46,-1.72,431.2
2024-04-05 09:00:00,-2.2,0.98,408.7
2024-04-05 10:00:00,-2.28,0.36,459.5
2024-04-05 11:00:00,-5.77,-0.25,471.8
2024-04-05 12:00:00,-9.74,-0.01,422.9
2024-04-05 13:00:00,-13.72,-1.25,402.1
2024-04-05 14:00:00,-14.99,1.81,371.6
2024-04-05 15:00:00,-11.97,-1.69,427.1
2024-04-05 16:00:00,-13.07,0.64,406.3
2024-04-05 17:00:00,-10.62,1.51,416.1
2024-04-05 18:00:00,-13.05,2.77,451.9
2024-04-05 19:00:00,-19.34,1.94,375.3
2024-04-05 20:00:00,-11.17,1.14,372.3
2024-04-05 21:00:00,-16.53,-1.28,392.9
2024-04-05 22:00:00,-13.65,-1.57,424.6
2024-04-05 23:00:00,-10.54,-2.28,416.6
2024-04-06 00:00:00,-4.01,-2.47,373.1
2024-04-06 01:00:00,0.62,-0.0,422.7
2024-04-06 02:00:00,-5.68,-1.45,364.0
2024-04-06 03:00:00,-7.01,2.4,374.9
2024-04-06 04:00:00,-4.07,-1.16,396.5
2024-04-06 05:00:00,-2.51,0.19,383.4
2024-04-06 06:00:00,-5.96,-0.53,426.7
2024-04-06 07:00:00,0.22,-2.81,408.6
2024-04-06 08:00:00,-4.98,2.18,453.0
2024-04-06 09:00:00,-4.97,1.39,392.6
2024-04-06 10:00:00,-5.5,1.62,396.3
2024-04-06 11:00:00,-7.44,1.19,436.3
2024-04-06 12:00:00,-7.48,-1.52,397.3
2024-04-06 13:00:00,-13.15,-1.48,444.8
2024-04-06 14:00:00,-14.17,0.9,416.2
2024-04-06 15:00:00,-16.84,3.09,329.4
2024-04-06 16:00:00,-13.01,0.77,435.3
2024-04-06 17:00:00,-12.49,1.96,427.4
2024-04-06 18:00:00,-13.63,-1.05,428.5
2024-04-06 19:00:00,-9.81,2.2,342.7
2024-04-06 20:00:00,-14.35,-0.84,380.1
2024-04-06 21:00:00,-11.53,0.48,382.3
2024-04-06 22:00:00,-15.78,-0.73,374.8
2024-04-06 23:00:00,-12.46,1.78,452.3
2024-04-07 00:00:00,-7.91,1.81,399.6
2024-04-07 01:00:00,-6.16,-2.95,398.9
2024-04-07 02:00:00,-8.38,2.65,416.6
2024-04-07 03:00:00,-6.68,4.75,417.1
2024-04-07 04:00:00,-10.22,-0.71,300.0
2024-04-07 05:00:00,-6.24,-0.25,380.6
2024-04-07 06:00:00,-2.33,2.48,357.6
2024-04-07 07:00:00,-3.44,0.13,412.0
2024-04-07 08:00:00,-4.17,-0.01,391.3
2024-04-07 09:00:00,-6.32,3.79,400.5
2024-04-07 10:00:00,-7.48,-2.71,337.6
2024-04-07 11:00:00,-10.69,-1.58,390.7
2024-04-07 12:00:00,-7.9,0.84,433.5
2024-04-07 13:00:00,-10.03,-3.24,442.3
2024-04-07 14:00:00,-11.02,-0.75,421.6
2024-04-07 15:00:00,-15.11,-0.76,359.9
2024-04-07 16:00:00,-20.79,1.92,437.8
2024-04-07 17:00:00,-11.54,1.39,421.7
2024-04-07 18:00:00,-16.44,-3.37,396.5
2024-04-07 19:00:00,-17.42,-1.39,339.2
2024-04-07 20:00:00,-12.25,-1.38,428.6
2024-04-07 21:00:00,-14.71,-0.43,382.2
2024-04-07 22:00:00,-9.32,-2.2,410.4
2024-04-07 23:00:00,-9.44,0.9,402.1
2024-04-08 00:00:00,-7.95,-1.39,446.2
2024-04-08 01:00:00,-12.8,1.18,396.2
2024-04-08 02:00:00,-3.86,-0.01,399.5
2024-04-08 03:00:00,-5.68,-1.95,447.4
2024-04-08 04:00:00,-6.78,2.78,380.3
2024-04-08 05:00:00,-4.74,2.84,424.4
2024-04-08 06:00:00,-10.33,0.58,394.0
2024-04-08 07:00:00,-3.94,-0.48,369.9
2024-04-08 08:00:00,-8.76,-2.11,400.0
2024-04-08 09:00:00,-10.52,2.14,420.8
2024-04-08 10:00:00,-12.07,1.65,440.6
2024-04-08 11:00:00,-5.37,-1.63,444.2
2024-04-08 12:00:00,-11.89,-1.37,391.2
2024-04-08 13:00:00,-6.69,0.91,370.4
2024-04-08 14:00:00,-14.11,-2.35,390.4
2024-04-08 15:00:00,-18.66,-1.25,364.6
2024-04-08 16:00:00,-17.68,-2.08,393.5
2024-04-08 17:00:00,-11.12,-2.02,389.8
2024-04-08 18:00:00,-15.47,-1.44,421.8
2024-04-08 19:00:00,-16.47,1.81,333.8
2024-04-08 20:00:00,-13.85,-3.51,378.0
2024-04-08 21:00:00,-12.03,0.87,378.2
2024-04-08 22:00:00,-9.15,0.52,435.6
2024-04-08 23:00:00,-6.95,1.94,366.6
2024-04-09 00:00:00,-11.08,0.51,406.8
2024-04-09 01:00:00,-12.68,-0.76,396.2
2024-04-09 02:00:00,-8.74,-1.63,431.3
2024-04-09 03:00:00,-5.68,1.98,417.9
2024-04-09 04:00:00,-8.56,0.99,403.6
2024-04-09 05:00:00,-8.04,-0.99,383.4
2024-04-09 06:00:00,-3.97,1.82,344.4
2024-04-09 07:00:00,-5.32,-0.89,407.4
2024-04-09 08:00:00,-5.57,-0.0,415.9
2024-04-09 09:00:00,-8.74,-1.21,352.8
2024-04-09 10:00:00,-8.19,1.07,363.0
2024-04-09 11:00:00,-11.48,-1.99,407.6
2024-04-09 12:00:00,-7.33,-0.6,410.2
2024-04-09 13:00:00,-8.19,-1.31,370.3
2024-04-09 14:00:00,-18.04,0.53,382.8
2024-04-09 15:00:00,-16.32,0.78,344.9
2024-04-09 16:00:00,-18.82,-2.21,441.3
2024-04-09 17:00:00,-16.78,0.81,361.0
2024-04-09 18:00:00,-15.25,-2.95,416.3
2024-04-09 19:00:00,-19.18,4.38,399.0
2024-04-09 20:00:00,-17.1,-1.02,438.7
2024-04-09 21:00:00,-16.55,2.1,376.2
2024-04-09 22:00:00,-11.88,0.4,401.8
2024-04-09 23:00:00,-11.09,0.48,349.0
2024-04-10 00:00:00,-12.17,-2.33,341.8
2024-04-10 01:00:00,-8.18,1.69,417.9
2024-04-10 02:00:00,-9.14,0.1,346.4
2024-04-10 03:00:00,-7.28,0.94,393.2
2024-04-10 04:00:00,-0.65,-0.18,430.3
2024-04-10 05:00:00,-1.15,0.26,422.4
2024-04-10 06:00:00,-8.9,-1.77,380.1
2024-04-10 07:00:00,-2.68,-0.31,352.3
2024-04-10 08:00:00,-3.24,-0.84,415.3
2024-04-10 09:00:00,-9.91,-1.41,440.3
2024-04-10 10:00:00,-5.04,0.27,380.1
2024-04-10 11:00:00,-4.09,0.73,375.9
2024-04-10 12:00:00,-13.37,0.5,384.3
2024-04-10 13:00:00,-14.05,-0.2,417.1
2024-04-10 14:00:00,-9.45,0.82,436.9
2024-04-10 15:00:00,-12.72,0.48,362.8
2024-04-10 16:00:00,-12.68,0.2,355.1
2024-04-10 17:00:00,-13.81,0.33,470.2
2024-04-10 18:00:00,-13.83,2.37,394.7
2024-04-10 19:00:00,-18.81,-2.41,407.6
2024-04-10 20:00:00,-11.19,-0.64,379.2
2024-04-10 21:00:00,-10.03,0.68,414.7
2024-04-10 22:00:00,-13.19,-3.17,428.8
2024-04-10 23:00:00,-11.42,2.77,409.0
2024-04-11 00:00:00,-14.59,0.51,452.2
2024-04-11 01:00:00,-7.16,1.91,390.2
2024-04-11 02:00:00,-5.78,2.24,392.1
2024-04-11 03:00:00,-6.65,0.82,406.9
2024-04-11 04:00:00,-2.3,-4.47,413.9
2024-04-11 05:00:00,-6.17,0.3,406.8
2024-04-11 06:00:00,-3.31,0.42,361.5
2024-04-11 07:00:00,-8.23,-2.17,409.4
2024-04-11 08:00:00,-5.74,-3.58,388.8
2024-04-11 09:00:00,-6.99,0.92,382.6
2024-04-11 10:00:00,-6.82,-2.5,401.0
2024-04-11 11:00:00,-9.81,4.12,371.2
2024-04-11 12:00:00,-10.39,0.53,365.9
2024-04-11 13:00:00,-8.82,2.7,321.5
2024-04-11 14:00:00,-13.81,0.06,452.4
2024-04-11 15:00:00,-18.36,1.5,416.7
2024-04-11 16:00:00,-9.08,0.11,396.5
2024-04-11 17:00:00,-10.69,2.01,380.0
2024-04-11 18:00:00,-18.88,-4.08,313.7
2024-04-11 19:00:00,-12.76,1.78,378.1
2024-04-11 20:00:00,-15.84,1.34,421.5
2024-04-11 21:00:00,-12.75,-0.31,428.3
2024-04-11 22:00:00,-11.62,-0.82,419.3
2024-04-11 23:00:00,-12.0,-0.6,404.8
2024-04-12 00:00:00,-12.35,0.57,439.1
2024-04-12 01:00:00,-10.78,2.43,390.1
2024-04-12 02:00:00,-10.25,-1.07,432.6
2024-04-12 03:00:00,-8.96,-3.4,388.5
2024-04-12 04:00:00,-5.87,4.97,373.6
2024-04-12 05:00:00,-7.32,1.34,369.8
2024-04-12 06:00:00,-2.95,-0.78,368.1
2024-04-12 07:00:00,-0.71,2.38,419.8
2024-04-12 08:00:00,-7.41,1.87,377.7
2024-04-12 09:00:00,-5.75,0.98,369.0
2024-04-12 10:00:00,-6.0,-0.95,421.4
2024-04-12 11:00:00,-7.29,1.33,409.8
2024-04-12 12:00:00,-9.77,2.18,428.9
2024-04-12 13:00:00,-9.07,-3.44,415.4
2024-04-12 14:00:00,-11.05,0.45,377.4
2024-04-12 15:00:00,-17.25,0.6,402.3
2024-04-12 16:00:00,-11.72,0.53,403.8
2024-04-12 17:00:00,-12.17,0.09,372.4
2024-04-12 18:00:00,-17.29,2.37,366.9
2024-04-12 19:00:00,-14.72,-0.42,379.6
2024-04-12 20:00:00,-12.28,-0.01,461.1
2024-04-12 21:00:00,-14.16,0.63,387.6
2024-04-12 22:00:00,-9.28,-0.36,437.0
2024-04-12 23:00:00,-4.2,-2.77,385.9
2024-04-13 00:00:00,-12.36,0.43,426.7
2024-04-13 01:00:00,-12.85,0.45,427.1
2024-04-13 02:00:00,-6.59,-0.73,428.6
2024-04-13 03:00:00,-4.3,-0.26,411.6
2024-04-13 04:00:00,-6.36,-6.36,441.3
2024-04-13 05:00:00,-0.81,2.42,411.4
2024-04-13 06:00:00,-9.02,1.8,451.4
2024-04-13 07:00:00,-3.09,-2.68,351.4
2024-04-13 08:00:00,-7.49,-1.35,410.4
2024-04-13 09:00:00,-1.31,2.9,408.5
2024-04-13 10:00:00,-1.52,-2.31,371.9
2024-04-13 11:00:00,-11.01,0.96,417.4
2024-04-13 12:00:00,-11.65,-0.98,355.3
2024-04-13 13:00:00,-8.72,0.82,380.4
2024-04-13 14:00:00,-13.66,0.1,340.0
2024-04-13 15:00:00,-13.67,-0.57,446.8
2024-04-13 16:00:00,-14.25,0.78,393.1
2024-04-13 17:00:00,-20.59,-0.99,465.0
2024-04-13 18:00:00,-15.04,-3.57,424.1
2024-04-13 19:00:00,-16.9,-1.86,413.4
2024-04-13 20:00:00,-15.81,-2.1,382.4
2024-04-13 21:00:00,-9.2,-3.21,368.6
2024-04-13 22:00:00,-16.27,0.74,415.7
2024-04-13 23:00:00,-8.85,-0.35,397.9
2024-04-14 00:00:00,-10.84,0.71,359.8
2024-04-14 01:00:00,-9.55,1.04,354.5
2024-04-14 02:00:00,-5.13,1.51,371.2
2024-04-14 03:00:00,-5.44,0.81,454.6
2024-04-14 04:00:00,-3.96,-1.96,466.4
2024-04-14 05:00:00,-2.27,1.16,406.1
2024-04-14 06:00:00,-5.99,0.44,404.5
2024-04-14 07:00:00,-7.01,4.38,389.9
2024-04-14 08:00:00,-8.93,0.02,372.0
2024-04-14 09:00:00,-8.94,0.77,441.3
2024-04-14 10:00:00,1.35,-0.19,456.2
2024-04-14 11:00:00,-4.97,0.1,373.2
2024-04-14 12:00:00,-14.05,-0.04,397.5
2024-04-14 13:00:00,-15.26,-0.87,386.5
2024-04-14 14:00:00,-11.05,0.35,387.4
2024-04-14 15:00:00,-11.89,1.24,435.6
2024-04-14 16:00:00,-12.68,-0.84,360.6
2024-04-14 17:00:00,-15.59,1.67,414.0
2024-04-14 18:00:00,-15.38,1.43,421.8
2024-04-14 19:00:00,-13.85,-1.76,395.7
2024-04-14 20:00:00,-14.07,-1.93,426.8
2024-04-14 21:00:00,-20.19,0.9,404.4
2024-04-14 22:00:00,-13.19,-1.18,436.5
2024-04-14 23:00:00,-13.85,-2.09,354.3
2024-04-15 00:00:00,-9.47,3.43,389.5
2024-04-15 01:00:00,0.25,-1.93,397.8
2024-04-15 02:00:00,-6.4,-3.05,319.8
2024-04-15 03:00:00,-7.41,-1.57,367.4
2024-04-15 04:00:00,-2.9,0.46,375.6
2024-04-15 05:00:00,-3.72,0.15,428.4
2024-04-15 06:00:00,-3.74,3.77,378.8
2024-04-15 07:00:00,-3.35,-1.54,375.5
2024-04-15 08:00:00,0.5,0.47,424.5
2024-04-15 09:00:00,-9.86,2.26,351.5
2024-04-15 10:00:00,-6.08,-1.32,337.9
2024-04-15 11:00:00,-11.49,1.41,389.2
2024-04-15 12:00:00,-8.33,-3.66,356.6
2024-04-15 13:00:00,-14.05,3.52,357.7
2024-04-15 14:00:00,-13.75,1.99,417.2
2024-04-15 15:00:00,-14.42,-1.36,426.3
2024-04-15 16:00:00,-11.4,1.66,423.7
2024-04-15 17:00:00,-12.07,2.63,433.3
2024-04-15 18:00:00,-18.74,-2.58,437.2
2024-04-15 19:00:00,-14.66,-1.2,336.1
2024-04-15 20:00:00,-16.46,2.69,413.5
2024-04-15 21:00:00,-17.31,0.13,384.1
2024-04-15 22:00:00,-13.15,0.87,377.6
2024-04-15 23:00:00,-12.22,0.14,416.8
2024-04-16 00:00:00,-2.72,1.78,348.1
2024-04-16 01:00:00,-7.41,1.03,347.5
2024-04-16 02:00:00,-11.63,0.21,419.0
2024-04-16 03:00:00,-8.16,-4.2,414.6
2024-04-16 04:00:00,-2.61,1.28,404.1
2024-04-16 05:00:00,1.09,1.46,373.6
2024-04-16 06:00:00,-9.76,-2.48,422.3
2024-04-16 07:00:00,-10.81,-2.34,420.4
2024-04-16 08:00:00,-0.06,1.04,402.6
2024-04-16 09:00:00,-5.3,0.39,364.7
2024-04-16 10:00:00,-10.1,-3.95,387.2
2024-04-16 11:00:00,-7.1,-1.64,425.1
2024-04-16 12:00:00,-17.91,0.63,439.8
2024-04-16 13:00:00,-11.28,1.35,390.2
2024-04-16 14:00:00,-11.52,-1.17,392.5
2024-04-16 15:00:00,-10.76,-0.29,395.1
2024-04-16 16:00:00,-17.37,-1.76,408.2
2024-04-16 17:00:00,-14.57,2.65,382.6
2024-04-16 18:00:00,-17.78,0.35,313.2
2024-04-16 19:00:00,-14.06,-1.34,435.8
2024-04-16 20:00:00,-17.02,-2.31,453.8
2024-04-16 21:00:00,-14.76,-2.53,381.6
2024-04-16 22:00:00,-15.49,3.62,368.0
2024-04-16 23:00:00,-9.34,-0.35,395.9
2024-04-17 00:00:00,-7.42,-0.8,394.4
2024-04-17 01:00:00,-9.41,-0.43,429.9
2024-04-17 02:00:00,-7.39,-1.26,401.6
2024-04-17 03:00:00,-10.81,-0.21,376.2
2024-04-17 04:00:00,-6.57,0.07,360.4
2024-04-17 05:00:00,-5.32,0.03,426.0
2024-04-17 06:00:00,2.86,-2.53,418.0
2024-04-17 07:00:00,-8.51,1.78,431.8
2024-04-17 08:00:00,-1.28,-1.11,371.0
2024-04-17 09:00:00,-3.47,-1.32,455.2
2024-04-17 10:00:00,-6.66,-1.41,347.7
2024-04-17 11:00:00,-3.43,-2.1,421.3
2024-04-17 12:00:00,-8.88,0.54,342.7
2024-04-17 13:00:00,-10.13,1.79,376.3
2024-04-17 14:00:00,-12.66,-1.45,446.8
2024-04-17 15:00:00,-9.86,-3.69,424.9
2024-04-17 16:00:00,-11.04,-2.05,383.6
2024-04-17 17:00:00,-16.71,-0.9,384.4
2024-04-17 18:00:00,-18.96,-2.46,403.0
2024-04-17 19:00:00,-15.44,-1.2,415.4
2024-04-17 20:00:00,-16.73,-1.1,437.5
2024-04-17 21:00:00,-13.73,-0.03,386.3
2024-04-17 22:00:00,-8.79,-2.91,351.6
2024-04-17 23:00:00,-12.67,1.16,404.7
2024-04-18 00:00:00,-10.13,3.32,386.3
2024-04-18 01:00:00,-8.53,2.86,361.0
2024-04-18 02:00:00,-4.95,-1.17,408.9
2024-04-18 03:00:00,-13.21,1.34,393.6
2024-04-18 04:00:00,-7.49,1.1,409.2
2024-04-18 05:00:00,-4.54,-0.09,373.2
2024-04-18 06:00:00,-1.4,0.35,414.6
2024-04-18 07:00:00,-6.65,1.37,360.5
2024-04-18 08:00:00,-11.3,1.77,375.2
2024-04-18 09:00:00,-4.61,-1.62,392.7
2024-04-18 10:00:00,-9.41,1.5,452.3
2024-04-18 11:00:00,-12.27,3.33,423.5
2024-04-18 12:00:00,-11.87,1.76,432.3
2024-04-18 13:00:00,-11.85,3.07,442.5
2024-04-18 14:00:00,-14.31,-5.17,508.1
2024-04-18 15:00:00,-20.15,1.19,401.2
2024-04-18 16:00:00,-11.64,0.53,442.6
2024-04-18 17:00:00,-11.01,2.05,430.4
2024-04-18 18:00:00,-13.05,-2.25,429.9
2024-04-18 19:00:00,-18.24,-1.01,453.2
2024-04-18 20:00:00,-14.93,1.8,387.4
2024-04-18 21:00:00,-13.56,-2.12,385.0
2024-04-18 22:00:00,-10.7,0.48,409.6
2024-04-18 23:00:00,-9.29,-0.03,394.5
2024-04-19 00:00:00,-12.2,-0.39,409.6
2024-04-19 01:00:00,-8.46,1.15,446.9
2024-04-19 02:00:00,-6.13,-2.23,385.7
2024-04-19 03:00:00,-2.1,-1.56,390.9
2024-04-19 04:00:00,-3.56,-0.28,405.2
2024-04-19 05:00:00,-2.8,-2.4,393.2
2024-04-19 06:00:00,-4.75,2.46,342.6
2024-04-19 07:00:00,-0.94,-1.6,382.6
2024-04-19 08:00:00,-4.44,1.57,420.6
2024-04-19 09:00:00,-9.05,-1.75,443.1
2024-04-19 10:00:00,-3.29,1.41,365.4
2024-04-19 11:00:00,-6.61,-3.22,365.2
2024-04-19 12:00:00,-11.33,2.82,400.9
2024-04-19 13:00:00,-12.73,2.27,337.7
2024-04-19 14:00:00,-11.61,-1.11,386.7
2024-04-19 15:00:00,-12.15,-1.65,347.9
2024-04-19 16:00:00,-13.74,0.92,441.1
2024-04-19 17:00:00,-13.9,-3.05,376.9
2024-04-19 18:00:00,-9.9,0.07,449.6
2024-04-19 19:00:00,-11.61,-1.62,433.4
2024-04-19 20:00:00,-13.76,-0.51,380.6
2024-04-19 21:00:00,-10.71,-1.29,367.8
2024-04-19 22:00:00,-15.6,-1.6,394.2
2024-04-19 23:00:00,-10.1,3.41,396.9
2024-04-20 00:00:00,-4.57,1.56,410.4
2024-04-20 01:00:00,-9.36,-2.96,376.7
2024-04-20 02:00:00,-10.04,-1.75,422.4
2024-04-20 03:00:00,-8.42,1.71,408.0
2024-04-20 04:00:00,-8.94,1.94,389.8
2024-04-20 05:00:00,-7.52,-2.77,378.6
2024-04-20 06:00:00,-6.11,1.4,394.5
2024-04-20 07:00:00,-9.39,0.53,375.5
2024-04-20 08:00:00,-5.62,-3.88,401.8
2024-04-20 09:00:00,-3.76,-0.81,402.6
2024-04-20 10:00:00,-10.22,-0.27,407.9
2024-04-20 11:00:00,-4.15,0.1,453.0
2024-04-20 12:00:00,-8.47,-2.64,396.0
2024-04-20 13:00:00,-8.2,-1.53,430.1
2024-04-20 14:00:00,-14.47,-1.25,406.9
2024-04-20 15:00:00,-10.97,-1.07,392.9
2024-04-20 16:00:00,-17.61,-1.04,396.4
2024-04-20 17:00:00,-12.16,-0.27,398.2
2024-04-20 18:00:00,-14.48,0.62,408.4
2024-04-20 19:00:00,-13.17,3.55,371.2
2024-04-20 20:00:00,-17.86,1.74,356.0
2024-04-20 21:00:00,-16.22,2.63,419.6
2024-04-20 22:00:00,-10.71,-0.96,426.9
2024-04-20 23:00:00,-14.14,-2.01,422.4
2024-04-21 00:00:00,-8.61,1.6,404.6
2024-04-21 01:00:00,-12.81,-0.03,423.0
2024-04-21 02:00:00,-4.96,1.46,421.4
2024-04-21 03:00:00,-10.16,-1.76,423.6
2024-04-21 04:00:00,-4.01,1.3,374.2
2024-04-21 05:00:00,-3.29,-0.35,367.1
2024-04-21 06:00:00,-7.09,-0.92,388.3
2024-04-21 07:00:00,-3.42,-0.73,399.5
2024-04-21 08:00:00,-4.89,0.98,392.7
2024-04-21 09:00:00,-8.08,1.55,343.7
2024-04-21 10:00:00,-10.53,-0.73,451.7
2024-04-21 11:00:00,-14.59,0.69,391.8
2024-04-21 12:00:00,-8.95,0.68,405.2
2024-04-21 13:00:00,-15.99,1.48,437.3
2024-04-21 14:00:00,-12.21,1.97,329.7
2024-04-21 15:00:00,-14.33,3.62,384.6
2024-04-21 16:00:00,-12.29,-0.93,388.4
2024-04-21 17:00:00,-15.74,2.92,389.9
2024-04-21 18:00:00,-15.99,0.23,394.8
2024-04-21 19:00:00,-12.63,-2.19,443.4
2024-04-21 20:00:00,-13.32,-1.3,420.2
2024-04-21 21:00:00,-12.59,0.93,428.7
2024-04-21 22:00:00,-11.09,1.45,401.4
2024-04-21 23:00:00,-15.9,-2.03,358.0
2024-04-22 00:00:00,-7.73,-1.53,337.6
2024-04-22 01:00:00,-6.87,-1.07,354.1
2024-04-22 02:00:00,-10.55,-1.73,410.8
2024-04-22 03:00:00,-7.2,-3.76,401.0
2024-04-22 04:00:00,-5.79,-4.44,393.7
2024-04-22 05:00:00,-5.57,-0.76,388.9
2024-04-22 06:00:00,-4.0,0.5,460.4
2024-04-22 07:00:00,-0.88,1.31,375.3
2024-04-22 08:00:00,-2.42,-2.72,427.8
2024-04-22 09:00:00,-10.4,-2.69,400.1
2024-04-22 10:00:00,-5.63,-1.06,398.2
2024-04-22 11:00:00,-4.72,0.01,435.3
2024-04-22 12:00:00,-8.84,2.02,443.9
2024-04-22 13:00:00,-8.02,1.44,392.8
2024-04-22 14:00:00,-6.46,-0.74,424.0
2024-04-22 15:00:00,-10.46,0.72,410.9
2024-04-22 16:00:00,-13.58,-1.69,400.2
2024-04-22 17:00:00,-11.69,0.15,406.1
2024-04-22 18:00:00,-14.57,-0.12,379.4
2024-04-22 19:00:00,-14.76,2.81,390.8
2024-04-22 20:00:00,-15.38,0.99,382.6
2024-04-22 21:00:00,-8.85,-1.54,427.0
2024-04-22 22:00:00,-14.96,-1.52,397.1
2024-04-22 23:00:00,-6.7,-0.67,361.1
2024-04-23 00:00:00,-8.5,-3.13,378.3
2024-04-23 01:00:00,-12.9,-0.46,304.0
2024-04-23 02:00:00,-6.4,-0.29,385.2
2024-04-23 03:00:00,-12.76,0.93,401.1
2024-04-23 04:00:00,-3.79,1.22,395.9
2024-04-23 05:00:00,-2.51,0.2,459.4
2024-04-23 06:00:00,-6.78,-3.26,417.2
2024-04-23 07:00:00,-4.8,-2.44,415.9
2024-04-23 08:00:00,0.19,-1.21,350.7
2024-04-23 09:00:00,-7.98,1.3,389.1
2024-04-23 10:00:00,-10.68,1.24,385.4
2024-04-23 11:00:00,-4.26,-0.5,376.4
2024-04-23 12:00:00,-4.11,4.72,376.0
2024-04-23 13:00:00,-11.28,3.12,345.8
2024-04-23 14:00:00,-9.47,2.48,361.7
2024-04-23 15:00:00,-9.51,1.4,426.2
2024-04-23 16:00:00,-16.56,0.92,395.7
2024-04-23 17:00:00,-16.29,0.77,384.8
2024-04-23 18:00:00,-11.31,-3.61,399.8
2024-04-23 19:00:00,-9.77,-2.1,435.0
2024-04-23 20:00:00,-12.64,-0.44,400.1
2024-04-23 21:00:00,-16.17,0.26,416.2
2024-04-23 22:00:00,-6.54,-0.25,374.6
2024-04-23 23:00:00,-12.89,0.54,381.4
2024-04-24 00:00:00,-11.01,-4.21,410.6
2024-04-24 01:00:00,-7.68,1.01,456.8
2024-04-24 02:00:00,-2.84,0.12,442.9
2024-04-24 03:00:00,-3.9,-0.37,417.5
2024-04-24 04:00:00,-4.43,1.85,404.5
2024-04-24 05:00:00,-3.78,-2.09,442.0
2024-04-24 06:00:00,-4.87,-0.47,423.8
2024-04-24 07:00:00,-3.5,0.57,331.2
2024-04-24 08:00:00,-13.26,-1.71,368.4
2024-04-24 09:00:00,-7.35,-4.01,410.1
2024-04-24 10:00:00,-6.78,-2.31,346.4
2024-04-24 11:00:00,-12.16,-0.13,373.1
2024-04-24 12:00:00,-8.84,-0.5,379.0
2024-04-24 13:00:00,-11.91,-0.04,392.3
2024-04-24 14:00:00,-7.23,-1.32,391.4
2024-04-24 15:00:00,-8.82,-2.62,391.3
2024-04-24 16:00:00,-15.73,0.27,424.8
2024-04-24 17:00:00,-15.28,-0.33,392.0
2024-04-24 18:00:00,-15.22,1.28,388.5
2024-04-24 19:00:00,-16.18,-1.5,359.5
2024-04-24 20:00:00,-13.75,-4.04,430.7
2024-04-24 21:00:00,-15.81,-5.21,379.9
2024-04-24 22:00:00,-15.89,-0.8,367.4
2024-04-24 23:00:00,-9.43,0.26,406.4
2024-04-25 00:00:00,-8.11,-0.46,377.0
2024-04-25 01:00:00,-11.12,-1.13,384.2
2024-04-25 02:00:00,-4.81,-3.18,407.8
2024-04-25 03:00:00,-8.36,-3.78,390.2
2024-04-25 04:00:00,-4.91,0.73,469.3
2024-04-25 05:00:00,-2.71,-0.46,397.8
2024-04-25 06:00:00,-5.1,-0.73,418.5
2024-04-25 07:00:00,-3.81,-3.08,341.7
2024-04-25 08:00:00,-7.22,-1.93,374.2
2024-04-25 09:00:00,-7.05,0.09,367.4
2024-04-25 10:00:00,-8.12,0.57,371.4
2024-04-25 11:00:00,-10.95,-0.33,412.5
2024-04-25 12:00:00,-10.53,2.76,431.1
2024-04-25 13:00:00,-15.94,-1.15,410.3
2024-04-25 14:00:00,-13.97,2.57,393.2
2024-04-25 15:00:00,-14.39,0.43,381.1
2024-04-25 16:00:00,-15.1,0.22,433.4
2024-04-25 17:00:00,-15.55,1.87,462.1
2024-04-25 18:00:00,-15.19,-1.25,404.1
2024-04-25 19:00:00,-13.39,-0.66,428.2
2024-04-25 20:00:00,-11.71,-2.45,410.3
2024-04-25 21:00:00,-15.48,1.87,422.7
2024-04-25 22:00:00,-16.11,0.67,365.1
2024-04-25 23:00:00,-14.42,2.2,385.4
2024-04-26 00:00:00,-11.46,0.41,411.9
2024-04-26 01:00:00,-9.76,2.21,436.4
2024-04-26 02:00:00,-9.81,-1.49,375.5
2024-04-26 03:00:00,-10.35,1.97,339.0
2024-04-26 04:00:00,-7.04,-0.8,385.1
2024-04-26 05:00:00,-4.63,0.01,430.3
2024-04-26 06:00:00,-3.21,1.46,352.5
2024-04-26 07:00:00,-6.84,4.66,364.7
2024-04-26 08:00:00,-6.91,1.64,404.7
2024-04-26 09:00:00,-9.24,1.83,396.5
2024-04-26 10:00:00,-7.59,-1.09,417.8
2024-04-26 11:00:00,-11.25,0.31,363.1
2024-04-26 12:00:00,-8.28,-0.19,390.3
2024-04-26 13:00:00,-16.65,2.82,435.9
2024-04-26 14:00:00,-13.58,-0.29,364.2
2024-04-26 15:00:00,-12.63,2.66,444.3
2024-04-26 16:00:00,-13.78,-2.6,368.0
2024-04-26 17:00:00,-6.75,2.8,425.5
2024-04-26 18:00:00,-13.95,-1.72,388.8
2024-04-26 19:00:00,-17.84,1.71,365.7
2024-04-26 20:00:00,-14.62,-1.73,385.1
2024-04-26 21:00:00,-18.86,1.24,416.3
2024-04-26 22:00:00,-12.74,-1.93,399.8
2024-04-26 23:00:00,-13.79,2.07,433.6
2024-04-27 00:00:00,-7.25,1.69,443.1
2024-04-27 01:00:00,-10.35,-1.2,364.5
2024-04-27 02:00:00,-7.85,1.16,362.3
2024-04-27 03:00:00,-8.37,1.89,360.9
2024-04-27 04:00:00,-0.45,-1.85,373.0
2024-04-27 05:00:00,-6.13,-2.07,433.1
2024-04-27 06:00:00,0.5,-2.14,416.8
2024-04-27 07:00:00,-2.73,-2.43,383.6
2024-04-27 08:00:00,-4.22,-2.15,399.7
2024-04-27 09:00:00,-5.36,1.85,442.1
2024-04-27 10:00:00,-6.32,1.12,457.2
2024-04-27 11:00:00,-14.49,-3.39,407.8
2024-04-27 12:00:00,-10.84,-1.02,320.2
2024-04-27 13:00:00,-8.76,-2.32,408.9
2024-04-27 14:00:00,-12.65,1.72,428.0
2024-04-27 15:00:00,-17.75,-0.9,406.7
2024-04-27 16:00:00,-14.49,-3.09,421.8
2024-04-27 17:00:00,-9.72,0.34,410.7
2024-04-27 18:00:00,-11.26,1.21,363.0
2024-04-27 19:00:00,-15.02,-1.91,373.4
2024-04-27 20:00:00,-11.48,-0.53,390.4
2024-04-27 21:00:00,-14.64,-1.8,432.0
2024-04-27 22:00:00,-17.61,2.49,377.0
2024-04-27 23:00:00,-14.07,-0.86,413.7
2024-04-28 00:00:00,-5.31,-1.44,409.1
2024-04-28 01:00:00,-9.53,-0.1,447.6
2024-04-28 02:00:00,-8.23,-0.42,398.7
2024-04-28 03:00:00,-7.36,1.38,347.4
2024-04-28 04:00:00,0.04,2.43,419.4
2024-04-28 05:00:00,-0.29,2.45,464.1
2024-04-28 06:00:00,1.66,-0.76,421.4
2024-04-28 07:00:00,-5.65,0.61,376.4
2024-04-28 08:00:00,-4.78,2.98,367.5
2024-04-28 09:00:00,-11.01,3.05,371.4
2024-04-28 10:00:00,-3.07,-1.75,460.1
2024-04-28 11:00:00,-12.21,1.18,390.2
2024-04-28 12:00:00,-9.35,0.85,380.1
2024-04-28 13:00:00,-14.59,1.85,395.2
2024-04-28 14:00:00,-14.27,2.49,390.5
2024-04-28 15:00:00,-16.05,-2.08,447.0
2024-04-28 16:00:00,-16.15,-1.38,369.6
2024-04-28 17:00:00,-16.45,1.82,435.4
2024-04-28 18:00:00,-16.64,0.3,403.7
2024-04-28 19:00:00,-12.33,-4.45,436.2
2024-04-28 20:00:00,-17.64,-3.33,447.5
2024-04-28 21:00:00,-12.87,1.33,402.5
2024-04-28 22:00:00,-8.85,1.68,390.5
2024-04-28 23:00:00,-12.83,-2.7,402.0
2024-04-29 00:00:00,-12.15,2.2,397.2
2024-04-29 01:00:00,-9.4,-0.39,350.3
2024-04-29 02:00:00,-3.96,-2.04,446.6
2024-04-29 03:00:00,-5.88,-1.12,407.4
2024-04-29 04:00:00,-7.26,-2.45,365.1
2024-04-29 05:00:00,-3.72,-1.23,338.0
2024-04-29 06:00:00,-8.31,-3.74,330.2
2024-04-29 07:00:00,-3.13,-0.15,423.1
2024-04-29 08:00:00,-4.44,1.17,381.4
2024-04-29 09:00:00,-7.39,-2.69,386.4
2024-04-29 10:00:00,-10.02,0.03,414.6
2024-04-29 11:00:00,-11.37,-1.61,384.5
2024-04-29 12:00:00,-8.4,1.34,416.4
2024-04-29 13:00:00,-7.61,-4.63,402.9
2024-04-29 14:00:00,-14.41,1.42,397.5
2024-04-29 15:00:00,-12.16,-3.64,352.8
2024-04-29 16:00:00,-20.59,-0.42,375.4
2024-04-29 17:00:00,-16.58,-1.42,418.1
2024-04-29 18:00:00,-15.09,-0.72,379.5
2024-04-29 19:00:00,-17.56,-3.06,436.2
2024-04-29 20:00:00,-17.14,3.32,470.4
2024-04-29 21:00:00,-15.54,-2.57,419.7
2024-04-29 22:00:00,-11.62,-2.42,444.8
2024-04-29 23:00:00,-11.86,3.59,421.6
2024-04-30 00:00:00,-16.71,0.65,384.0
2024-04-30 01:00:00,-15.07,-2.51,406.0
2024-04-30 02:00:00,-9.32,-0.26,460.4
2024-04-30 03:00:00,-5.09,-0.47,384.3
2024-04-30 04:00:00,-13.91,-3.38,368.8
2024-04-30 05:00:00,-6.67,-1.52,366.0
2024-04-30 06:00:00,-6.58,-0.05,393.5
2024-04-30 07:00:00,-1.01,2.53,369.9
2024-04-30 08:00:00,-6.82,-0.38,450.2
2024-04-30 09:00:00,-5.32,-0.23,406.5
2024-04-30 10:00:00,-7.08,-17.46,706.0
2024-04-30 11:00:00,-45.05,-13.64,667.9
2024-04-30 12:00:00,-67.61,-14.02,642.6
2024-04-30 13:00:00,-100.51,-14.25,637.6
2024-04-30 14:00:00,-130.8,-15.6,649.6
2024-04-30 15:00:00,-151.53,-19.03,687.3
2024-04-30 16:00:00,-170.36,2.17,692.5
2024-04-30 17:00:00,-146.42,0.11,695.0
2024-04-30 18:00:00,-140.74,-0.62,632.2
2024-04-30 19:00:00,-127.99,0.9,676.8
2024-04-30 20:00:00,-118.58,0.45,646.1
2024-04-30 21:00:00,-109.88,-2.14,688.9
2024-04-30 22:00:00,-101.02,-0.64,691.2
2024-04-30 23:00:00,-89.57,-3.81,641.7
2024-05-01 00:00:00,-86.93,0.17,705.9
2024-05-01 01:00:00,-72.54,2.66,747.0
2024-05-01 02:00:00,-69.09,-3.59,701.9
2024-05-01 03:00:00,-64.95,0.26,672.0
2024-05-01 04:00:00,-57.33,1.34,390.5
2024-05-01 05:00:00,-47.34,1.63,393.7
2024-05-01 06:00:00,-48.55,-1.49,377.2
2024-05-01 07:00:00,-42.4,-2.2,407.6
2024-05-01 08:00:00,-42.84,-1.17,365.8
2024-05-01 09:00:00,-36.13,2.38,343.3
2024-05-01 10:00:00,-34.6,-3.42,406.6
2024-05-01 11:00:00,-29.79,-2.43,400.6
2024-05-01 12:00:00,-34.84,-0.92,382.9
2024-05-01 13:00:00,-31.49,-1.95,361.5
2024-05-01 14:00:00,-32.48,-0.08,408.7
2024-05-01 15:00:00,-28.16,2.83,370.3
2024-05-01 16:00:00,-33.39,-2.41,395.8
2024-05-01 17:00:00,-28.03,-0.29,452.9
2024-05-01 18:00:00,-29.67,-0.02,419.5
2024-05-01 19:00:00,-27.89,-0.67,358.9
2024-05-01 20:00:00,-25.8,-3.16,361.8
2024-05-01 21:00:00,-23.51,-1.28,404.6
2024-05-01 22:00:00,-22.64,-1.27,358.7
2024-05-01 23:00:00,-19.59,1.27,339.9
2024-05-02 00:00:00,-13.43,0.84,416.0
2024-05-02 01:00:00,-13.21,-3.1,409.6
2024-05-02 02:00:00,-4.89,-0.77,413.5
2024-05-02 03:00:00,-7.83,-1.0,407.9
2024-05-02 04:00:00,-8.34,3.91,398.0
2024-05-02 05:00:00,-2.3,0.58,380.1
2024-05-02 06:00:00,-2.37,-2.15,415.5
2024-05-02 07:00:00,-0.75,-1.55,445.9
2024-05-02 08:00:00,-7.48,-0.76,385.0
2024-05-02 09:00:00,-7.15,0.72,369.4
2024-05-02 10:00:00,-12.42,0.97,365.9
2024-05-02 11:00:00,-9.88,0.4,374.0
2024-05-02 12:00:00,-7.01,-0.42,406.1
2024-05-02 13:00:00,-12.69,-0.27,335.8
2024-05-02 14:00:00,-10.58,-0.26,413.2
2024-05-02 15:00:00,-14.11,-3.57,419.3
2024-05-02 16:00:00,-13.36,-0.12,346.1
2024-05-02 17:00:00,-18.27,-1.15,370.6
2024-05-02 18:00:00,-14.74,-3.31,402.4
2024-05-02 19:00:00,-23.8,4.84,395.7
2024-05-02 20:00:00,-14.89,0.62,415.6
2024-05-02 21:00:00,-18.43,0.03,395.8
2024-05-02 22:00:00,-8.88,-0.74,437.9
2024-05-02 23:00:00,-8.96,1.46,390.4
2024-05-03 00:00:00,-8.6,-2.32,370.5
2024-05-03 01:00:00,-4.14,-0.63,368.1
2024-05-03 02:00:00,-10.35,-1.9,422.1
2024-05-03 03:00:00,-1.22,1.44,400.9
2024-05-03 04:00:00,-2.87,-1.65,419.0
2024-05-03 05:00:00,-5.88,2.2,418.4
2024-05-03 06:00:00,-1.59,-0.2,339.4
2024-05-03 07:00:00,-8.49,1.55,365.8
2024-05-03 08:00:00,-8.14,0.8,369.4
2024-05-03 09:00:00,-8.29,2.12,375.5
2024-05-03 10:00:00,-9.09,-1.87,387.4
2024-05-03 11:00:00,-11.88,1.81,430.0
2024-05-03 12:00:00,-6.33,-3.73,436.0
2024-05-03 13:00:00,-12.07,0.09,391.2
2024-05-03 14:00:00,-11.44,-1.09,392.5
2024-05-03 15:00:00,-15.25,-2.81,378.8
2024-05-03 16:00:00,-19.79,-1.79,402.7
2024-05-03 17:00:00,-14.02,-1.28,406.1
2024-05-03 18:00:00,-20.74,-0.39,424.2
2024-05-03 19:00:00,-15.04,-1.05,424.0
2024-05-03 20:00:00,-18.44,0.16,330.9
2024-05-03 21:00:00,-7.57,-1.66,395.4
2024-05-03 22:00:00,-9.77,-0.95,441.5
2024-05-03 23:00:00,-10.98,-0.58,386.9
2024-05-04 00:00:00,-6.21,0.36,434.2
2024-05-04 01:00:00,-11.24,1.7,390.8
2024-05-04 02:00:00,-5.87,1.71,405.2
2024-05-04 03:00:00,-5.87,0.47,365.9
2024-05-04 04:00:00,-4.88,0.86,367.0
2024-05-04 05:00:00,-1.35,0.62,421.8
2024-05-04 06:00:00,-2.8,-0.63,426.5
2024-05-04 07:00:00,-4.3,1.8,400.8
2024-05-04 08:00:00,-10.63,-1.83,363.2
2024-05-04 09:00:00,-9.34,-4.1,401.3
2024-05-04 10:00:00,-7.87,-2.08,437.7
2024-05-04 11:00:00,-8.43,2.81,452.3
2024-05-04 12:00:00,-13.39,-0.59,390.5
2024-05-04 13:00:00,-4.06,0.55,350.2
2024-05-04 14:00:00,-7.95,-0.55,425.2
2024-05-04 15:00:00,-11.73,1.12,391.7
2024-05-04 16:00:00,-14.11,0.14,428.3
2024-05-04 17:00:00,-15.47,-0.14,408.4
2024-05-04 18:00:00,-17.86,1.23,373.5
2024-05-04 19:00:00,-14.6,-0.93,401.7
2024-05-04 20:00:00,-13.56,0.74,439.3
2024-05-04 21:00:00,-17.26,-0.35,395.5
2024-05-04 22:00:00,-11.5,-0.21,369.0
2024-05-04 23:00:00,-11.76,-1.64,352.3
2024-05-05 00:00:00,-15.72,-0.43,376.8
2024-05-05 01:00:00,-11.29,-1.08,387.7
2024-05-05 02:00:00,-8.74,2.26,424.6
2024-05-05 03:00:00,-0.8,-3.37,366.4
2024-05-05 04:00:00,-4.0,1.78,446.6
2024-05-05 05:00:00,-9.18,-3.49,359.9
2024-05-05 06:00:00,-3.54,1.07,469.9
2024-05-05 07:00:00,-9.81,-1.68,451.8
2024-05-05 08:00:00,-2.42,1.13,404.2
2024-05-05 09:00:00,-7.88,-0.24,350.6
2024-05-05 10:00:00,-7.78,-2.86,398.3
2024-05-05 11:00:00,-4.73,2.72,388.4
2024-05-05 12:00:00,-13.86,1.55,361.8
2024-05-05 13:00:00,-15.49,1.01,408.7
2024-05-05 14:00:00,-14.25,-1.28,375.3
2024-05-05 15:00:00,-10.42,1.62,378.6
2024-05-05 16:00:00,-18.89,-2.57,393.9
2024-05-05 17:00:00,-23.33,-4.46,382.8
2024-05-05 18:00:00,-16.35,-3.12,462.3
2024-05-05 19:00:00,-13.17,-1.84,383.9
2024-05-05 20:00:00,-10.73,-1.51,413.2
2024-05-05 21:00:00,-14.93,-0.87,404.4
2024-05-05 22:00:00,-13.73,-0.78,410.6
2024-05-05 23:00:00,-7.83,-1.3,412.9
2024-05-06 00:00:00,-15.61,-4.23,426.4
2024-05-06 01:00:00,-9.87,0.38,408.0
2024-05-06 02:00:00,-6.93,-0.53,406.7
2024-05-06 03:00:00,-5.12,-1.39,401.8
2024-05-06 04:00:00,-7.2,2.8,395.8
2024-05-06 05:00:00,-5.07,-0.48,372.6
2024-05-06 06:00:00,-12.46,0.12,398.2
2024-05-06 07:00:00,-7.15,1.59,407.2
2024-05-06 08:00:00,-4.31,-2.98,412.1
2024-05-06 09:00:00,-9.41,-0.05,405.4
2024-05-06 10:00:00,-7.32,1.59,393.0
2024-05-06 11:00:00,-7.37,-0.18,398.3
2024-05-06 12:00:00,-11.03,-2.61,383.4
2024-05-06 13:00:00,-10.78,-0.96,409.4
2024-05-06 14:00:00,-15.39,0.38,393.4
2024-05-06 15:00:00,-14.16,-4.21,405.4
2024-05-06 16:00:00,-12.5,-2.71,430.0
2024-05-06 17:00:00,-14.36,3.95,378.7
2024-05-06 18:00:00,-16.76,0.97,417.9
2024-05-06 19:00:00,-14.16,2.97,401.0
2024-05-06 20:00:00,-12.19,1.73,460.6
2024-05-06 21:00:00,-19.69,0.79,393.5
2024-05-06 22:00:00,-9.02,-0.62,420.9
2024-05-06 23:00:00,-12.3,0.76,400.5
2024-05-07 00:00:00,-8.72,2.9,358.4
2024-05-07 01:00:00,-5.11,1.65,384.4
2024-05-07 02:00:00,-11.62,0.33,426.4
2024-05-07 03:00:00,-8.59,-0.34,387.0
2024-05-07 04:00:00,-6.54,1.0,333.4
2024-05-07 05:00:00,-7.52,-1.06,399.1
2024-05-07 06:00:00,0.2,1.0,367.2
2024-05-07 07:00:00,-7.74,-1.4,404.0
2024-05-07 08:00:00,-7.34,-0.71,446.5
2024-05-07 09:00:00,-5.85,-2.06,423.1
2024-05-07 10:00:00,-11.11,-0.88,446.1
2024-05-07 11:00:00,-9.89,-1.37,383.2
2024-05-07 12:00:00,-9.05,3.38,395.7
2024-05-07 13:00:00,-12.29,-1.79,368.7
2024-05-07 14:00:00,-12.78,0.77,379.5
2024-05-07 15:00:00,-15.12,-1.89,372.2
2024-05-07 16:00:00,-18.87,0.09,360.8
2024-05-07 17:00:00,-13.86,0.58,441.0
2024-05-07 18:00:00,-9.74,-3.7,337.2
2024-05-07 19:00:00,-14.77,-2.8,441.1
2024-05-07 20:00:00,-13.65,-1.91,437.4
2024-05-07 21:00:00,-11.46,-2.61,415.0
2024-05-07 22:00:00,-16.31,0.17,366.6
2024-05-07 23:00:00,-6.19,0.49,352.5
2024-05-08 00:00:00,-9.39,-2.13,383.5
2024-05-08 01:00:00,-3.81,0.25,418.8
2024-05-08 02:00:00,-9.7,-0.85,400.1
2024-05-08 03:00:00,-1.01,-0.2,368.7
2024-05-08 04:00:00,-3.34,-1.26,434.4
2024-05-08 05:00:00,-3.51,0.98,450.5
2024-05-08 06:00:00,-4.3,3.27,393.2
2024-05-08 07:00:00,-5.92,1.55,403.3
2024-05-08 08:00:00,-2.07,2.79,354.7
2024-05-08 09:00:00,-6.04,-2.81,387.6
2024-05-08 10:00:00,-13.4,-1.35,415.3
2024-05-08 11:00:00,-12.06,1.13,410.6
2024-05-08 12:00:00,-10.56,3.02,384.8
2024-05-08 13:00:00,-10.36,1.3,391.8
2024-05-08 14:00:00,-12.67,-2.05,386.6
2024-05-08 15:00:00,-9.88,-0.87,391.6
2024-05-08 16:00:00,-20.18,0.67,412.7
2024-05-08 17:00:00,-14.4,-0.33,341.0
2024-05-08 18:00:00,-20.45,-1.6,397.8
2024-05-08 19:00:00,-12.55,-0.58,410.5
2024-05-08 20:00:00,-14.61,-0.03,382.9
2024-05-08 21:00:00,-12.28,-2.17,385.6
2024-05-08 22:00:00,-15.09,1.97,386.5
2024-05-08 23:00:00,-7.46,-0.88,385.6
2024-05-09 00:00:00,-6.87,-0.15,400.2
2024-05-09 01:00:00,-6.96,2.07,403.9
2024-05-09 02:00:00,-7.89,-0.25,337.0
2024-05-09 03:00:00,-4.72,1.96,419.6
2024-05-09 04:00:00,-7.79,-2.06,391.3
2024-05-09 05:00:00,-2.6,0.87,458.0
2024-05-09 06:00:00,-0.05,1.68,364.3
2024-05-09 07:00:00,-1.96,-1.66,374.0
2024-05-09 08:00:00,-7.86,-0.36,393.9
2024-05-09 09:00:00,-5.38,-0.32,412.4
2024-05-09 10:00:00,-11.38,0.42,341.5
2024-05-09 11:00:00,-6.99,0.95,375.1
2024-05-09 12:00:00,-8.65,-1.82,417.7
2024-05-09 13:00:00,-16.9,-0.12,371.6
2024-05-09 14:00:00,-15.99,3.18,441.1
2024-05-09 15:00:00,-14.38,2.11,386.4
2024-05-09 16:00:00,-15.23,1.59,373.0
2024-05-09 17:00:00,-18.46,-0.39,418.3
2024-05-09 18:00:00,-13.83,4.26,448.2
2024-05-09 19:00:00,-14.08,2.06,412.5
2024-05-09 20:00:00,-14.91,0.07,437.8
2024-05-09 21:00:00,-15.8,0.44,450.3
2024-05-09 22:00:00,-9.35,-0.92,372.3
2024-05-09 23:00:00,-6.33,0.79,428.2
2024-05-10 00:00:00,-11.45,1.19,354.3
2024-05-10 01:00:00,-10.54,1.41,412.7
2024-05-10 02:00:00,-6.03,-0.36,397.9
2024-05-10 03:00:00,-7.54,-2.95,437.3
2024-05-10 04:00:00,-6.09,0.48,435.2
2024-05-10 05:00:00,-2.95,1.41,417.1
2024-05-10 06:00:00,-10.73,-1.96,409.0
2024-05-10 07:00:00,-1.22,-0.18,415.3
2024-05-10 08:00:00,-5.45,2.68,401.9
2024-05-10 09:00:00,-7.7,-2.41,398.2
2024-05-10 10:00:00,-7.77,-0.57,443.3
2024-05-10 11:00:00,-8.82,2.97,446.9
2024-05-10 12:00:00,-15.19,0.32,395.8
2024-05-10 13:00:00,-6.81,-1.05,407.1
2024-05-10 14:00:00,-12.38,-0.01,402.4
2024-05-10 15:00:00,-12.21,1.65,351.6
2024-05-10 16:00:00,-11.48,-0.41,389.9
2024-05-10 17:00:00,-17.89,1.2,448.0
2024-05-10 18:00:00,-13.58,0.47,377.5
2024-05-10 19:00:00,-15.63,0.63,463.4
2024-05-10 20:00:00,-11.79,1.32,435.2
2024-05-10 21:00:00,-19.92,-0.59,412.0
2024-05-10 22:00:00,-12.8,-1.89,416.8
2024-05-10 23:00:00,-13.1,0.95,372.5
2024-05-11 00:00:00,-8.7,-0.26,392.0
2024-05-11 01:00:00,-7.3,-0.9,443.2
2024-05-11 02:00:00,-9.62,1.05,381.6
2024-05-11 03:00:00,-8.6,2.55,431.8
2024-05-11 04:00:00,-6.0,-0.31,358.7
2024-05-11 05:00:00,-7.86,0.02,364.1
2024-05-11 06:00:00,-2.47,-2.36,457.0
2024-05-11 07:00:00,-6.28,-0.45,399.6
2024-05-11 08:00:00,-14.39,0.44,383.8
2024-05-11 09:00:00,-7.59,-0.04,440.9
2024-05-11 10:00:00,-10.62,-0.72,437.4
2024-05-11 11:00:00,-13.6,1.45,427.6
2024-05-11 12:00:00,-13.71,0.12,382.9
2024-05-11 13:00:00,-10.97,5.18,391.4
2024-05-11 14:00:00,-8.51,0.42,409.3
2024-05-11 15:00:00,-12.6,-5.49,420.8
2024-05-11 16:00:00,-16.15,-2.22,384.7
2024-05-11 17:00:00,-13.46,1.06,405.1
2024-05-11 18:00:00,-16.38,-1.29,408.0
2024-05-11 19:00:00,-16.91,-1.16,438.6
2024-05-11 20:00:00,-17.79,-2.48,422.6
2024-05-11 21:00:00,-18.79,-0.95,354.8
2024-05-11 22:00:00,-13.67,0.39,393.6
2024-05-11 23:00:00,-10.82,0.77,372.1
2024-05-12 00:00:00,-10.29,-2.04,417.0
2024-05-12 01:00:00,-9.95,1.61,427.7
2024-05-12 02:00:00,-10.34,-2.38,403.0
2024-05-12 03:00:00,-4.64,0.88,392.0
2024-05-12 04:00:00,-9.62,0.67,402.1
2024-05-12 05:00:00,-2.84,-1.87,406.3
2024-05-12 06:00:00,-8.01,-2.11,380.8
2024-05-12 07:00:00,-7.43,0.76,363.4
2024-05-12 08:00:00,-10.07,-1.12,338.5
2024-05-12 09:00:00,-7.97,-0.38,438.0
2024-05-12 10:00:00,-4.57,1.37,414.9
2024-05-12 11:00:00,-7.16,0.96,410.9
2024-05-12 12:00:00,-7.06,-1.83,438.0
2024-05-12 13:00:00,-9.73,-0.11,362.3
2024-05-12 14:00:00,-15.81,-1.87,347.9
2024-05-12 15:00:00,-14.53,1.74,411.5
2024-05-12 16:00:00,-16.67,3.07,408.8
2024-05-12 17:00:00,-10.84,-1.69,348.1
2024-05-12 18:00:00,-18.59,-0.06,410.8
2024-05-12 19:00:00,-12.15,1.83,388.0
2024-05-12 20:00:00,-11.65,0.05,375.8
2024-05-12 21:00:00,-8.05,1.12,390.0
2024-05-12 22:00:00,-13.73,0.1,326.8
2024-05-12 23:00:00,-9.16,-2.11,382.3
2024-05-13 00:00:00,-3.16,0.24,378.9
2024-05-13 01:00:00,-10.56,2.25,416.7
2024-05-13 02:00:00,-12.11,0.63,395.3
2024-05-13 03:00:00,-12.1,3.25,419.2
2024-05-13 04:00:00,-3.53,-3.54,323.5
2024-05-13 05:00:00,-10.82,0.76,374.8
2024-05-13 06:00:00,-6.12,-1.3,416.7
2024-05-13 07:00:00,-3.86,-1.75,390.7
2024-05-13 08:00:00,-5.11,2.67,425.4
2024-05-13 09:00:00,-5.19,-0.51,345.9
2024-05-13 10:00:00,-6.83,-0.7,421.9
2024-05-13 11:00:00,-4.87,0.69,380.8
2024-05-13 12:00:00,-12.86,-4.31,377.9
2024-05-13 13:00:00,-13.33,2.71,429.7
2024-05-13 14:00:00,-14.82,3.81,434.9
2024-05-13 15:00:00,-11.04,1.83,431.0
2024-05-13 16:00:00,-11.63,0.82,461.2
2024-05-13 17:00:00,-13.48,-0.43,438.0
2024-05-13 18:00:00,-11.45,-2.15,376.1
2024-05-13 19:00:00,-18.36,2.39,404.2
2024-05-13 20:00:00,-9.33,1.83,389.2
2024-05-13 21:00:00,-8.97,0.9,460.9
2024-05-13 22:00:00,-10.29,0.67,433.1
2024-05-13 23:00:00,-5.95,0.6,394.3
2024-05-14 00:00:00,-14.97,-1.05,426.3
2024-05-14 01:00:00,-10.28,5.0,363.0
2024-05-14 02:00:00,-9.71,-0.57,407.5
2024-05-14 03:00:00,-4.3,-0.85,371.9
2024-05-14 04:00:00,-8.82,2.24,349.3
2024-05-14 05:00:00,-2.9,-0.06,423.5
2024-05-14 06:00:00,-0.89,-0.04,427.3
2024-05-14 07:00:00,-3.08,2.83,413.7
2024-05-14 08:00:00,-4.82,1.36,394.5
2024-05-14 09:00:00,-9.43,1.46,362.0
2024-05-14 10:00:00,-10.04,-2.84,365.2
2024-05-14 11:00:00,-4.96,0.8,370.9
2024-05-14 12:00:00,-7.66,-2.01,393.0
2024-05-14 13:00:00,-11.41,-0.91,432.3
2024-05-14 14:00:00,-13.75,0.35,431.8
2024-05-14 15:00:00,-19.61,-0.07,350.5
2024-05-14 16:00:00,-17.54,1.31,379.2
2024-05-14 17:00:00,-9.1,1.54,378.4
2024-05-14 18:00:00,-18.84,1.69,324.1
2024-05-14 19:00:00,-14.26,-2.69,417.0
2024-05-14 20:00:00,-11.31,4.73,392.6
2024-05-14 21:00:00,-17.3,-0.05,396.6
2024-05-14 22:00:00,-11.95,2.43,440.4
2024-05-14 23:00:00,-8.48,-5.03,402.6
2024-05-15 00:00:00,-9.96,-0.53,387.1
2024-05-15 01:00:00,-0.1,-2.92,417.2
2024-05-15 02:00:00,-12.51,-1.72,431.8
2024-05-15 03:00:00,-3.29,0.1,408.9
2024-05-15 04:00:00,-6.19,-0.67,420.7
2024-05-15 05:00:00,-2.85,2.63,395.6
2024-05-15 06:00:00,-3.68,3.54,397.5
2024-05-15 07:00:00,-7.37,-1.93,403.4
2024-05-15 08:00:00,-4.98,-0.98,377.4
2024-05-15 09:00:00,-12.04,-2.06,383.0
2024-05-15 10:00:00,-5.69,2.31,441.3
2024-05-15 11:00:00,-7.81,0.32,460.2
2024-05-15 12:00:00,-8.08,0.06,447.8
2024-05-15 13:00:00,-8.12,0.62,360.3
2024-05-15 14:00:00,-11.4,-0.62,357.4
2024-05-15 15:00:00,-13.09,-1.71,364.3
2024-05-15 16:00:00,-16.97,0.1,404.0
2024-05-15 17:00:00,-16.97,-0.53,315.7
2024-05-15 18:00:00,-11.44,0.69,382.3
2024-05-15 19:00:00,-10.52,-3.26,442.2
2024-05-15 20:00:00,-15.04,0.37,429.5
2024-05-15 21:00:00,-13.4,-1.38,384.7
2024-05-15 22:00:00,-15.21,0.3,387.0
2024-05-15 23:00:00,-7.78,1.81,417.0
2024-05-16 00:00:00,-8.0,-1.11,428.1
2024-05-16 01:00:00,-2.88,2.39,384.0
2024-05-16 02:00:00,-10.13,-3.48,393.0
2024-05-16 03:00:00,-7.6,3.09,383.0
2024-05-16 04:00:00,-4.98,2.48,360.1
2024-05-16 05:00:00,-3.23,-1.77,393.4
2024-05-16 06:00:00,-5.65,-1.76,391.1
2024-05-16 07:00:00,-7.79,-2.99,362.2
2024-05-16 08:00:00,-3.03,1.84,419.4
2024-05-16 09:00:00,-4.3,-0.66,414.5
2024-05-16 10:00:00,-10.25,-0.81,420.9
2024-05-16 11:00:00,-4.64,-2.25,377.0
2024-05-16 12:00:00,-6.49,3.62,340.5
2024-05-16 13:00:00,-10.89,-1.95,414.0
2024-05-16 14:00:00,-12.26,0.05,380.1
2024-05-16 15:00:00,-11.87,0.43,373.3
2024-05-16 16:00:00,-16.92,-0.8,362.3
2024-05-16 17:00:00,-14.74,-1.2,391.7
2024-05-16 18:00:00,-21.46,-0.74,447.3
2024-05-16 19:00:00,-12.2,1.13,384.8
2024-05-16 20:00:00,-19.01,-0.69,367.3
2024-05-16 21:00:00,-9.03,3.25,419.6
2024-05-16 22:00:00,-13.49,-1.55,405.2
2024-05-16 23:00:00,-11.93,1.51,336.4
2024-05-17 00:00:00,-11.88,-3.51,419.9
2024-05-17 01:00:00,-9.57,-1.55,463.9
2024-05-17 02:00:00,-3.24,-1.63,322.0
2024-05-17 03:00:00,-13.93,-2.21,362.9
2024-05-17 04:00:00,-1.84,0.57,314.5
2024-05-17 05:00:00,-4.16,-0.22,397.7
2024-05-17 06:00:00,-8.62,-4.56,429.7
2024-05-17 07:00:00,-8.4,3.99,403.2
2024-05-17 08:00:00,-0.64,0.35,441.8
2024-05-17 09:00:00,-9.3,0.0,424.9
2024-05-17 10:00:00,-10.96,2.62,451.1
2024-05-17 11:00:00,-5.29,1.98,434.8
2024-05-17 12:00:00,-8.98,-0.6,387.9
2024-05-17 13:00:00,-14.11,-3.91,402.0
2024-05-17 14:00:00,-11.85,1.13,373.9
2024-05-17 15:00:00,-16.61,-1.93,393.1
2024-05-17 16:00:00,-11.03,2.48,401.9
2024-05-17 17:00:00,-11.65,-1.55,397.5
2024-05-17 18:00:00,-13.4,-0.9,440.3
2024-05-17 19:00:00,-13.74,-2.69,390.1
2024-05-17 20:00:00,-9.05,-2.52,372.0
2024-05-17 21:00:00,-13.54,-0.22,373.9
2024-05-17 22:00:00,-16.05,-0.4,419.7
2024-05-17 23:00:00,-9.95,-0.95,357.9
2024-05-18 00:00:00,-3.74,4.11,394.0
2024-05-18 01:00:00,-11.75,1.21,439.8
2024-05-18 02:00:00,-8.58,0.02,408.8
2024-05-18 03:00:00,-5.22,-5.51,397.8
2024-05-18 04:00:00,-5.83,1.65,398.9
2024-05-18 05:00:00,-8.12,5.99,369.1
2024-05-18 06:00:00,-1.63,-0.38,374.3
2024-05-18 07:00:00,1.79,-1.62,394.1
2024-05-18 08:00:00,-5.08,0.33,408.1
2024-05-18 09:00:00,-9.18,-2.86,428.4
2024-05-18 10:00:00,-12.15,0.92,402.8
2024-05-18 11:00:00,-7.93,3.0,440.6
2024-05-18 12:00:00,-6.69,-1.34,448.2
2024-05-18 13:00:00,-9.87,-1.28,423.9
2024-05-18 14:00:00,-12.51,-0.16,436.7
2024-05-18 15:00:00,-15.3,-1.0,370.3
2024-05-18 16:00:00,-17.61,-3.02,365.5
2024-05-18 17:00:00,-12.33,-0.77,415.5
2024-05-18 18:00:00,-12.26,-1.17,359.8
2024-05-18 19:00:00,-19.47,2.73,391.3
2024-05-18 20:00:00,-9.56,2.31,423.1
2024-05-18 21:00:00,-11.81,2.79,442.4
2024-05-18 22:00:00,-8.3,1.6,392.4
2024-05-18 23:00:00,-15.32,0.41,380.5
2024-05-19 00:00:00,-14.1,-1.75,409.6
2024-05-19 01:00:00,-9.15,2.65,367.8
2024-05-19 02:00:00,-5.99,0.7,394.8
2024-05-19 03:00:00,-1.08,-2.5,399.8
2024-05-19 04:00:00,-3.55,-1.83,399.2
2024-05-19 05:00:00,-5.9,-2.53,402.7
2024-05-19 06:00:00,-8.08,-4.1,375.0
2024-05-19 07:00:00,-1.48,0.78,378.2
2024-05-19 08:00:00,-8.56,-2.48,377.6
2024-05-19 09:00:00,-1.58,-1.51,351.4
2024-05-19 10:00:00,-8.35,0.08,410.3
2024-05-19 11:00:00,-3.93,-0.38,426.8
2024-05-19 12:00:00,-7.96,-1.43,423.9
2024-05-19 13:00:00,-11.71,3.04,392.1
2024-05-19 14:00:00,-14.06,-3.05,375.7
2024-05-19 15:00:00,-14.56,-2.97,422.3
2024-05-19 16:00:00,-13.05,0.92,419.2
2024-05-19 17:00:00,-14.6,-1.25,406.5
2024-05-19 18:00:00,-16.78,-1.33,452.3
2024-05-19 19:00:00,-15.33,-2.16,399.2
2024-05-19 20:00:00,-14.09,0.68,392.3
2024-05-19 21:00:00,-19.92,0.45,388.0
2024-05-19 22:00:00,-11.13,0.24,353.2
2024-05-19 23:00:00,-14.23,-1.17,419.8
2024-05-20 00:00:00,-13.46,-1.5,396.8
2024-05-20 01:00:00,-13.77,-0.33,415.3
2024-05-20 02:00:00,-12.88,1.93,455.3
2024-05-20 03:00:00,-10.53,3.14,388.3
2024-05-20 04:00:00,-7.8,2.22,329.9
2024-05-20 05:00:00,0.69,1.01,414.4
2024-05-20 06:00:00,-6.58,1.96,405.0
2024-05-20 07:00:00,-4.64,-2.36,378.0
2024-05-20 08:00:00,-4.47,-1.43,411.9
2024-05-20 09:00:00,-6.07,1.05,423.6
2024-05-20 10:00:00,-7.73,-0.24,371.6
2024-05-20 11:00:00,-12.29,0.68,391.0
2024-05-20 12:00:00,-5.65,1.96,444.3
2024-05-20 13:00:00,-5.87,1.65,378.4
2024-05-20 14:00:00,-17.55,-2.18,402.0
2024-05-20 15:00:00,-16.61,0.02,321.3
2024-05-20 16:00:00,-15.17,-1.84,355.5
2024-05-20 17:00:00,-17.72,-1.55,404.7
2024-05-20 18:00:00,-13.48,-3.42,436.8
2024-05-20 19:00:00,-17.01,0.27,359.1
2024-05-20 20:00:00,-7.83,-3.57,402.2
2024-05-20 21:00:00,-9.96,0.79,388.7
2024-05-20 22:00:00,-11.86,2.72,428.6
2024-05-20 23:00:00,-8.21,1.06,363.5
2024-05-21 00:00:00,-6.68,0.1,412.9
2024-05-21 01:00:00,-10.4,3.07,380.4
2024-05-21 02:00:00,-9.95,0.65,406.7
2024-05-21 03:00:00,-6.23,-1.73,402.1
2024-05-21 04:00:00,-3.08,0.25,392.4
2024-05-21 05:00:00,-4.75,3.92,414.3
2024-05-21 06:00:00,-9.73,-2.19,401.3
2024-05-21 07:00:00,-7.58,-2.76,396.0
2024-05-21 08:00:00,-5.89,1.23,389.3
2024-05-21 09:00:00,-6.69,-0.45,402.3
2024-05-21 10:00:00,-1.58,-1.06,406.7
2024-05-21 11:00:00,-12.86,-2.52,370.3
2024-05-21 12:00:00,-8.48,-3.9,389.5
2024-05-21 13:00:00,-6.83,-2.91,368.3
2024-05-21 14:00:00,-5.69,3.23,398.8
2024-05-21 15:00:00,-14.75,-0.02,382.2
2024-05-21 16:00:00,-12.86,-3.92,423.1
2024-05-21 17:00:00,-13.12,2.37,420.2
2024-05-21 18:00:00,-14.41,2.47,372.3
2024-05-21 19:00:00,-15.13,2.46,399.9
2024-05-21 20:00:00,-13.02,-0.85,419.2
2024-05-21 21:00:00,-21.13,-0.54,394.7
2024-05-21 22:00:00,-10.45,0.28,378.2
2024-05-21 23:00:00,-10.92,2.8,367.2
2024-05-22 00:00:00,-10.67,-1.11,425.6
2024-05-22 01:00:00,-2.57,-1.51,427.1
2024-05-22 02:00:00,-9.52,1.39,393.8
2024-05-22 03:00:00,-7.67,2.42,423.0
2024-05-22 04:00:00,0.3,-0.11,311.0
2024-05-22 05:00:00,-7.67,1.34,439.8
2024-05-22 06:00:00,-6.65,0.22,395.3
2024-05-22 07:00:00,-5.61,-0.5,404.3
2024-05-22 08:00:00,-3.15,-1.66,390.4
2024-05-22 09:00:00,-5.84,-2.31,441.9
2024-05-22 10:00:00,-11.38,-1.23,368.2
2024-05-22 11:00:00,-10.3,-1.95,444.2
2024-05-22 12:00:00,-11.82,0.57,411.9
2024-05-22 13:00:00,-11.53,2.44,418.7
2024-05-22 14:00:00,-11.22,0.41,390.1
2024-05-22 15:00:00,-12.28,-1.84,360.8
2024-05-22 16:00:00,-19.66,1.71,427.9
2024-05-22 17:00:00,-11.64,0.59,409.3
2024-05-22 18:00:00,-14.24,0.99,440.8
2024-05-22 19:00:00,-10.68,-1.04,394.2
2024-05-22 20:00:00,-13.0,2.27,387.4
2024-05-22 21:00:00,-10.23,2.26,441.6
2024-05-22 22:00:00,-11.1,-0.37,457.4
2024-05-22 23:00:00,-7.26,1.44,400.3
2024-05-23 00:00:00,-8.43,2.2,377.4
2024-05-23 01:00:00,-9.0,-0.93,424.3
2024-05-23 02:00:00,-0.68,-0.16,392.4
2024-05-23 03:00:00,-3.8,0.16,418.0
2024-05-23 04:00:00,-3.95,-2.2,392.2
2024-05-23 05:00:00,-9.0,0.88,446.9
2024-05-23 06:00:00,-8.86,2.05,379.0
2024-05-23 07:00:00,-4.29,-0.29,414.4
2024-05-23 08:00:00,-5.23,0.68,385.3
2024-05-23 09:00:00,-8.31,2.8,391.6
2024-05-23 10:00:00,-7.08,-0.81,387.6
2024-05-23 11:00:00,-3.94,0.72,422.2
2024-05-23 12:00:00,-7.91,-1.14,427.6
2024-05-23 13:00:00,-14.72,-1.19,416.7
2024-05-23 14:00:00,-12.83,0.68,396.8
2024-05-23 15:00:00,-15.95,0.48,404.2
2024-05-23 16:00:00,-15.49,1.11,426.9
2024-05-23 17:00:00,-16.07,0.15,427.9
2024-05-23 18:00:00,-16.43,0.93,319.3
2024-05-23 19:00:00,-18.6,3.33,391.8
2024-05-23 20:00:00,-14.71,2.12,393.3
2024-05-23 21:00:00,-15.22,0.68,420.1
2024-05-23 22:00:00,-21.29,1.01,398.0
2024-05-23 23:00:00,-5.14,-0.6,421.6
2024-05-24 00:00:00,-6.73,-0.32,367.6
2024-05-24 01:00:00,-9.83,0.98,407.8
2024-05-24 02:00:00,-7.44,0.18,427.0
2024-05-24 03:00:00,-9.98,1.59,355.8
2024-05-24 04:00:00,-0.58,2.53,475.4
2024-05-24 05:00:00,0.52,-0.2,435.7
2024-05-24 06:00:00,-4.53,-4.02,400.0
2024-05-24 07:00:00,-2.1,4.07,375.1
2024-05-24 08:00:00,-5.14,-1.3,394.7
2024-05-24 09:00:00,-10.47,0.39,402.5
2024-05-24 10:00:00,-8.74,1.45,413.2
2024-05-24 11:00:00,-8.31,2.82,445.0
2024-05-24 12:00:00,-11.36,3.61,385.7
2024-05-24 13:00:00,-11.95,-0.73,416.9
2024-05-24 14:00:00,-12.77,2.38,361.2
2024-05-24 15:00:00,-13.78,0.4,387.6
2024-05-24 16:00:00,-14.17,5.49,411.3
2024-05-24 17:00:00,-18.01,2.2,420.7
2024-05-24 18:00:00,-17.15,-0.35,377.4
2024-05-24 19:00:00,-18.68,-1.59,386.8
2024-05-24 20:00:00,-11.4,-5.25,443.8
2024-05-24 21:00:00,-19.85,1.35,434.9
2024-05-24 22:00:00,-9.04,2.02,406.3
2024-05-24 23:00:00,-7.14,1.49,332.9
2024-05-25 00:00:00,-10.91,-4.71,475.3
2024-05-25 01:00:00,-16.52,-2.52,399.4
2024-05-25 02:00:00,-8.58,0.96,390.6
2024-05-25 03:00:00,-6.66,3.57,384.3
2024-05-25 04:00:00,-8.7,-0.11,411.3
2024-05-25 05:00:00,-6.72,2.18,411.6
2024-05-25 06:00:00,-0.41,-2.07,428.5
2024-05-25 07:00:00,-3.18,0.41,372.2
2024-05-25 08:00:00,-8.44,-0.55,390.6
2024-05-25 09:00:00,-11.26,2.38,460.9
2024-05-25 10:00:00,-8.48,-1.08,406.7
2024-05-25 11:00:00,-9.35,3.35,394.8
2024-05-25 12:00:00,-8.51,-0.62,371.8
2024-05-25 13:00:00,-12.9,-2.14,415.2
2024-05-25 14:00:00,-10.97,-2.07,430.9
2024-05-25 15:00:00,-7.73,-1.24,426.2
2024-05-25 16:00:00,-11.88,0.74,392.2
2024-05-25 17:00:00,-14.97,-1.22,410.8
2024-05-25 18:00:00,-15.55,-1.64,450.1
2024-05-25 19:00:00,-15.9,1.78,432.1
2024-05-25 20:00:00,-10.79,-6.42,376.5
2024-05-25 21:00:00,-15.42,-0.86,323.6
2024-05-25 22:00:00,-12.36,-2.67,408.9
2024-05-25 23:00:00,-11.14,-1.74,424.0
2024-05-26 00:00:00,-11.51,0.49,367.3
2024-05-26 01:00:00,-12.82,-0.41,399.7
2024-05-26 02:00:00,-6.53,-0.59,392.1
2024-05-26 03:00:00,-6.65,2.38,403.1
2024-05-26 04:00:00,-4.17,-0.03,383.7
2024-05-26 05:00:00,-6.77,3.61,438.7
2024-05-26 06:00:00,-1.34,1.42,404.4
2024-05-26 07:00:00,-7.8,-1.93,373.6
2024-05-26 08:00:00,-0.53,3.87,427.5
2024-05-26 09:00:00,-11.71,0.56,362.1
2024-05-26 10:00:00,-6.2,3.74,438.5
2024-05-26 11:00:00,-7.28,-0.53,429.7
2024-05-26 12:00:00,-12.39,0.54,441.7
2024-05-26 13:00:00,-10.02,0.86,395.3
2024-05-26 14:00:00,-8.66,-0.34,385.1
2024-05-26 15:00:00,-20.19,2.54,402.5
2024-05-26 16:00:00,-12.82,3.87,397.5
2024-05-26 17:00:00,-22.31,-4.59,380.4
2024-05-26 18:00:00,-17.9,1.63,383.4
2024-05-26 19:00:00,-9.94,-1.79,389.0
2024-05-26 20:00:00,-16.08,-5.19,364.9
2024-05-26 21:00:00,-17.06,1.03,420.3
2024-05-26 22:00:00,-13.09,1.04,398.4
2024-05-26 23:00:00,-5.09,1.36,390.7
2024-05-27 00:00:00,-15.5,0.74,366.7
2024-05-27 01:00:00,-11.86,1.75,365.2
2024-05-27 02:00:00,-3.01,-1.21,458.1
2024-05-27 03:00:00,-0.89,0.53,381.2
2024-05-27 04:00:00,-5.98,1.4,418.3
2024-05-27 05:00:00,-8.89,2.71,404.9
2024-05-27 06:00:00,1.29,0.09,316.7
2024-05-27 07:00:00,-0.39,-0.43,453.8
2024-05-27 08:00:00,-3.63,-0.11,420.5
2024-05-27 09:00:00,-8.9,-2.39,377.0
2024-05-27 10:00:00,-7.65,1.54,399.1
2024-05-27 11:00:00,-9.19,-2.91,365.5
2024-05-27 12:00:00,-9.01,0.78,454.8
2024-05-27 13:00:00,-6.94,0.17,372.8
2024-05-27 14:00:00,-9.86,-3.1,384.3
2024-05-27 15:00:00,-16.77,-2.99,378.1
2024-05-27 16:00:00,-10.2,-1.71,402.4
2024-05-27 17:00:00,-13.89,-0.69,441.1
2024-05-27 18:00:00,-12.94,2.96,453.7
2024-05-27 19:00:00,-10.43,-0.22,388.0
2024-05-27 20:00:00,-17.66,1.09,411.3
2024-05-27 21:00:00,-13.64,2.53,402.5
2024-05-27 22:00:00,-14.09,2.15,370.6
2024-05-27 23:00:00,-16.0,-0.01,472.7
2024-05-28 00:00:00,-8.96,-1.41,440.9
2024-05-28 01:00:00,-1.17,1.0,405.7
2024-05-28 02:00:00,-13.02,-1.37,447.5
2024-05-28 03:00:00,-6.56,3.63,436.4
2024-05-28 04:00:00,-3.75,1.74,402.5
2024-05-28 05:00:00,-4.8,0.42,409.8
2024-05-28 06:00:00,-5.34,1.03,445.4
2024-05-28 07:00:00,-9.07,0.36,371.6
2024-05-28 08:00:00,-4.97,-0.74,450.2
2024-05-28 09:00:00,-8.73,1.0,393.2
2024-05-28 10:00:00,-14.07,-0.49,445.7
2024-05-28 11:00:00,-5.12,3.87,399.8
2024-05-28 12:00:00,-7.12,-1.39,410.1
2024-05-28 13:00:00,-11.14,1.02,399.0
2024-05-28 14:00:00,-11.81,-1.57,384.0
2024-05-28 15:00:00,-10.31,-1.59,391.9
2024-05-28 16:00:00,-13.66,-3.57,441.4
2024-05-28 17:00:00,-12.12,0.82,330.6
2024-05-28 18:00:00,-15.89,-1.06,362.8
2024-05-28 19:00:00,-10.89,2.17,378.2
2024-05-28 20:00:00,-13.37,0.83,367.6
2024-05-28 21:00:00,-12.95,0.3,445.3
2024-05-28 22:00:00,-16.31,-2.82,437.7
2024-05-28 23:00:00,-10.43,1.17,417.8
2024-05-29 00:00:00,-12.5,-1.32,380.9
2024-05-29 01:00:00,-10.62,-2.87,440.1
2024-05-29 02:00:00,-9.95,0.86,352.4
2024-05-29 03:00:00,-9.66,-2.52,464.3
2024-05-29 04:00:00,0.7,-4.18,379.5
2024-05-29 05:00:00,-1.18,2.59,392.1
2024-05-29 06:00:00,0.76,-1.12,387.1
2024-05-29 07:00:00,-8.84,-3.49,367.8
2024-05-29 08:00:00,-5.46,-1.93,457.8
2024-05-29 09:00:00,-10.34,-1.44,423.7
2024-05-29 10:00:00,-9.59,2.29,436.5
2024-05-29 11:00:00,-11.46,-3.33,363.3
2024-05-29 12:00:00,-6.28,-2.68,405.4
2024-05-29 13:00:00,-12.48,1.96,415.6
2024-05-29 14:00:00,-9.29,-0.9,408.1
2024-05-29 15:00:00,-11.72,0.46,365.2
2024-05-29 16:00:00,-7.42,-0.98,432.3
2024-05-29 17:00:00,-19.27,4.04,403.6
2024-05-29 18:00:00,-11.22,-2.58,371.4
2024-05-29 19:00:00,-11.39,0.56,344.3
2024-05-29 20:00:00,-17.25,3.01,418.2
2024-05-29 21:00:00,-10.51,-0.75,473.5
2024-05-29 22:00:00,-11.49,-1.51,369.5
2024-05-29 23:00:00,-11.98,1.53,405.1
2024-05-30 00:00:00,-12.47,2.01,433.3
2024-05-30 01:00:00,-10.86,-1.6,361.9
2024-05-30 02:00:00,-1.35,2.92,385.6
2024-05-30 03:00:00,-6.46,0.1,374.2
2024-05-30 04:00:00,-3.32,1.02,429.5
2024-05-30 05:00:00,-7.54,2.98,439.8
2024-05-30 06:00:00,-7.34,1.54,404.8
2024-05-30 07:00:00,-1.92,-0.0,374.7
2024-05-30 08:00:00,-9.72,-1.34,386.7
2024-05-30 09:00:00,-7.71,5.42,381.1
2024-05-30 10:00:00,-7.4,-1.58,370.7
2024-05-30 11:00:00,-8.37,0.64,396.9
2024-05-30 12:00:00,-10.54,1.02,417.2
2024-05-30 13:00:00,-10.11,1.11,414.7
2024-05-30 14:00:00,-10.42,4.26,399.8
2024-05-30 15:00:00,-11.33,0.1,401.7
2024-05-30 16:00:00,-17.29,-0.19,397.6
2024-05-30 17:00:00,-15.68,3.1,361.1
2024-05-30 18:00:00,-11.42,-0.27,404.8
2024-05-30 19:00:00,-12.15,1.75,382.5
2024-05-30 20:00:00,-18.45,0.39,359.6
2024-05-30 21:00:00,-12.48,1.84,411.1
2024-05-30 22:00:00,-18.43,1.45,381.6
2024-05-30 23:00:00,-11.15,-0.81,406.8
2024-05-31 00:00:00,-4.31,-3.69,425.4
2024-05-31 01:00:00,-11.55,-3.35,371.5
2024-05-31 02:00:00,-10.0,-3.68,402.8
2024-05-31 03:00:00,-4.17,-0.18,345.7
2024-05-31 04:00:00,-10.3,-4.71,446.0
2024-05-31 05:00:00,-7.07,-0.32,359.2
2024-05-31 06:00:00,-3.21,0.27,384.6
2024-05-31 07:00:00,-7.07,1.71,440.2
2024-05-31 08:00:00,-6.38,1.01,393.0
2024-05-31 09:00:00,-4.23,1.8,364.1
2024-05-31 10:00:00,-6.24,0.83,421.4
2024-05-31 11:00:00,-7.91,-0.65,420.7
2024-05-31 12:00:00,-11.02,-0.21,381.0
2024-05-31 13:00:00,-10.18,-1.7,384.3
2024-05-31 14:00:00,-12.87,0.46,386.9
2024-05-31 15:00:00,-12.16,-3.17,393.8
2024-05-31 16:00:00,-15.82,2.13,343.2
2024-05-31 17:00:00,-15.38,-1.91,394.6
2024-05-31 18:00:00,-17.97,0.31,453.5
2024-05-31 19:00:00,-14.93,0.64,373.1
2024-05-31 20:00:00,-16.76,2.33,382.5
2024-05-31 21:00:00,-16.88,-3.36,364.5
2024-05-31 22:00:00,-11.72,-0.65,418.4
2024-05-31 23:00:00,-10.66,1.1,436.1
2024-06-01 00:00:00,-7.65,3.5,435.4
2024-06-01 01:00:00,-10.0,-0.08,362.6
2024-06-01 02:00:00,-6.28,-1.19,415.0
2024-06-01 03:00:00,-4.81,4.05,443.0
2024-06-01 04:00:00,-4.34,1.61,415.3
2024-06-01 05:00:00,-7.65,2.75,414.4
2024-06-01 06:00:00,-4.55,-2.42,385.9
2024-06-01 07:00:00,-4.08,1.04,406.6
2024-06-01 08:00:00,-5.65,-2.17,437.1
2024-06-01 09:00:00,-12.72,-2.61,409.8
2024-06-01 10:00:00,-7.02,1.16,362.6
2024-06-01 11:00:00,-2.07,1.3,386.3
2024-06-01 12:00:00,-11.08,-0.96,436.3
2024-06-01 13:00:00,-13.48,2.86,409.7
2024-06-01 14:00:00,-11.38,-0.74,403.6
2024-06-01 15:00:00,-12.6,-0.54,383.4
2024-06-01 16:00:00,-10.75,-0.07,435.7
2024-06-01 17:00:00,-18.6,-0.49,449.9
2024-06-01 18:00:00,-12.81,2.55,437.9
2024-06-01 19:00:00,-13.06,-2.08,443.3
2024-06-01 20:00:00,-14.76,-1.51,389.2
2024-06-01 21:00:00,-12.52,-2.38,385.0
2024-06-01 22:00:00,-9.41,3.77,395.3
2024-06-01 23:00:00,-8.68,-0.65,401.2
2024-06-02 00:00:00,-13.43,-1.54,442.9
2024-06-02 01:00:00,-6.25,-0.57,435.0
2024-06-02 02:00:00,-7.69,1.7,416.2
2024-06-02 03:00:00,-6.25,1.33,357.1
2024-06-02 04:00:00,-5.45,-1.15,349.4
2024-06-02 05:00:00,-5.62,-0.8,407.2
2024-06-02 06:00:00,-1.42,-2.91,426.4
2024-06-02 07:00:00,-5.42,0.28,397.6
2024-06-02 08:00:00,-9.03,2.56,457.4
2024-06-02 09:00:00,-7.65,-1.16,367.5
2024-06-02 10:00:00,-6.96,1.27,363.7
2024-06-02 11:00:00,-5.02,-1.16,380.1
2024-06-02 12:00:00,-8.19,-2.19,378.9
2024-06-02 13:00:00,-13.85,1.36,415.8
2024-06-02 14:00:00,-5.04,4.7,387.3
2024-06-02 15:00:00,-12.74,1.09,353.6
2024-06-02 16:00:00,-10.5,-0.83,426.7
2024-06-02 17:00:00,-15.28,-0.7,347.2
2024-06-02 18:00:00,-13.4,3.82,367.9
2024-06-02 19:00:00,-12.31,0.61,351.3
2024-06-02 20:00:00,-10.68,-1.53,406.2
2024-06-02 21:00:00,-10.36,-0.12,405.6
2024-06-02 22:00:00,-9.88,0.43,457.5
2024-06-02 23:00:00,-12.24,0.94,427.4
2024-06-03 00:00:00,-11.72,3.02,443.2
2024-06-03 01:00:00,-7.71,2.55,408.7
2024-06-03 02:00:00,-4.7,0.4,370.7
2024-06-03 03:00:00,-7.13,-0.08,403.8
2024-06-03 04:00:00,-2.47,0.79,417.8
2024-06-03 05:00:00,-0.81,-1.22,421.1
2024-06-03 06:00:00,-7.75,1.96,385.8
2024-06-03 07:00:00,-7.68,-0.41,414.7
2024-06-03 08:00:00,-6.09,0.98,372.0
2024-06-03 09:00:00,-5.54,3.43,368.7
2024-06-03 10:00:00,-9.07,1.11,366.5
2024-06-03 11:00:00,-4.65,0.46,400.7
2024-06-03 12:00:00,-8.73,-1.03,364.7
2024-06-03 13:00:00,-11.18,-0.16,387.3
2024-06-03 14:00:00,-16.81,-2.27,427.1
2024-06-03 15:00:00,-17.48,1.07,369.1
2024-06-03 16:00:00,-13.49,-4.27,384.9
2024-06-03 17:00:00,-21.23,1.94,402.1
2024-06-03 18:00:00,-11.96,1.46,407.4
2024-06-03 19:00:00,-15.3,0.2,385.0
2024-06-03 20:00:00,-4.6,-1.07,423.6
2024-06-03 21:00:00,-6.61,-0.03,417.7
2024-06-03 22:00:00,-13.04,-3.55,434.2
2024-06-03 23:00:00,-11.61,1.65,397.6
2024-06-04 00:00:00,-7.01,-0.33,384.6
2024-06-04 01:00:00,-3.6,3.03,379.5
2024-06-04 02:00:00,-12.41,0.78,409.2
2024-06-04 03:00:00,-11.82,0.46,388.7
2024-06-04 04:00:00,-7.54,0.8,382.9
2024-06-04 05:00:00,-3.42,-1.95,386.6
2024-06-04 06:00:00,-3.51,-0.9,379.5
2024-06-04 07:00:00,-1.96,0.27,406.0
2024-06-04 08:00:00,-9.27,-0.61,357.6
2024-06-04 09:00:00,-13.41,-1.15,409.1
2024-06-04 10:00:00,-4.93,-0.56,420.3
2024-06-04 11:00:00,-11.19,0.09,382.6
2024-06-04 12:00:00,-16.06,4.64,457.7
2024-06-04 13:00:00,-10.86,-0.65,400.5
2024-06-04 14:00:00,-10.12,-1.35,353.2
2024-06-04 15:00:00,-13.9,-0.31,391.6
2024-06-04 16:00:00,-15.7,3.0,401.9
2024-06-04 17:00:00,-15.31,3.15,413.5
2024-06-04 18:00:00,-16.11,3.9,392.3
2024-06-04 19:00:00,-18.87,0.12,369.7
2024-06-04 20:00:00,-16.47,1.28,367.2
2024-06-04 21:00:00,-11.97,-2.1,380.4
2024-06-04 22:00:00,-11.53,-0.71,383.3
2024-06-04 23:00:00,-10.79,-2.23,366.0
2024-06-05 00:00:00,-12.99,0.95,378.0
2024-06-05 01:00:00,-9.25,0.08,419.8
2024-06-05 02:00:00,-14.03,0.45,449.5
2024-06-05 03:00:00,-5.93,-1.69,422.7
2024-06-05 04:00:00,-1.38,1.7,439.2
2024-06-05 05:00:00,-9.59,-4.81,429.2
2024-06-05 06:00:00,-6.76,-0.5,425.0
2024-06-05 07:00:00,-4.18,-0.21,389.9
2024-06-05 08:00:00,-1.91,-4.04,404.2
2024-06-05 09:00:00,-7.81,0.77,387.4
2024-06-05 10:00:00,-9.58,-0.35,393.4
2024-06-05 11:00:00,-14.61,1.12,402.0
2024-06-05 12:00:00,-9.69,4.0,421.4
2024-06-05 13:00:00,-5.17,0.65,412.7
2024-06-05 14:00:00,-11.67,1.95,395.1
2024-06-05 15:00:00,-13.6,2.76,401.7
2024-06-05 16:00:00,-13.36,0.98,413.0
2024-06-05 17:00:00,-14.86,-1.73,420.0
2024-06-05 18:00:00,-17.44,-3.28,354.4
2024-06-05 19:00:00,-12.36,0.75,367.7
2024-06-05 20:00:00,-13.65,-0.8,433.2
2024-06-05 21:00:00,-13.48,2.57,398.2
2024-06-05 22:00:00,-15.43,-0.95,387.3
2024-06-05 23:00:00,-7.38,-0.03,392.1
2024-06-06 00:00:00,-8.01,-2.32,392.1
2024-06-06 01:00:00,-10.36,-0.69,416.7
2024-06-06 02:00:00,-4.49,-1.89,366.8
2024-06-06 03:00:00,-7.96,-1.7,400.7
2024-06-06 04:00:00,-8.02,-0.11,407.4
2024-06-06 05:00:00,-7.45,-1.21,411.9
2024-06-06 06:00:00,-10.31,5.26,406.7
2024-06-06 07:00:00,-3.76,1.67,415.5
2024-06-06 08:00:00,-11.16,2.17,382.8
2024-06-06 09:00:00,-10.15,-0.22,371.7
2024-06-06 10:00:00,-13.73,0.21,473.7
2024-06-06 11:00:00,-8.96,-0.86,391.0
2024-06-06 12:00:00,-10.45,5.25,394.5
2024-06-06 13:00:00,-12.27,-0.22,420.3
2024-06-06 14:00:00,-15.63,-1.21,447.9
2024-06-06 15:00:00,-17.05,-1.51,383.7
2024-06-06 16:00:00,-12.94,0.67,370.0
2024-06-06 17:00:00,-16.48,2.84,362.7
2024-06-06 18:00:00,-14.05,2.17,447.8
2024-06-06 19:00:00,-17.49,-1.51,368.9
2024-06-06 20:00:00,-13.79,-1.56,399.2
2024-06-06 21:00:00,-9.63,2.49,370.7
2024-06-06 22:00:00,-10.74,4.2,356.5
2024-06-06 23:00:00,-12.53,-0.29,391.2
2024-06-07 00:00:00,-9.23,2.41,371.9
2024-06-07 01:00:00,-9.43,-2.93,379.3
2024-06-07 02:00:00,-7.48,-1.69,460.2
2024-06-07 03:00:00,-7.44,-2.02,412.7
2024-06-07 04:00:00,-6.16,0.82,427.9
2024-06-07 05:00:00,-4.53,-0.36,424.7
2024-06-07 06:00:00,-7.98,0.48,397.0
2024-06-07 07:00:00,-8.22,2.44,386.8
2024-06-07 08:00:00,-9.84,-1.31,407.5
2024-06-07 09:00:00,-11.27,0.19,405.1
2024-06-07 10:00:00,-11.15,-2.68,382.9
2024-06-07 11:00:00,-8.23,2.33,403.9
2024-06-07 12:00:00,-12.68,2.19,378.8
2024-06-07 13:00:00,-9.75,0.72,394.9
2024-06-07 14:00:00,-12.4,0.24,389.9
2024-06-07 15:00:00,-19.44,-1.02,361.9
2024-06-07 16:00:00,-12.37,-2.79,329.5
2024-06-07 17:00:00,-12.4,0.61,371.8
2024-06-07 18:00:00,-17.98,1.51,454.1
2024-06-07 19:00:00,-13.57,4.04,390.7
2024-06-07 20:00:00,-16.9,-0.79,423.3
2024-06-07 21:00:00,-13.24,0.54,336.3
2024-06-07 22:00:00,-16.29,2.23,369.8
2024-06-07 23:00:00,-16.67,2.29,359.4
2024-06-08 00:00:00,-11.15,-1.24,393.9
2024-06-08 01:00:00,-9.08,-0.56,472.7
2024-06-08 02:00:00,-8.69,-1.05,413.8
2024-06-08 03:00:00,-10.02,-1.8,450.9
2024-06-08 04:00:00,-6.87,2.94,392.4
2024-06-08 05:00:00,-4.36,0.13,440.9
2024-06-08 06:00:00,-5.13,-0.15,462.2
2024-06-08 07:00:00,-4.62,0.5,396.7
2024-06-08 08:00:00,-7.68,0.11,383.8
2024-06-08 09:00:00,-2.95,-0.44,360.5
2024-06-08 10:00:00,-11.03,-1.52,390.7
2024-06-08 11:00:00,-7.24,3.13,402.5
2024-06-08 12:00:00,-6.45,-1.14,460.9
2024-06-08 13:00:00,-9.85,-1.86,361.2
2024-06-08 14:00:00,-13.11,-0.16,401.8
2024-06-08 15:00:00,-15.12,4.32,345.6
2024-06-08 16:00:00,-11.22,-1.64,387.2
2024-06-08 17:00:00,-19.1,1.42,409.3
2024-06-08 18:00:00,-17.91,-0.49,415.4
2024-06-08 19:00:00,-16.02,0.49,417.7
2024-06-08 20:00:00,-10.62,1.84,411.9
2024-06-08 21:00:00,-12.4,-3.44,417.4
2024-06-08 22:00:00,-15.4,-1.79,401.4
2024-06-08 23:00:00,-12.23,1.82,368.6
2024-06-09 00:00:00,-11.84,0.19,344.5
2024-06-09 01:00:00,-10.84,0.42,383.6
2024-06-09 02:00:00,-4.56,1.42,396.0
2024-06-09 03:00:00,-10.58,-1.78,437.6
2024-06-09 04:00:00,-0.84,2.11,397.0
2024-06-09 05:00:00,-2.69,1.64,394.1
2024-06-09 06:00:00,-1.73,0.48,411.6
2024-06-09 07:00:00,-6.56,0.94,391.9
2024-06-09 08:00:00,-6.12,2.33,424.3
2024-06-09 09:00:00,-10.76,-1.19,459.4
2024-06-09 10:00:00,-9.07,1.32,465.7
2024-06-09 11:00:00,-7.22,3.49,402.9
2024-06-09 12:00:00,-6.11,1.28,410.1
2024-06-09 13:00:00,-14.62,-0.44,447.4
2024-06-09 14:00:00,-13.6,4.64,395.5
2024-06-09 15:00:00,-13.99,0.46,420.4
2024-06-09 16:00:00,-18.52,2.8,365.9
2024-06-09 17:00:00,-13.06,-0.84,390.7
2024-06-09 18:00:00,-17.17,2.14,434.7
2024-06-09 19:00:00,-15.42,-1.09,378.5
2024-06-09 20:00:00,-15.69,0.65,396.2
2024-06-09 21:00:00,-15.9,-1.21,352.8
2024-06-09 22:00:00,-12.52,3.8,460.2
2024-06-09 23:00:00,-11.94,-0.44,437.9
2024-06-10 00:00:00,-11.12,-2.22,405.6
2024-06-10 01:00:00,-10.89,0.19,415.2
2024-06-10 02:00:00,-6.54,1.07,411.9
2024-06-10 03:00:00,-1.5,-0.05,441.5
2024-06-10 04:00:00,-5.25,-1.63,384.4
2024-06-10 05:00:00,-2.18,2.07,422.0
2024-06-10 06:00:00,-9.17,2.52,432.3
2024-06-10 07:00:00,-4.7,-3.3,436.5
2024-06-10 08:00:00,-8.96,-1.75,332.2
2024-06-10 09:00:00,-10.9,-0.32,382.0
2024-06-10 10:00:00,-9.72,-1.06,369.4
2024-06-10 11:00:00,-5.13,1.05,404.5
2024-06-10 12:00:00,-7.15,3.68,339.5
2024-06-10 13:00:00,-10.57,-0.76,338.6
2024-06-10 14:00:00,-17.1,3.15,465.1
2024-06-10 15:00:00,-14.12,-2.94,418.5
2024-06-10 16:00:00,-13.43,0.91,403.6
2024-06-10 17:00:00,-14.3,-1.19,410.9
2024-06-10 18:00:00,-20.53,0.95,404.4
2024-06-10 19:00:00,-17.5,-3.51,429.9
2024-06-10 20:00:00,-14.52,-2.57,381.0
2024-06-10 21:00:00,-11.93,0.95,405.6
2024-06-10 22:00:00,-19.09,-1.26,406.8
2024-06-10 23:00:00,-11.78,-0.65,368.6
2024-06-11 00:00:00,-9.57,3.67,438.3
2024-06-11 01:00:00,-6.16,0.28,386.6
2024-06-11 02:00:00,-5.42,1.8,430.5
2024-06-11 03:00:00,-4.72,-1.52,403.4
2024-06-11 04:00:00,-8.07,-2.68,449.0
2024-06-11 05:00:00,-10.89,-0.16,368.8
2024-06-11 06:00:00,-6.18,-2.98,367.5
2024-06-11 07:00:00,-2.17,-1.4,372.8
2024-06-11 08:00:00,-1.49,0.48,404.0
2024-06-11 09:00:00,-4.33,-0.22,446.2
2024-06-11 10:00:00,-6.21,0.67,447.8
2024-06-11 11:00:00,-7.57,1.2,330.7
2024-06-11 12:00:00,-11.67,-2.39,407.5
2024-06-11 13:00:00,-11.68,-1.88,303.6
2024-06-11 14:00:00,-7.49,-4.36,423.9
2024-06-11 15:00:00,-16.36,-0.74,433.5
2024-06-11 16:00:00,-9.49,1.47,398.8
2024-06-11 17:00:00,-15.8,2.98,402.5
2024-06-11 18:00:00,-11.02,0.38,402.2
2024-06-11 19:00:00,-19.05,2.75,376.5
2024-06-11 20:00:00,-12.57,0.77,413.0
2024-06-11 21:00:00,-15.75,0.21,393.1
2024-06-11 22:00:00,-16.75,-1.22,427.9
2024-06-11 23:00:00,-10.64,-4.77,396.6
2024-06-12 00:00:00,-6.97,2.45,374.2
2024-06-12 01:00:00,-11.24,-0.11,353.9
2024-06-12 02:00:00,-12.0,2.78,344.1
2024-06-12 03:00:00,-6.74,-1.9,439.4
2024-06-12 04:00:00,-5.93,4.86,386.3
2024-06-12 05:00:00,-3.53,-0.5,410.2
2024-06-12 06:00:00,-2.15,-1.38,453.5
2024-06-12 07:00:00,-5.35,-0.43,383.1
2024-06-12 08:00:00,-0.1,0.34,381.2
2024-06-12 09:00:00,-5.79,-0.14,396.0
2024-06-12 10:00:00,-8.54,-1.03,400.9
2024-06-12 11:00:00,-13.54,-3.61,456.6
2024-06-12 12:00:00,-10.79,-1.61,447.0
2024-06-12 13:00:00,-12.3,2.15,418.6
2024-06-12 14:00:00,-9.62,-1.76,443.5
2024-06-12 15:00:00,-12.15,-3.43,394.7
2024-06-12 16:00:00,-17.87,-2.11,409.0
2024-06-12 17:00:00,-14.31,-0.18,391.0
2024-06-12 18:00:00,-12.99,-1.52,361.3
2024-06-12 19:00:00,-10.25,-0.56,436.1
2024-06-12 20:00:00,-11.67,-1.6,416.0
2024-06-12 21:00:00,-11.25,2.02,400.5
2024-06-12 22:00:00,-12.32,0.98,399.9
2024-06-12 23:00:00,-10.13,4.44,354.8
2024-06-13 00:00:00,-6.25,-0.76,370.7
2024-06-13 01:00:00,-12.7,-0.57,410.1
2024-06-13 02:00:00,-8.55,2.37,384.1
2024-06-13 03:00:00,-8.78,0.78,393.5
2024-06-13 04:00:00,-4.53,-1.88,396.9
2024-06-13 05:00:00,-1.48,1.11,379.5
2024-06-13 06:00:00,-6.79,0.79,371.0
2024-06-13 07:00:00,-12.34,-3.59,351.6
2024-06-13 08:00:00,-6.91,-1.3,395.6
2024-06-13 09:00:00,-3.72,0.38,418.6
2024-06-13 10:00:00,-5.89,2.89,350.7
2024-06-13 11:00:00,-7.42,1.4,399.3
2024-06-13 12:00:00,-10.84,-1.13,408.4
2024-06-13 13:00:00,-15.13,-1.42,370.3
2024-06-13 14:00:00,-10.95,1.6,442.7
2024-06-13 15:00:00,-16.04,-4.85,388.4
2024-06-13 16:00:00,-7.78,-1.62,397.0
2024-06-13 17:00:00,-13.12,2.82,395.2
2024-06-13 18:00:00,-16.74,0.59,346.9
2024-06-13 19:00:00,-16.66,-1.52,430.3
2024-06-13 20:00:00,-14.61,-2.4,371.3
2024-06-13 21:00:00,-14.25,1.68,392.9
2024-06-13 22:00:00,-9.15,0.16,417.9
2024-06-13 23:00:00,-10.73,-0.44,443.8
2024-06-14 00:00:00,-12.19,0.75,367.6
2024-06-14 01:00:00,-3.03,0.33,386.6
2024-06-14 02:00:00,-7.35,0.18,441.5
2024-06-14 03:00:00,-4.16,-2.65,413.9
2024-06-14 04:00:00,-7.49,-2.05,420.1
2024-06-14 05:00:00,-4.08,1.5,368.5
2024-06-14 06:00:00,-4.07,1.12,388.6
2024-06-14 07:00:00,-10.84,0.76,395.0
2024-06-14 08:00:00,0.38,-1.17,374.3
2024-06-14 09:00:00,-2.59,1.53,349.8
2024-06-14 10:00:00,-8.69,-0.74,384.7
2024-06-14 11:00:00,-12.01,2.6,440.6
2024-06-14 12:00:00,-8.96,-1.49,401.8
2024-06-14 13:00:00,-11.03,-1.05,441.2
2024-06-14 14:00:00,-11.43,-0.3,405.4
2024-06-14 15:00:00,-12.96,1.69,377.1
2024-06-14 16:00:00,-12.81,-0.07,438.3
2024-06-14 17:00:00,-10.49,0.08,406.4
2024-06-14 18:00:00,-13.3,-0.78,428.9
2024-06-14 19:00:00,-17.98,0.54,368.0
2024-06-14 20:00:00,-10.24,-0.14,431.2
2024-06-14 21:00:00,-8.61,-1.57,432.1
2024-06-14 22:00:00,-3.04,0.25,408.7
2024-06-14 23:00:00,-14.66,0.3,375.8
2024-06-15 00:00:00,-9.27,4.7,398.6
2024-06-15 01:00:00,-14.95,-1.22,418.3
2024-06-15 02:00:00,-5.84,-1.68,407.0
2024-06-15 03:00:00,-8.11,0.56,418.0
2024-06-15 04:00:00,0.1,-1.99,430.4
2024-06-15 05:00:00,-7.49,-2.15,380.5
2024-06-15 06:00:00,-10.07,-2.87,365.3
2024-06-15 07:00:00,-6.58,-1.55,398.9
2024-06-15 08:00:00,-11.6,-1.5,390.1
2024-06-15 09:00:00,-4.21,-2.57,423.6
2024-06-15 10:00:00,-13.7,-0.5,367.8
2024-06-15 11:00:00,-8.62,-4.73,430.6
2024-06-15 12:00:00,-16.23,0.98,440.6
2024-06-15 13:00:00,-12.25,-1.11,400.0
2024-06-15 14:00:00,-7.57,-0.82,401.8
2024-06-15 15:00:00,-12.45,1.17,377.0
2024-06-15 16:00:00,-16.92,0.74,383.7
2024-06-15 17:00:00,-14.92,-1.26,387.7
2024-06-15 18:00:00,-14.95,0.9,443.3
2024-06-15 19:00:00,-13.41,3.1,397.8
2024-06-15 20:00:00,-18.43,-2.02,360.3
2024-06-15 21:00:00,-11.76,1.51,407.7
2024-06-15 22:00:00,-20.61,-2.23,424.8
2024-06-15 23:00:00,-13.18,2.35,399.2
2024-06-16 00:00:00,-11.46,-1.42,444.1
2024-06-16 01:00:00,-6.81,-1.5,423.3
2024-06-16 02:00:00,-7.43,2.3,368.5
2024-06-16 03:00:00,-10.68,1.44,383.5
2024-06-16 04:00:00,-8.62,-1.36,406.8
2024-06-16 05:00:00,-4.57,0.25,350.0
2024-06-16 06:00:00,-5.24,-1.42,410.1
2024-06-16 07:00:00,-6.91,-3.19,347.2
2024-06-16 08:00:00,-7.11,0.38,430.7
2024-06-16 09:00:00,-4.38,-0.71,427.2
2024-06-16 10:00:00,-9.05,-1.89,415.1
2024-06-16 11:00:00,-8.97,2.61,379.7
2024-06-16 12:00:00,-3.49,-1.82,405.1
2024-06-16 13:00:00,-15.57,0.29,384.6
2024-06-16 14:00:00,-18.06,2.16,369.1
2024-06-16 15:00:00,-11.18,-0.51,389.8
2024-06-16 16:00:00,-16.37,-1.47,420.9
2024-06-16 17:00:00,-15.78,0.6,401.3
2024-06-16 18:00:00,-17.34,0.91,443.5
2024-06-16 19:00:00,-15.61,1.75,423.0
2024-06-16 20:00:00,-9.53,3.74,419.8
2024-06-16 21:00:00,-11.13,-0.91,351.7
2024-06-16 22:00:00,-9.91,0.39,391.4
2024-06-16 23:00:00,-15.54,-2.54,368.1
2024-06-17 00:00:00,-13.45,1.33,394.5
2024-06-17 01:00:00,-17.22,0.37,379.2
2024-06-17 02:00:00,-9.93,-0.36,388.7
2024-06-17 03:00:00,-3.59,-1.24,431.8
2024-06-17 04:00:00,-4.12,-0.7,414.3
2024-06-17 05:00:00,-5.83,0.47,430.2
2024-06-17 06:00:00,-5.07,-1.93,352.0
2024-06-17 07:00:00,-7.24,-0.61,401.7
2024-06-17 08:00:00,-5.06,0.03,429.0
2024-06-17 09:00:00,-4.17,-3.08,445.2
2024-06-17 10:00:00,-12.35,-2.1,353.6
2024-06-17 11:00:00,-7.81,-1.32,389.5
2024-06-17 12:00:00,-7.2,3.14,431.0
2024-06-17 13:00:00,-12.54,-1.66,394.2
2024-06-17 14:00:00,-10.4,-0.11,372.7
2024-06-17 15:00:00,-5.09,-2.08,353.5
2024-06-17 16:00:00,-14.64,-1.55,371.5
2024-06-17 17:00:00,-13.65,-2.88,349.3
2024-06-17 18:00:00,-17.21,1.34,401.8
2024-06-17 19:00:00,-14.29,-2.65,426.9
2024-06-17 20:00:00,-12.95,1.81,362.2
2024-06-17 21:00:00,-12.95,0.94,407.7
2024-06-17 22:00:00,-15.56,-0.15,425.4
2024-06-17 23:00:00,-10.68,1.88,399.9
2024-06-18 00:00:00,-5.61,6.21,351.7
2024-06-18 01:00:00,-7.36,0.96,411.6
2024-06-18 02:00:00,-4.61,-2.24,398.4
2024-06-18 03:00:00,-7.18,2.98,395.3
2024-06-18 04:00:00,-3.42,0.37,383.6
2024-06-18 05:00:00,-4.33,4.22,402.6
2024-06-18 06:00:00,-7.85,-1.01,415.3
2024-06-18 07:00:00,-4.21,2.56,471.7
2024-06-18 08:00:00,-8.64,-0.0,403.4
2024-06-18 09:00:00,-8.36,5.31,445.3
2024-06-18 10:00:00,-6.93,-0.56,410.7
2024-06-18 11:00:00,-7.81,6.0,397.0
2024-06-18 12:00:00,-13.57,0.88,404.5
2024-06-18 13:00:00,-8.13,1.69,363.3
2024-06-18 14:00:00,-10.78,3.4,409.2
2024-06-18 15:00:00,-15.65,-1.58,340.2
2024-06-18 16:00:00,-18.94,1.94,374.1
2024-06-18 17:00:00,-15.26,-0.59,403.3
2024-06-18 18:00:00,-16.34,0.3,435.8
2024-06-18 19:00:00,-14.49,0.17,442.9
2024-06-18 20:00:00,-15.42,1.14,392.9
2024-06-18 21:00:00,-19.56,1.06,404.7
2024-06-18 22:00:00,-13.67,-1.15,429.5
2024-06-18 23:00:00,-12.21,0.25,360.1
2024-06-19 00:00:00,-8.1,-4.67,412.1
2024-06-19 01:00:00,-10.8,1.98,375.2
2024-06-19 02:00:00,-2.46,3.39,394.8
2024-06-19 03:00:00,-12.2,0.38,386.2
2024-06-19 04:00:00,-1.74,-3.21,413.1
2024-06-19 05:00:00,-5.84,1.49,416.5
2024-06-19 06:00:00,-2.42,-1.53,426.7
2024-06-19 07:00:00,-4.93,0.36,410.4
2024-06-19 08:00:00,-2.25,1.37,405.1
2024-06-19 09:00:00,-7.63,1.09,455.6
2024-06-19 10:00:00,-10.8,2.16,354.3
2024-06-19 11:00:00,-4.44,0.29,450.9
2024-06-19 12:00:00,-10.34,0.35,391.3
2024-06-19 13:00:00,-10.63,1.47,417.1
2024-06-19 14:00:00,-8.8,-0.14,390.2
2024-06-19 15:00:00,-16.63,-1.38,378.9
2024-06-19 16:00:00,-12.54,0.9,414.5
2024-06-19 17:00:00,-16.6,-2.26,431.3
2024-06-19 18:00:00,-15.4,-0.16,414.2
2024-06-19 19:00:00,-14.61,-2.76,383.7
2024-06-19 20:00:00,-18.83,-1.11,508.3
2024-06-19 21:00:00,-15.87,-1.03,436.0
2024-06-19 22:00:00,-8.45,-1.97,428.0
2024-06-19 23:00:00,-8.64,2.2,389.4
2024-06-20 00:00:00,-10.19,2.04,381.2
2024-06-20 01:00:00,-7.98,2.63,391.6
2024-06-20 02:00:00,-8.38,-0.38,432.4
2024-06-20 03:00:00,-2.39,-0.87,370.3
2024-06-20 04:00:00,-6.27,1.61,368.0
2024-06-20 05:00:00,-4.47,0.26,416.2
2024-06-20 06:00:00,-1.56,0.25,409.6
2024-06-20 07:00:00,-7.5,-5.09,376.9
2024-06-20 08:00:00,-0.99,1.51,367.3
2024-06-20 09:00:00,-11.06,1.25,443.1
2024-06-20 10:00:00,-2.61,-0.01,410.7
2024-06-20 11:00:00,-9.82,1.63,359.1
2024-06-20 12:00:00,-10.73,1.2,361.2
2024-06-20 13:00:00,-16.96,-1.39,389.2
2024-06-20 14:00:00,-13.86,-0.44,422.0
2024-06-20 15:00:00,-16.65,-2.02,417.9
2024-06-20 16:00:00,-16.15,2.92,434.0
2024-06-20 17:00:00,-15.24,1.95,355.3
2024-06-20 18:00:00,-12.13,-1.63,406.7
2024-06-20 19:00:00,-14.21,1.24,442.8
2024-06-20 20:00:00,-13.41,0.56,440.0
2024-06-20 21:00:00,-16.82,-1.37,410.8
2024-06-20 22:00:00,-15.14,0.25,470.4
2024-06-20 23:00:00,-5.9,1.72,418.3
2024-06-21 00:00:00,-12.21,1.88,431.3
2024-06-21 01:00:00,-3.74,4.66,401.3
2024-06-21 02:00:00,-8.23,0.19,376.6
2024-06-21 03:00:00,-6.46,-0.48,373.7
2024-06-21 04:00:00,-2.46,1.12,405.4
2024-06-21 05:00:00,-1.35,-0.37,393.7
2024-06-21 06:00:00,-5.33,-1.17,346.9
2024-06-21 07:00:00,-6.34,-1.85,369.2
2024-06-21 08:00:00,-5.84,-6.86,390.4
2024-06-21 09:00:00,-5.45,1.47,421.8
2024-06-21 10:00:00,-4.83,-3.28,399.5
2024-06-21 11:00:00,-8.69,-1.76,397.8
2024-06-21 12:00:00,-8.14,0.58,370.4
2024-06-21 13:00:00,-6.38,-0.64,400.7
2024-06-21 14:00:00,-11.36,4.3,439.6
2024-06-21 15:00:00,-12.6,-3.02,404.7
2024-06-21 16:00:00,-18.89,4.48,354.8
2024-06-21 17:00:00,-22.72,2.76,362.5
2024-06-21 18:00:00,-13.83,1.82,417.7
2024-06-21 19:00:00,-15.11,2.88,393.3
2024-06-21 20:00:00,-15.87,0.81,397.8
2024-06-21 21:00:00,-12.8,-3.41,381.6
2024-06-21 22:00:00,-12.68,1.03,415.1
2024-06-21 23:00:00,-7.91,-2.96,391.0
2024-06-22 00:00:00,-9.74,-1.06,394.4
2024-06-22 01:00:00,-10.95,-0.16,374.5
2024-06-22 02:00:00,-4.53,-1.82,427.7
2024-06-22 03:00:00,-7.12,1.89,393.4
2024-06-22 04:00:00,-4.09,-0.43,418.2
2024-06-22 05:00:00,-6.6,0.82,364.2
2024-06-22 06:00:00,-6.95,-0.02,452.0
2024-06-22 07:00:00,-4.92,0.25,438.3
2024-06-22 08:00:00,-5.63,-1.77,342.7
2024-06-22 09:00:00,-5.02,-2.35,375.9
2024-06-22 10:00:00,-8.31,-0.31,414.3
2024-06-22 11:00:00,-14.21,-1.93,360.4
2024-06-22 12:00:00,-11.3,2.79,396.1
2024-06-22 13:00:00,-8.91,-2.75,412.8
2024-06-22 14:00:00,-13.39,4.67,394.5
2024-06-22 15:00:00,-14.27,0.6,416.2
2024-06-22 16:00:00,-11.37,0.14,379.2
2024-06-22 17:00:00,-16.97,-1.08,332.7
2024-06-22 18:00:00,-19.63,1.31,429.5
2024-06-22 19:00:00,-15.31,-0.41,429.3
2024-06-22 20:00:00,-15.78,0.6,475.1
2024-06-22 21:00:00,-16.43,1.68,333.8
2024-06-22 22:00:00,-13.03,1.34,422.5
2024-06-22 23:00:00,-9.82,2.48,340.9
2024-06-23 00:00:00,-10.03,1.08,452.7
2024-06-23 01:00:00,-7.78,-1.9,414.6
2024-06-23 02:00:00,-2.06,-23.04,672.4
2024-06-23 03:00:00,-49.98,-18.46,724.3
2024-06-23 04:00:00,-89.81,-18.43,684.3
2024-06-23 05:00:00,-91.68,3.85,709.9
2024-06-23 06:00:00,-84.17,-0.23,707.1
2024-06-23 07:00:00,-76.02,0.75,753.3
2024-06-23 08:00:00,-69.41,1.55,755.4
2024-06-23 09:00:00,-61.57,1.03,683.0
2024-06-23 10:00:00,-51.11,1.69,732.7
2024-06-23 11:00:00,-56.54,-1.64,711.6
2024-06-23 12:00:00,-52.44,-1.95,658.5
2024-06-23 13:00:00,-48.63,-0.56,680.0
2024-06-23 14:00:00,-44.81,-4.35,771.0
2024-06-23 15:00:00,-42.95,-0.08,711.7
2024-06-23 16:00:00,-37.71,-1.32,730.9
2024-06-23 17:00:00,-46.67,0.64,393.6
2024-06-23 18:00:00,-44.3,-0.53,383.8
2024-06-23 19:00:00,-36.28,-2.03,400.8
2024-06-23 20:00:00,-29.04,2.62,392.0
2024-06-23 21:00:00,-34.47,0.17,355.2
2024-06-23 22:00:00,-36.16,1.73,369.9
2024-06-23 23:00:00,-22.78,0.37,421.2
2024-06-24 00:00:00,-21.17,0.93,388.6
2024-06-24 01:00:00,-22.71,-2.72,400.8
2024-06-24 02:00:00,-20.14,2.56,407.0
2024-06-24 03:00:00,-18.1,1.76,409.4
2024-06-24 04:00:00,-13.21,-0.04,434.4
2024-06-24 05:00:00,-14.15,0.58,367.0
2024-06-24 06:00:00,-9.92,2.01,417.1
2024-06-24 07:00:00,-19.5,-0.74,422.7
2024-06-24 08:00:00,-13.44,-3.17,429.6
2024-06-24 09:00:00,-14.53,-0.71,357.6
2024-06-24 10:00:00,-12.5,0.3,407.6
2024-06-24 11:00:00,-10.32,-0.06,451.5
2024-06-24 12:00:00,-7.61,2.64,397.0
2024-06-24 13:00:00,-16.87,-1.92,414.5
2024-06-24 14:00:00,-12.36,-1.67,423.4
2024-06-24 15:00:00,-11.86,-2.12,369.2
2024-06-24 16:00:00,-8.76,0.86,455.0
2024-06-24 17:00:00,-16.27,-3.05,415.0
2024-06-24 18:00:00,-14.03,1.49,415.6
2024-06-24 19:00:00,-20.24,-1.87,350.1
2024-06-24 20:00:00,-21.51,-1.55,423.8
2024-06-24 21:00:00,-11.0,3.54,415.2
2024-06-24 22:00:00,-12.52,2.47,448.7
2024-06-24 23:00:00,-7.76,0.24,390.7
2024-06-25 00:00:00,-14.12,-2.62,370.4
2024-06-25 01:00:00,-7.15,4.03,379.5
2024-06-25 02:00:00,-1.89,-0.39,384.9
2024-06-25 03:00:00,-5.21,0.5,366.4
2024-06-25 04:00:00,-4.84,1.82,438.7
2024-06-25 05:00:00,-5.14,-3.93,439.8
2024-06-25 06:00:00,-9.71,-1.28,394.1
2024-06-25 07:00:00,-1.1,-0.14,388.2
2024-06-25 08:00:00,-7.5,0.26,345.5
2024-06-25 09:00:00,-4.95,-2.61,420.9
2024-06-25 10:00:00,-12.19,0.65,449.6
2024-06-25 11:00:00,-12.24,0.07,380.9
2024-06-25 12:00:00,-5.69,3.33,396.5
2024-06-25 13:00:00,-12.34,2.0,413.0
2024-06-25 14:00:00,-8.14,-0.54,451.7
2024-06-25 15:00:00,-13.77,-0.39,406.0
2024-06-25 16:00:00,-19.86,2.03,405.9
2024-06-25 17:00:00,-12.15,0.57,405.4
2024-06-25 18:00:00,-16.77,-2.74,357.2
2024-06-25 19:00:00,-12.73,4.19,356.6
2024-06-25 20:00:00,-14.25,-1.98,375.8
2024-06-25 21:00:00,-18.16,4.96,430.4
2024-06-25 22:00:00,-12.01,0.86,389.9
2024-06-25 23:00:00,-4.71,-1.27,384.1
2024-06-26 00:00:00,-8.52,-4.73,383.6
2024-06-26 01:00:00,-8.88,1.55,395.9
2024-06-26 02:00:00,-4.27,-3.1,451.1
2024-06-26 03:00:00,-5.83,0.71,395.5
2024-06-26 04:00:00,-5.04,3.87,376.4
2024-06-26 05:00:00,-8.45,-2.28,400.8
2024-06-26 06:00:00,-4.3,1.48,452.7
2024-06-26 07:00:00,-2.06,-1.62,384.9
2024-06-26 08:00:00,-8.18,2.27,364.6
2024-06-26 09:00:00,-2.19,0.13,385.0
2024-06-26 10:00:00,-7.78,-0.04,403.9
2024-06-26 11:00:00,-11.37,2.41,420.6
2024-06-26 12:00:00,-7.01,1.25,430.2
2024-06-26 13:00:00,-12.15,-1.61,368.6
2024-06-26 14:00:00,-10.22,3.57,371.5
2024-06-26 15:00:00,-14.41,-3.07,390.3
2024-06-26 16:00:00,-14.51,0.55,420.5
2024-06-26 17:00:00,-13.35,-1.65,362.2
2024-06-26 18:00:00,-14.13,-2.97,381.8
2024-06-26 19:00:00,-20.82,-2.27,382.2
2024-06-26 20:00:00,-17.69,-0.1,428.3
2024-06-26 21:00:00,-10.75,0.7,415.8
2024-06-26 22:00:00,-12.9,2.12,427.1
2024-06-26 23:00:00,-12.87,2.95,440.2
2024-06-27 00:00:00,-14.08,0.56,390.8
2024-06-27 01:00:00,-11.95,-0.89,364.4
2024-06-27 02:00:00,-13.57,2.08,364.6
2024-06-27 03:00:00,-6.77,-1.23,344.9
2024-06-27 04:00:00,-7.47,-3.19,386.2
2024-06-27 05:00:00,-8.07,1.88,388.5
2024-06-27 06:00:00,-5.2,2.65,423.6
2024-06-27 07:00:00,-4.08,-1.64,400.5
2024-06-27 08:00:00,0.61,3.92,385.3
2024-06-27 09:00:00,-11.0,1.17,396.5
2024-06-27 10:00:00,-4.02,0.87,368.8
2024-06-27 11:00:00,-5.79,-1.03,430.8
2024-06-27 12:00:00,-12.34,2.03,376.4
2024-06-27 13:00:00,-10.68,-3.05,365.8
2024-06-27 14:00:00,-13.87,-0.68,424.5
2024-06-27 15:00:00,-12.98,-1.47,417.2
2024-06-27 16:00:00,-9.8,-2.62,348.3
2024-06-27 17:00:00,-13.01,1.73,425.7
2024-06-27 18:00:00,-13.47,0.68,377.8
2024-06-27 19:00:00,-16.12,1.61,388.8
2024-06-27 20:00:00,-18.78,-0.56,405.6
2024-06-27 21:00:00,-14.16,1.97,417.6
2024-06-27 22:00:00,-8.88,0.15,413.4
2024-06-27 23:00:00,-15.88,-0.94,398.5
2024-06-28 00:00:00,-13.17,-1.28,387.3
2024-06-28 01:00:00,-8.33,-3.97,412.4
2024-06-28 02:00:00,-10.45,2.33,396.4
2024-06-28 03:00:00,-8.84,2.1,454.2
2024-06-28 04:00:00,-6.94,5.85,417.6
2024-06-28 05:00:00,-9.27,-0.67,372.3
2024-06-28 06:00:00,-7.92,-1.33,385.7
2024-06-28 07:00:00,-3.06,-3.4,401.4
2024-06-28 08:00:00,-9.59,1.92,439.0
2024-06-28 09:00:00,-11.26,1.46,442.3
2024-06-28 10:00:00,-9.39,3.1,388.1
2024-06-28 11:00:00,-6.51,-1.83,372.0
2024-06-28 12:00:00,-10.59,1.43,368.2
2024-06-28 13:00:00,-12.69,-1.04,407.6
2024-06-28 14:00:00,-12.37,2.69,469.1
2024-06-28 15:00:00,-18.77,1.07,416.2
2024-06-28 16:00:00,-12.85,-3.11,352.2
2024-06-28 17:00:00,-13.68,-0.26,378.2
2024-06-28 18:00:00,-16.23,-3.9,381.3
2024-06-28 19:00:00,-11.81,-2.33,375.3
2024-06-28 20:00:00,-17.71,-2.21,388.4
2024-06-28 21:00:00,-10.15,-1.28,411.1
2024-06-28 22:00:00,-12.04,-0.53,420.5
2024-06-28 23:00:00,-12.3,0.33,432.8
2024-06-29 00:00:00,-10.06,0.23,415.7
2024-06-29 01:00:00,-9.03,-0.05,341.4
2024-06-29 02:00:00,-3.84,0.66,368.3
2024-06-29 03:00:00,-9.69,-2.5,395.3
2024-06-29 04:00:00,-7.96,0.15,404.4
2024-06-29 05:00:00,-2.06,2.87,425.8
2024-06-29 06:00:00,-6.79,-0.33,401.3
2024-06-29 07:00:00,-2.47,0.99,401.5
2024-06-29 08:00:00,-0.57,0.8,407.1
2024-06-29 09:00:00,-7.67,1.72,392.3
2024-06-29 10:00:00,-5.46,0.57,402.6
2024-06-29 11:00:00,-12.17,1.69,433.8
2024-06-29 12:00:00,-7.74,1.01,397.5
2024-06-29 13:00:00,-10.7,1.31,399.1
2024-06-29 14:00:00,-11.08,0.88,399.0
2024-06-29 15:00:00,-15.47,-2.01,438.9
2024-06-29 16:00:00,-19.31,-2.34,366.8
2024-06-29 17:00:00,-13.32,-0.71,453.3
2024-06-29 18:00:00,-21.19,3.1,364.7
2024-06-29 19:00:00,-15.78,-0.34,380.4
2024-06-29 20:00:00,-11.51,0.62,422.3
2024-06-29 21:00:00,-12.96,-3.93,430.9
2024-06-29 22:00:00,-6.65,0.39,357.9
2024-06-29 23:00:00,-8.22,0.17,367.2
2024-06-30 00:00:00,-11.96,-5.35,408.3
2024-06-30 01:00:00,-8.62,0.58,470.3
2024-06-30 02:00:00,-7.64,-3.3,437.4
2024-06-30 03:00:00,-11.21,-1.45,392.6
2024-06-30 04:00:00,-8.49,1.99,327.4
2024-06-30 05:00:00,-6.85,0.31,402.4
2024-06-30 06:00:00,-11.11,-0.9,410.9
2024-06-30 07:00:00,-5.03,-1.07,388.5
2024-06-30 08:00:00,-6.42,-0.84,374.5
2024-06-30 09:00:00,-11.48,0.32,404.8
2024-06-30 10:00:00,-6.29,-2.4,371.7
2024-06-30 11:00:00,-6.56,2.25,456.2
2024-06-30 12:00:00,-9.32,-2.3,445.5
2024-06-30 13:00:00,-12.27,-3.45,419.7
2024-06-30 14:00:00,-10.73,1.98,402.7
2024-06-30 15:00:00,-11.49,-0.87,380.2
2024-06-30 16:00:00,-13.41,0.14,399.4
2024-06-30 17:00:00,-17.3,1.31,449.2
2024-06-30 18:00:00,-14.17,-1.44,426.1
2024-06-30 19:00:00,-11.24,0.27,406.1
2024-06-30 20:00:00,-16.12,1.3,427.7
2024-06-30 21:00:00,-7.24,3.29,416.4
2024-06-30 22:00:00,-14.08,-1.02,411.9
2024-06-30 23:00:00,-11.2,-0.93,429.4
2024-07-01 00:00:00,-12.02,1.13,415.5
2024-07-01 01:00:00,-8.04,0.42,425.8
2024-07-01 02:00:00,-12.73,-0.27,404.8
2024-07-01 03:00:00,-8.1,3.19,392.4
2024-07-01 04:00:00,-8.95,-3.36,383.6
2024-07-01 05:00:00,-4.76,-2.84,380.0
2024-07-01 06:00:00,-2.02,-3.34,351.8
2024-07-01 07:00:00,-3.23,2.4,372.6
2024-07-01 08:00:00,-12.78,1.03,371.8
2024-07-01 09:00:00,-0.34,-2.74,384.8
2024-07-01 10:00:00,-6.61,-0.25,446.9
2024-07-01 11:00:00,-11.04,-0.06,395.3
2024-07-01 12:00:00,-9.53,-4.42,407.3
2024-07-01 13:00:00,-10.77,0.38,408.2
2024-07-01 14:00:00,-14.5,-2.36,447.6
2024-07-01 15:00:00,-12.94,1.41,382.7
2024-07-01 16:00:00,-16.15,-2.29,393.3
2024-07-01 17:00:00,-16.04,0.44,396.8
2024-07-01 18:00:00,-17.06,2.59,434.1
2024-07-01 19:00:00,-19.13,1.95,440.3
2024-07-01 20:00:00,-13.89,1.01,414.2
2024-07-01 21:00:00,-11.78,-0.16,437.0
2024-07-01 22:00:00,-10.96,-3.0,405.3
2024-07-01 23:00:00,-8.83,-0.88,394.8
2024-07-02 00:00:00,-9.03,-0.45,435.4
2024-07-02 01:00:00,-10.3,-0.6,414.6
2024-07-02 02:00:00,-4.98,-3.07,377.9
2024-07-02 03:00:00,-10.54,0.87,429.9
2024-07-02 04:00:00,-8.37,-2.36,393.7
2024-07-02 05:00:00,-8.06,3.09,390.1
2024-07-02 06:00:00,-1.76,0.3,426.8
2024-07-02 07:00:00,-2.34,1.96,397.3
2024-07-02 08:00:00,-4.21,1.92,411.7
2024-07-02 09:00:00,-3.25,4.16,419.9
2024-07-02 10:00:00,-10.14,0.36,376.5
2024-07-02 11:00:00,-7.66,-0.78,411.5
2024-07-02 12:00:00,-10.38,-0.74,440.5
2024-07-02 13:00:00,-8.75,2.99,371.3
2024-07-02 14:00:00,-12.85,-2.64,413.5
2024-07-02 15:00:00,-14.69,-1.76,375.1
2024-07-02 16:00:00,-12.71,0.47,430.6
2024-07-02 17:00:00,-12.2,-0.31,430.4
2024-07-02 18:00:00,-17.01,1.94,389.4
2024-07-02 19:00:00,-15.01,-2.68,466.3
2024-07-02 20:00:00,-17.51,-0.13,433.2
2024-07-02 21:00:00,-21.03,-0.37,421.2
2024-07-02 22:00:00,-11.9,-2.14,419.5
2024-07-02 23:00:00,-9.47,1.76,429.5
2024-07-03 00:00:00,-9.21,-0.18,370.1
2024-07-03 01:00:00,-14.55,-0.27,405.8
2024-07-03 02:00:00,-8.55,-1.65,411.5
2024-07-03 03:00:00,-13.12,-0.74,388.0
2024-07-03 04:00:00,-1.56,-2.04,413.9
2024-07-03 05:00:00,-8.43,1.73,437.0
2024-07-03 06:00:00,-1.23,2.07,387.3
2024-07-03 07:00:00,-2.33,3.36,398.4
2024-07-03 08:00:00,-8.37,0.87,375.4
2024-07-03 09:00:00,-9.86,-0.68,346.4
2024-07-03 10:00:00,-6.45,-0.94,423.4
2024-07-03 11:00:00,-11.24,0.98,399.2
2024-07-03 12:00:00,-9.69,0.4,401.4
2024-07-03 13:00:00,-12.74,-0.35,370.4
2024-07-03 14:00:00,-17.84,-0.52,394.4
2024-07-03 15:00:00,-20.23,2.34,432.9
2024-07-03 16:00:00,-13.65,-0.86,400.0
2024-07-03 17:00:00,-16.51,2.69,400.9
2024-07-03 18:00:00,-16.66,0.36,406.2
2024-07-03 19:00:00,-12.74,-0.74,362.9
2024-07-03 20:00:00,-10.81,-1.57,418.7
2024-07-03 21:00:00,-14.35,-0.31,362.3
2024-07-03 22:00:00,-13.52,1.01,371.8
2024-07-03 23:00:00,-9.79,-0.75,368.5
2024-07-04 00:00:00,-14.07,1.7,394.7
2024-07-04 01:00:00,-8.04,-0.85,389.4
2024-07-04 02:00:00,-5.84,-0.25,400.0
2024-07-04 03:00:00,-4.42,-2.57,372.8
2024-07-04 04:00:00,-11.48,1.12,430.2
2024-07-04 05:00:00,-7.45,-0.53,425.0
2024-07-04 06:00:00,-7.63,3.16,394.8
2024-07-04 07:00:00,-4.87,1.41,385.6
2024-07-04 08:00:00,-4.23,0.17,382.6
2024-07-04 09:00:00,-1.97,2.45,390.7
2024-07-04 10:00:00,-8.98,0.81,358.0
2024-07-04 11:00:00,-10.2,2.02,371.2
2024-07-04 12:00:00,-6.55,-1.72,425.8
2024-07-04 13:00:00,-10.4,0.92,409.1
2024-07-04 14:00:00,-8.7,1.01,449.0
2024-07-04 15:00:00,-12.67,-3.09,391.0
2024-07-04 16:00:00,-17.8,3.01,389.2
2024-07-04 17:00:00,-18.83,-2.32,387.8
2024-07-04 18:00:00,-19.65,-2.6,390.4
2024-07-04 19:00:00,-12.84,-5.7,380.2
2024-07-04 20:00:00,-10.76,0.95,408.1
2024-07-04 21:00:00,-7.99,-3.29,400.9
2024-07-04 22:00:00,-9.97,-1.03,384.7
2024-07-04 23:00:00,-7.81,1.68,437.5
2024-07-05 00:00:00,-11.74,0.38,456.9
2024-07-05 01:00:00,-12.18,-1.25,435.0
2024-07-05 02:00:00,-4.95,-3.18,416.7
2024-07-05 03:00:00,-5.21,-0.22,422.9
2024-07-05 04:00:00,-5.35,1.71,455.7
2024-07-05 05:00:00,-4.01,1.4,422.8
2024-07-05 06:00:00,-4.03,3.57,382.4
2024-07-05 07:00:00,-1.32,-1.31,411.8
2024-07-05 08:00:00,-1.78,-2.63,418.8
2024-07-05 09:00:00,-4.83,0.62,370.2
2024-07-05 10:00:00,-4.96,0.42,391.5
2024-07-05 11:00:00,-7.16,-0.01,433.0
2024-07-05 12:00:00,-11.38,-1.49,345.3
2024-07-05 13:00:00,-9.02,-5.31,362.5
2024-07-05 14:00:00,-16.68,-2.01,394.7
2024-07-05 15:00:00,-10.37,1.11,410.6
2024-07-05 16:00:00,-17.91,0.57,359.3
2024-07-05 17:00:00,-13.97,1.93,396.2
2024-07-05 18:00:00,-17.54,0.69,434.6
2024-07-05 19:00:00,-13.17,1.47,402.1
2024-07-05 20:00:00,-14.43,1.53,428.2
2024-07-05 21:00:00,-18.32,0.04,382.2
2024-07-05 22:00:00,-11.24,0.05,375.7
2024-07-05 23:00:00,-13.03,-5.82,425.5
2024-07-06 00:00:00,-7.36,-1.31,411.1
2024-07-06 01:00:00,-8.7,-1.23,364.4
2024-07-06 02:00:00,-6.31,-0.22,376.0
2024-07-06 03:00:00,-9.34,-1.86,446.9
2024-07-06 04:00:00,-7.44,1.88,372.3
2024-07-06 05:00:00,-6.55,-1.76,428.0
2024-07-06 06:00:00,-2.43,2.2,385.7
2024-07-06 07:00:00,-0.14,-1.92,399.9
2024-07-06 08:00:00,-8.09,-1.21,408.8
2024-07-06 09:00:00,-3.23,-1.36,337.0
2024-07-06 10:00:00,-14.01,-0.99,356.1
2024-07-06 11:00:00,-12.29,2.36,402.6
2024-07-06 12:00:00,-12.88,-0.65,378.3
2024-07-06 13:00:00,-15.35,-0.6,429.9
2024-07-06 14:00:00,-17.25,-1.48,351.8
2024-07-06 15:00:00,-12.3,-0.52,417.0
2024-07-06 16:00:00,-14.97,0.43,358.7
2024-07-06 17:00:00,-13.69,-0.43,389.4
2024-07-06 18:00:00,-12.93,-0.3,368.1
2024-07-06 19:00:00,-14.03,2.03,457.1
2024-07-06 20:00:00,-12.36,0.55,359.8
2024-07-06 21:00:00,-13.74,-2.3,396.3
2024-07-06 22:00:00,-16.06,-0.17,348.2
2024-07-06 23:00:00,-8.12,-1.08,448.0
2024-07-07 00:00:00,-11.77,1.04,412.0
2024-07-07 01:00:00,-11.51,0.21,404.1
2024-07-07 02:00:00,-8.03,2.26,444.2
2024-07-07 03:00:00,-9.2,-1.48,404.4
2024-07-07 04:00:00,-6.92,-0.38,406.6
2024-07-07 05:00:00,-4.14,-2.13,404.0
2024-07-07 06:00:00,-3.95,-0.08,416.9
2024-07-07 07:00:00,-7.86,-3.07,385.2
2024-07-07 08:00:00,-7.13,0.64,393.6
2024-07-07 09:00:00,-3.24,-0.11,424.3
2024-07-07 10:00:00,-6.01,0.31,408.3
2024-07-07 11:00:00,-2.48,1.58,396.6
2024-07-07 12:00:00,-6.46,0.45,358.0
2024-07-07 13:00:00,-7.86,-2.55,444.9
2024-07-07 14:00:00,-16.66,-1.11,380.2
2024-07-07 15:00:00,-11.24,-0.16,429.6
2024-07-07 16:00:00,-14.49,-0.66,405.3
2024-07-07 17:00:00,-16.48,-0.41,361.2
2024-07-07 18:00:00,-14.5,3.24,437.6
2024-07-07 19:00:00,-11.99,0.2,407.6
2024-07-07 20:00:00,-12.83,0.76,440.1
2024-07-07 21:00:00,-16.17,-4.02,394.5
2024-07-07 22:00:00,-10.27,1.49,421.1
2024-07-07 23:00:00,-13.21,5.7,347.1
2024-07-08 00:00:00,-9.35,2.69,385.0
2024-07-08 01:00:00,-9.62,-0.88,361.8
2024-07-08 02:00:00,-8.16,4.56,388.8
2024-07-08 03:00:00,-4.17,0.05,414.2
2024-07-08 04:00:00,-8.79,0.61,381.9
2024-07-08 05:00:00,0.67,-0.53,425.9
2024-07-08 06:00:00,-10.46,-0.59,374.3
2024-07-08 07:00:00,-6.96,-4.5,426.6
2024-07-08 08:00:00,-4.56,1.57,439.3
2024-07-08 09:00:00,-4.71,-0.59,430.4
2024-07-08 10:00:00,-7.8,-0.38,389.7
2024-07-08 11:00:00,-8.88,0.55,336.2
2024-07-08 12:00:00,-8.77,-0.83,417.5
2024-07-08 13:00:00,-11.99,0.53,396.2
2024-07-08 14:00:00,-8.32,2.41,370.6
2024-07-08 15:00:00,-11.02,0.81,383.3
2024-07-08 16:00:00,-11.71,-0.31,443.0
2024-07-08 17:00:00,-17.73,-0.25,365.9
2024-07-08 18:00:00,-15.24,0.4,414.0
2024-07-08 19:00:00,-15.73,-1.66,406.5
2024-07-08 20:00:00,-17.35,0.42,389.3
2024-07-08 21:00:00,-12.46,1.37,419.3
2024-07-08 22:00:00,-14.11,0.18,449.0
2024-07-08 23:00:00,-9.33,-0.85,391.1
2024-07-09 00:00:00,-13.21,-0.57,392.7
2024-07-09 01:00:00,-3.55,1.3,418.7
2024-07-09 02:00:00,-10.19,-2.2,427.5
2024-07-09 03:00:00,-5.81,-1.63,396.2
2024-07-09 04:00:00,-3.29,-3.21,390.8
2024-07-09 05:00:00,-6.88,0.07,333.5
2024-07-09 06:00:00,-2.44,1.72,376.7
2024-07-09 07:00:00,-8.86,2.66,365.8
2024-07-09 08:00:00,-1.31,3.1,420.5
2024-07-09 09:00:00,-6.42,-1.38,392.7
2024-07-09 10:00:00,-9.29,0.5,391.5
2024-07-09 11:00:00,-9.6,-0.8,399.7
2024-07-09 12:00:00,-7.57,3.3,373.9
2024-07-09 13:00:00,-13.05,2.61,446.6
2024-07-09 14:00:00,-14.75,0.34,438.9
2024-07-09 15:00:00,-14.2,-21.08,701.2
2024-07-09 16:00:00,-39.65,-26.74,673.2
2024-07-09 17:00:00,-52.95,-22.71,651.8
2024-07-09 18:00:00,-82.07,-23.55,701.1
2024-07-09 19:00:00,-99.5,-22.74,632.3
2024-07-09 20:00:00,-122.66,-16.08,626.5
2024-07-09 21:00:00,-147.23,-22.43,634.6
2024-07-09 22:00:00,-143.26,-2.12,668.4
2024-07-09 23:00:00,-133.79,-1.84,629.8
2024-07-10 00:00:00,-129.78,5.2,648.0
2024-07-10 01:00:00,-118.97,-0.12,604.6
2024-07-10 02:00:00,-113.14,1.99,667.1
2024-07-10 03:00:00,-107.51,0.35,607.2
2024-07-10 04:00:00,-106.17,-3.97,624.7
2024-07-10 05:00:00,-103.06,3.07,689.2
2024-07-10 06:00:00,-97.22,0.8,688.1
2024-07-10 07:00:00,-90.88,-0.24,663.9
2024-07-10 08:00:00,-86.44,3.52,661.0
2024-07-10 09:00:00,-91.67,-0.69,636.8
2024-07-10 10:00:00,-82.67,-0.29,376.8
2024-07-10 11:00:00,-79.99,-0.69,389.1
2024-07-10 12:00:00,-79.35,2.15,354.6
2024-07-10 13:00:00,-72.85,1.63,407.6
2024-07-10 14:00:00,-73.71,0.56,401.5
2024-07-10 15:00:00,-69.26,-2.1,372.0
2024-07-10 16:00:00,-71.95,-0.74,447.1
2024-07-10 17:00:00,-66.42,-2.1,418.2
2024-07-10 18:00:00,-62.04,2.32,420.8
2024-07-10 19:00:00,-60.5,-3.15,385.4
2024-07-10 20:00:00,-64.97,3.19,400.0
2024-07-10 21:00:00,-59.52,2.58,418.8
2024-07-10 22:00:00,-56.72,-1.84,404.6
2024-07-10 23:00:00,-51.07,-0.83,448.1
2024-07-11 00:00:00,-47.32,-1.42,393.9
2024-07-11 01:00:00,-48.83,0.86,384.9
2024-07-11 02:00:00,-43.2,2.82,419.0
2024-07-11 03:00:00,-46.81,2.37,362.1
2024-07-11 04:00:00,-34.09,-0.87,427.7
2024-07-11 05:00:00,-37.97,2.51,361.0
2024-07-11 06:00:00,-34.69,2.34,419.2
2024-07-11 07:00:00,-34.61,-0.38,380.6
2024-07-11 08:00:00,-29.45,-0.02,414.3
2024-07-11 09:00:00,-40.97,3.08,427.2
2024-07-11 10:00:00,-32.37,2.12,404.6
2024-07-11 11:00:00,-32.73,2.45,364.0
2024-07-11 12:00:00,-33.99,5.17,373.1
2024-07-11 13:00:00,-27.73,1.09,378.1
2024-07-11 14:00:00,-35.8,0.65,343.1
2024-07-11 15:00:00,-30.93,2.72,433.8
2024-07-11 16:00:00,-32.08,3.98,403.3
2024-07-11 17:00:00,-29.01,-1.22,365.9
2024-07-11 18:00:00,-34.16,-0.4,443.7
2024-07-11 19:00:00,-33.41,-2.04,379.0
2024-07-11 20:00:00,-26.69,0.69,407.5
2024-07-11 21:00:00,-27.2,1.78,375.2
2024-07-11 22:00:00,-31.4,-1.9,339.5
2024-07-11 23:00:00,-26.53,2.27,359.1
2024-07-12 00:00:00,-21.85,-0.91,386.5
2024-07-12 01:00:00,-18.61,-1.07,426.9
2024-07-12 02:00:00,-21.4,2.26,410.4
2024-07-12 03:00:00,-26.53,-1.25,404.2
2024-07-12 04:00:00,-14.92,-2.81,339.7
2024-07-12 05:00:00,-19.16,1.49,438.1
2024-07-12 06:00:00,-20.91,-0.26,406.7
2024-07-12 07:00:00,-23.08,2.4,396.4
2024-07-12 08:00:00,-12.22,1.67,434.0
2024-07-12 09:00:00,-14.66,-3.5,437.4
2024-07-12 10:00:00,-16.38,2.63,434.6
2024-07-12 11:00:00,-12.37,3.8,392.6
2024-07-12 12:00:00,-15.56,2.07,369.9
2024-07-12 13:00:00,-13.58,2.15,429.7
2024-07-12 14:00:00,-23.5,-0.5,359.0
2024-07-12 15:00:00,-20.15,-0.95,458.4
2024-07-12 16:00:00,-19.18,0.42,400.8
2024-07-12 17:00:00,-15.52,1.84,368.2
2024-07-12 18:00:00,-15.75,1.79,363.0
2024-07-12 19:00:00,-12.95,-0.88,361.7
2024-07-12 20:00:00,-14.19,-1.08,404.2
2024-07-12 21:00:00,-11.67,-2.98,399.8
2024-07-12 22:00:00,-10.39,1.29,362.9
2024-07-12 23:00:00,-4.83,-0.78,389.3
2024-07-13 00:00:00,-10.95,-0.6,359.0
2024-07-13 01:00:00,-11.53,3.46,417.7
2024-07-13 02:00:00,-6.76,1.2,398.4
2024-07-13 03:00:00,-8.87,0.65,388.6
2024-07-13 04:00:00,-1.22,1.66,361.4
2024-07-13 05:00:00,-6.02,2.84,391.0
2024-07-13 06:00:00,-6.7,-3.23,387.6
2024-07-13 07:00:00,-6.58,-1.13,409.5
2024-07-13 08:00:00,-3.51,-0.46,405.0
2024-07-13 09:00:00,-6.94,-1.96,423.8
2024-07-13 10:00:00,-9.43,-0.53,385.5
2024-07-13 11:00:00,-3.71,-3.1,344.2
2024-07-13 12:00:00,-12.57,1.84,429.7
2024-07-13 13:00:00,-11.19,-1.04,371.9
2024-07-13 14:00:00,-10.54,0.4,366.8
2024-07-13 15:00:00,-18.43,0.1,398.7
2024-07-13 16:00:00,-12.89,1.11,409.1
2024-07-13 17:00:00,-17.99,-4.92,384.1
2024-07-13 18:00:00,-12.53,0.9,383.8
2024-07-13 19:00:00,-17.72,-0.55,388.3
2024-07-13 20:00:00,-12.25,0.81,442.5
2024-07-13 21:00:00,-10.22,-2.36,399.9
2024-07-13 22:00:00,-9.92,0.83,371.0
2024-07-13 23:00:00,-10.54,2.6,371.3
2024-07-14 00:00:00,-10.69,0.38,392.5
2024-07-14 01:00:00,-10.44,-1.43,407.1
2024-07-14 02:00:00,-3.09,-1.35,414.5
2024-07-14 03:00:00,-8.56,1.15,403.7
2024-07-14 04:00:00,-8.78,1.14,374.7
2024-07-14 05:00:00,-3.17,0.71,387.3
2024-07-14 06:00:00,-7.39,-0.08,422.0
2024-07-14 07:00:00,-8.02,0.41,365.6
2024-07-14 08:00:00,-10.0,-0.13,386.0
2024-07-14 09:00:00,-7.91,-0.76,417.9
2024-07-14 10:00:00,-7.75,1.51,426.3
2024-07-14 11:00:00,-7.98,0.62,394.2
2024-07-14 12:00:00,-7.15,2.58,387.7
2024-07-14 13:00:00,-9.71,2.23,360.3
2024-07-14 14:00:00,-13.07,0.55,415.8
2024-07-14 15:00:00,-14.13,1.19,439.6
2024-07-14 16:00:00,-12.8,-1.91,477.0
2024-07-14 17:00:00,-11.01,-0.16,411.6
2024-07-14 18:00:00,-14.62,0.69,398.5
2024-07-14 19:00:00,-16.24,-3.17,372.4
2024-07-14 20:00:00,-17.31,0.86,343.6
2024-07-14 21:00:00,-17.87,-1.92,405.3
2024-07-14 22:00:00,-10.5,-1.7,470.5
2024-07-14 23:00:00,-9.56,-1.06,438.1
2024-07-15 00:00:00,-8.27,-0.06,433.5
2024-07-15 01:00:00,-9.09,-2.66,407.4
2024-07-15 02:00:00,-3.28,1.71,410.8
2024-07-15 03:00:00,-7.92,0.35,327.3
2024-07-15 04:00:00,-2.8,3.85,422.9
2024-07-15 05:00:00,-5.29,0.6,382.6
2024-07-15 06:00:00,-6.83,1.14,378.9
2024-07-15 07:00:00,-3.39,-1.71,390.3
2024-07-15 08:00:00,-4.44,-2.36,389.3
2024-07-15 09:00:00,-5.39,1.24,378.5
2024-07-15 10:00:00,-7.26,-2.19,400.4
2024-07-15 11:00:00,-8.82,1.28,383.3
2024-07-15 12:00:00,-2.83,3.41,403.0
2024-07-15 13:00:00,-7.74,1.89,355.4
2024-07-15 14:00:00,-10.33,1.14,393.6
2024-07-15 15:00:00,-13.2,0.54,367.1
2024-07-15 16:00:00,-11.31,-0.77,380.8
2024-07-15 17:00:00,-13.28,-0.23,404.3
2024-07-15 18:00:00,-14.92,-1.13,351.9
2024-07-15 19:00:00,-15.74,-2.63,375.3
2024-07-15 20:00:00,-14.57,0.07,417.1
2024-07-15 21:00:00,-23.05,2.22,357.6
2024-07-15 22:00:00,-11.87,-2.58,453.3
2024-07-15 23:00:00,-12.76,2.8,436.1
2024-07-16 00:00:00,-5.22,2.43,385.2
2024-07-16 01:00:00,-8.65,0.79,376.4
2024-07-16 02:00:00,-11.07,0.81,406.1
2024-07-16 03:00:00,-6.61,-0.37,356.6
2024-07-16 04:00:00,-8.81,0.08,339.9
2024-07-16 05:00:00,-3.75,-0.93,386.2
2024-07-16 06:00:00,-4.13,0.06,396.0
2024-07-16 07:00:00,-2.3,0.28,402.8
2024-07-16 08:00:00,-8.04,3.76,381.6
2024-07-16 09:00:00,-6.36,1.13,438.2
2024-07-16 10:00:00,-11.6,-0.42,355.1
2024-07-16 11:00:00,-6.6,-0.2,365.9
2024-07-16 12:00:00,-8.44,-1.43,414.6
2024-07-16 13:00:00,-9.81,-1.1,365.2
2024-07-16 14:00:00,-12.5,1.82,364.0
2024-07-16 15:00:00,-12.29,-0.99,403.7
2024-07-16 16:00:00,-9.52,-1.24,368.4
2024-07-16 17:00:00,-15.68,-1.19,396.0
2024-07-16 18:00:00,-14.58,-1.46,379.0
2024-07-16 19:00:00,-18.09,2.25,374.2
2024-07-16 20:00:00,-16.93,0.29,336.9
2024-07-16 21:00:00,-13.24,-0.56,404.2
2024-07-16 22:00:00,-9.19,0.06,362.6
2024-07-16 23:00:00,-12.06,0.43,395.0
2024-07-17 00:00:00,-10.71,-1.49,384.6
2024-07-17 01:00:00,-9.93,-2.78,393.8
2024-07-17 02:00:00,-9.1,2.68,395.5
2024-07-17 03:00:00,-5.58,1.98,405.8
2024-07-17 04:00:00,-10.16,0.76,378.2
2024-07-17 05:00:00,-1.33,1.84,437.3
2024-07-17 06:00:00,-7.0,3.83,344.6
2024-07-17 07:00:00,-3.0,-1.07,393.2
2024-07-17 08:00:00,-9.48,-2.24,425.1
2024-07-17 09:00:00,-4.46,1.32,414.3
2024-07-17 10:00:00,-5.48,-2.93,370.8
2024-07-17 11:00:00,-7.55,0.08,375.8
2024-07-17 12:00:00,-12.98,-0.6,369.8
2024-07-17 13:00:00,-10.55,1.35,418.0
2024-07-17 14:00:00,-16.05,-0.96,377.8
2024-07-17 15:00:00,-14.29,2.4,407.7
2024-07-17 16:00:00,-11.24,-1.49,407.9
2024-07-17 17:00:00,-12.44,1.41,471.1
2024-07-17 18:00:00,-14.95,-1.33,409.4
2024-07-17 19:00:00,-17.75,1.1,375.7
2024-07-17 20:00:00,-12.39,-2.03,356.2
2024-07-17 21:00:00,-13.48,-0.05,391.7
2024-07-17 22:00:00,-19.46,2.64,396.4
2024-07-17 23:00:00,-8.95,0.23,333.7
2024-07-18 00:00:00,-10.07,2.37,378.6
2024-07-18 01:00:00,-5.1,-0.05,408.9
2024-07-18 02:00:00,-10.79,-1.01,384.0
2024-07-18 03:00:00,-15.99,0.34,429.1
2024-07-18 04:00:00,-4.83,1.24,353.2
2024-07-18 05:00:00,-4.3,-3.81,420.3
2024-07-18 06:00:00,-10.07,1.04,427.4
2024-07-18 07:00:00,-8.11,-1.88,428.7
2024-07-18 08:00:00,2.6,-2.38,353.0
2024-07-18 09:00:00,-7.38,1.08,409.4
2024-07-18 10:00:00,-5.31,2.68,379.9
2024-07-18 11:00:00,-10.66,0.43,357.8
2024-07-18 12:00:00,-16.27,-2.71,387.6
2024-07-18 13:00:00,-11.8,-1.34,372.9
2024-07-18 14:00:00,-13.3,-0.84,427.6
2024-07-18 15:00:00,-14.74,0.39,415.4
2024-07-18 16:00:00,-14.67,-0.14,365.4
2024-07-18 17:00:00,-14.04,0.99,378.3
2024-07-18 18:00:00,-15.45,2.0,388.6
2024-07-18 19:00:00,-18.62,0.69,397.8
2024-07-18 20:00:00,-12.87,1.8,430.2
2024-07-18 21:00:00,-19.38,-0.54,420.7
2024-07-18 22:00:00,-18.65,6.59,401.5
2024-07-18 23:00:00,-9.08,1.11,392.2
2024-07-19 00:00:00,-8.48,1.37,346.8
2024-07-19 01:00:00,-8.88,3.52,438.8
2024-07-19 02:00:00,-11.69,0.18,386.6
2024-07-19 03:00:00,-8.59,-1.29,446.6
2024-07-19 04:00:00,-6.46,2.61,405.9
2024-07-19 05:00:00,-9.96,2.73,460.8
2024-07-19 06:00:00,-7.22,0.31,418.2
2024-07-19 07:00:00,-3.21,3.52,357.0
2024-07-19 08:00:00,-1.39,-0.17,381.6
2024-07-19 09:00:00,-7.72,1.86,394.9
2024-07-19 10:00:00,-5.23,3.03,373.8
2024-07-19 11:00:00,-14.45,0.2,388.7
2024-07-19 12:00:00,-8.02,0.91,359.0
2024-07-19 13:00:00,-13.71,2.05,400.2
2024-07-19 14:00:00,-11.58,-0.73,407.1
2024-07-19 15:00:00,-14.28,-1.63,369.9
2024-07-19 16:00:00,-10.37,2.67,458.2
2024-07-19 17:00:00,-17.45,0.61,401.9
2024-07-19 18:00:00,-13.12,-1.01,375.5
2024-07-19 19:00:00,-15.67,0.19,351.1
2024-07-19 20:00:00,-14.81,1.02,401.8
2024-07-19 21:00:00,-14.09,-3.14,392.2
2024-07-19 22:00:00,-15.04,1.43,423.5
2024-07-19 23:00:00,-11.34,0.82,395.7
2024-07-20 00:00:00,-10.19,3.31,364.2
2024-07-20 01:00:00,-7.98,-0.44,450.1
2024-07-20 02:00:00,-7.25,2.75,413.1
2024-07-20 03:00:00,-4.07,-0.09,392.4
2024-07-20 04:00:00,-2.9,0.28,404.9
2024-07-20 05:00:00,-8.32,0.56,414.2
2024-07-20 06:00:00,-2.39,4.19,357.1
2024-07-20 07:00:00,-8.73,-2.48,404.7
2024-07-20 08:00:00,-3.91,0.99,386.5
2024-07-20 09:00:00,-4.61,0.08,415.2
2024-07-20 10:00:00,-13.23,-0.06,377.8
2024-07-20 11:00:00,-8.43,1.17,381.9
2024-07-20 12:00:00,-11.41,2.21,449.9
2024-07-20 13:00:00,-13.57,1.06,436.9
2024-07-20 14:00:00,-8.45,2.47,301.1
2024-07-20 15:00:00,-15.5,-0.5,434.7
2024-07-20 16:00:00,-16.75,-0.1,397.8
2024-07-20 17:00:00,-14.6,-2.0,378.8
2024-07-20 18:00:00,-12.94,3.97,369.8
2024-07-20 19:00:00,-15.25,-0.37,371.5
2024-07-20 20:00:00,-10.83,-0.59,379.6
2024-07-20 21:00:00,-11.94,1.21,366.2
2024-07-20 22:00:00,-19.03,2.21,359.4
2024-07-20 23:00:00,-12.88,-1.38,368.8
2024-07-21 00:00:00,-11.69,2.37,409.7
2024-07-21 01:00:00,-7.27,-0.61,401.5
2024-07-21 02:00:00,-15.37,2.86,416.7
2024-07-21 03:00:00,1.18,-1.08,398.0
2024-07-21 04:00:00,-4.08,1.47,360.8
2024-07-21 05:00:00,-4.72,0.09,414.8
2024-07-21 06:00:00,-1.46,-2.25,369.9
2024-07-21 07:00:00,1.86,-2.83,419.4
2024-07-21 08:00:00,-3.06,-1.49,365.0
2024-07-21 09:00:00,-3.62,1.99,379.4
2024-07-21 10:00:00,-7.11,-3.89,389.2
2024-07-21 11:00:00,-9.13,0.67,420.2
2024-07-21 12:00:00,-11.43,0.49,405.3
2024-07-21 13:00:00,-13.77,-3.36,400.6
2024-07-21 14:00:00,-14.56,-1.59,456.6
2024-07-21 15:00:00,-17.59,-1.6,344.9
2024-07-21 16:00:00,-14.56,0.11,368.8
2024-07-21 17:00:00,-19.88,2.93,367.6
2024-07-21 18:00:00,-14.43,2.15,346.9
2024-07-21 19:00:00,-14.94,-0.72,378.4
2024-07-21 20:00:00,-13.89,-1.66,420.6
2024-07-21 21:00:00,-15.1,-3.12,382.3
2024-07-21 22:00:00,-3.27,-0.76,390.0
2024-07-21 23:00:00,-7.21,-1.8,348.3
2024-07-22 00:00:00,-13.73,-0.07,376.1
2024-07-22 01:00:00,-8.01,0.0,386.1
2024-07-22 02:00:00,-9.32,-0.95,419.3
2024-07-22 03:00:00,-9.51,-0.91,349.8
2024-07-22 04:00:00,-9.69,-1.39,386.3
2024-07-22 05:00:00,-3.87,-1.02,432.6
2024-07-22 06:00:00,-7.04,2.87,386.6
2024-07-22 07:00:00,-2.27,1.04,336.5
2024-07-22 08:00:00,-2.69,1.06,438.4
2024-07-22 09:00:00,-2.34,2.02,422.0
2024-07-22 10:00:00,-10.06,1.85,426.1
2024-07-22 11:00:00,-7.28,2.85,347.7
2024-07-22 12:00:00,-8.1,1.18,445.4
2024-07-22 13:00:00,-12.72,0.41,376.8
2024-07-22 14:00:00,-14.82,-1.18,384.7
2024-07-22 15:00:00,-8.71,-1.65,378.9
2024-07-22 16:00:00,-13.65,1.76,428.4
2024-07-22 17:00:00,-12.92,-0.22,394.6
2024-07-22 18:00:00,-17.47,-2.72,414.5
2024-07-22 19:00:00,-18.49,-4.19,402.3
2024-07-22 20:00:00,-16.04,4.3,397.1
2024-07-22 21:00:00,-13.91,-1.97,371.6
2024-07-22 22:00:00,-15.69,-1.37,454.4
2024-07-22 23:00:00,-11.32,2.46,356.1
2024-07-23 00:00:00,-15.07,-2.42,412.4
2024-07-23 01:00:00,-12.07,1.06,411.3
2024-07-23 02:00:00,-5.49,3.64,434.6
2024-07-23 03:00:00,-4.65,4.23,441.6
2024-07-23 04:00:00,-6.85,-0.89,395.9
2024-07-23 05:00:00,-8.22,-0.02,415.9
2024-07-23 06:00:00,-8.08,-0.79,452.9
2024-07-23 07:00:00,-6.29,-0.04,398.0
2024-07-23 08:00:00,-3.74,2.6,368.0
2024-07-23 09:00:00,-3.68,-2.8,388.5
2024-07-23 10:00:00,-8.99,1.3,360.9
2024-07-23 11:00:00,-12.17,-0.39,411.2
2024-07-23 12:00:00,-9.2,2.74,431.9
2024-07-23 13:00:00,-13.76,2.63,396.4
2024-07-23 14:00:00,-14.05,-0.81,351.4
2024-07-23 15:00:00,-9.56,-0.22,430.6
2024-07-23 16:00:00,-11.85,1.79,346.7
2024-07-23 17:00:00,-14.36,1.97,353.6
2024-07-23 18:00:00,-18.82,-4.94,394.6
2024-07-23 19:00:00,-14.2,1.78,407.6
2024-07-23 20:00:00,-11.14,3.29,412.7
2024-07-23 21:00:00,-14.66,0.51,398.0
2024-07-23 22:00:00,-8.45,1.9,452.8
2024-07-23 23:00:00,-7.42,2.56,402.0
2024-07-24 00:00:00,-5.01,0.44,431.0
2024-07-24 01:00:00,-7.79,1.63,423.6
2024-07-24 02:00:00,-5.74,0.03,361.2
2024-07-24 03:00:00,-2.22,-0.1,394.9
2024-07-24 04:00:00,-4.33,-1.32,463.7
2024-07-24 05:00:00,-6.67,0.35,384.9
2024-07-24 06:00:00,-6.35,3.77,379.8
2024-07-24 07:00:00,-4.45,-1.8,405.1
2024-07-24 08:00:00,-9.54,1.23,385.9
2024-07-24 09:00:00,-6.89,0.64,376.2
2024-07-24 10:00:00,-4.21,2.95,385.5
2024-07-24 11:00:00,-15.28,3.33,443.0
2024-07-24 12:00:00,-5.4,-1.85,395.9
2024-07-24 13:00:00,-7.93,-1.15,360.2
2024-07-24 14:00:00,-13.88,-1.04,354.6
2024-07-24 15:00:00,-11.91,-0.97,466.2
2024-07-24 16:00:00,-14.32,-0.8,393.3
2024-07-24 17:00:00,-11.14,0.69,413.0
2024-07-24 18:00:00,-12.05,-1.7,376.9
2024-07-24 19:00:00,-19.03,-1.42,409.6
2024-07-24 20:00:00,-12.57,-1.58,443.8
2024-07-24 21:00:00,-14.15,0.99,380.4
2024-07-24 22:00:00,-12.25,-0.13,413.8
2024-07-24 23:00:00,-13.48,-0.48,357.8
2024-07-25 00:00:00,-4.76,-1.68,460.7
2024-07-25 01:00:00,-5.59,-3.21,408.1
2024-07-25 02:00:00,-9.72,3.26,387.6
2024-07-25 03:00:00,-10.47,-0.58,391.1
2024-07-25 04:00:00,-6.83,5.42,384.7
2024-07-25 05:00:00,-3.87,1.55,386.2
2024-07-25 06:00:00,-4.28,3.66,326.6
2024-07-25 07:00:00,-1.41,1.99,397.1
2024-07-25 08:00:00,-3.3,0.32,395.8
2024-07-25 09:00:00,-3.56,-1.2,414.7
2024-07-25 10:00:00,-6.52,-1.95,384.3
2024-07-25 11:00:00,-12.87,2.24,376.9
2024-07-25 12:00:00,-10.59,0.53,399.8
2024-07-25 13:00:00,-8.11,1.23,351.6
2024-07-25 14:00:00,-12.65,1.63,404.3
2024-07-25 15:00:00,-12.03,0.71,344.1
2024-07-25 16:00:00,-15.29,-0.94,433.6
2024-07-25 17:00:00,-17.92,2.03,420.5
2024-07-25 18:00:00,-15.37,-0.4,372.2
2024-07-25 19:00:00,-13.9,0.18,419.8
2024-07-25 20:00:00,-16.3,1.43,403.3
2024-07-25 21:00:00,-14.24,-0.12,369.7
2024-07-25 22:00:00,-15.32,-3.64,339.3
2024-07-25 23:00:00,-7.94,2.08,409.5
2024-07-26 00:00:00,-10.88,2.51,376.2
2024-07-26 01:00:00,-4.35,-3.66,432.8
2024-07-26 02:00:00,-2.91,-2.09,400.4
2024-07-26 03:00:00,-6.71,4.05,379.0
2024-07-26 04:00:00,-8.7,0.46,453.9
2024-07-26 05:00:00,-11.43,0.01,417.3
2024-07-26 06:00:00,-9.42,-0.85,290.3
2024-07-26 07:00:00,-9.29,-2.06,385.4
2024-07-26 08:00:00,-1.53,-0.39,358.5
2024-07-26 09:00:00,-6.12,1.95,376.0
2024-07-26 10:00:00,-6.33,-0.03,395.7
2024-07-26 11:00:00,-15.37,1.22,410.6
2024-07-26 12:00:00,-13.59,3.53,407.8
2024-07-26 13:00:00,-8.63,-1.16,432.3
2024-07-26 14:00:00,-11.64,0.61,419.1
2024-07-26 15:00:00,-13.98,2.01,417.2
2024-07-26 16:00:00,-12.64,-1.87,406.0
2024-07-26 17:00:00,-9.92,0.36,438.6
2024-07-26 18:00:00,-15.66,3.74,390.5
2024-07-26 19:00:00,-14.62,-0.68,391.3
2024-07-26 20:00:00,-13.75,2.14,342.8
2024-07-26 21:00:00,-6.36,-0.28,431.7
2024-07-26 22:00:00,-18.8,3.6,397.7
2024-07-26 23:00:00,-9.24,-3.29,488.0
2024-07-27 00:00:00,-10.34,0.13,387.8
2024-07-27 01:00:00,-7.01,-2.96,402.7
2024-07-27 02:00:00,-9.47,-1.4,416.4
2024-07-27 03:00:00,-6.61,-1.41,366.9
2024-07-27 04:00:00,-3.54,-0.53,410.8
2024-07-27 05:00:00,4.17,-2.38,401.0
2024-07-27 06:00:00,-2.58,-0.14,390.9
2024-07-27 07:00:00,-7.71,0.92,435.2
2024-07-27 08:00:00,-6.94,-3.06,372.9
2024-07-27 09:00:00,-7.82,-1.27,408.2
2024-07-27 10:00:00,-12.89,5.08,443.6
2024-07-27 11:00:00,-9.7,0.66,378.8
2024-07-27 12:00:00,-7.8,-3.64,391.1
2024-07-27 13:00:00,-15.12,-2.8,470.4
2024-07-27 14:00:00,-9.35,0.45,414.2
2024-07-27 15:00:00,-12.07,0.2,384.8
2024-07-27 16:00:00,-16.53,-1.17,424.1
2024-07-27 17:00:00,-15.25,4.39,383.0
2024-07-27 18:00:00,-10.21,5.24,353.1
2024-07-27 19:00:00,-12.63,-0.53,441.2
2024-07-27 20:00:00,-14.3,1.75,366.9
2024-07-27 21:00:00,-14.25,1.85,473.6
2024-07-27 22:00:00,-12.27,2.11,385.3
2024-07-27 23:00:00,-12.83,-1.28,464.0
2024-07-28 00:00:00,-16.31,3.88,358.9
2024-07-28 01:00:00,-2.58,-0.14,430.8
2024-07-28 02:00:00,-7.03,0.84,415.0
2024-07-28 03:00:00,-5.27,0.0,425.1
2024-07-28 04:00:00,-5.84,-0.28,429.0
2024-07-28 05:00:00,-7.38,0.56,385.1
2024-07-28 06:00:00,-5.56,-2.37,360.7
2024-07-28 07:00:00,-9.97,-3.94,398.5
2024-07-28 08:00:00,1.16,-0.43,406.7
2024-07-28 09:00:00,-10.17,-1.76,385.8
2024-07-28 10:00:00,-10.6,1.1,408.3
2024-07-28 11:00:00,-10.03,0.87,409.9
2024-07-28 12:00:00,-6.14,0.03,372.7
2024-07-28 13:00:00,-11.25,2.96,411.8
2024-07-28 14:00:00,-16.21,-0.01,392.0
2024-07-28 15:00:00,-9.77,-2.92,379.0
2024-07-28 16:00:00,-12.14,-0.45,423.6
2024-07-28 17:00:00,-13.21,2.34,376.7
2024-07-28 18:00:00,-12.85,-3.77,386.3
2024-07-28 19:00:00,-7.65,-0.19,402.2
2024-07-28 20:00:00,-7.77,1.15,441.2
2024-07-28 21:00:00,-15.6,5.3,405.8
2024-07-28 22:00:00,-7.63,2.42,415.8
2024-07-28 23:00:00,-10.14,0.27,391.1
2024-07-29 00:00:00,-8.5,1.04,397.6
2024-07-29 01:00:00,-13.78,-3.8,398.5
2024-07-29 02:00:00,-8.01,-2.1,408.8
2024-07-29 03:00:00,-8.9,1.3,391.1
2024-07-29 04:00:00,-3.19,0.32,440.2
2024-07-29 05:00:00,-1.96,0.58,388.8
2024-07-29 06:00:00,-11.22,0.07,348.8
2024-07-29 07:00:00,-5.24,-0.01,482.3
2024-07-29 08:00:00,-2.3,0.21,390.2
2024-07-29 09:00:00,-7.02,-2.11,439.4
2024-07-29 10:00:00,-5.31,-0.46,442.1
2024-07-29 11:00:00,-7.65,-2.49,428.4
2024-07-29 12:00:00,-8.98,-1.24,394.1
2024-07-29 13:00:00,-12.11,2.39,408.6
2024-07-29 14:00:00,-16.15,-0.36,361.8
2024-07-29 15:00:00,-16.9,1.19,459.7
2024-07-29 16:00:00,-12.2,0.23,374.4
2024-07-29 17:00:00,-14.77,-0.77,392.4
2024-07-29 18:00:00,-15.42,-2.02,403.0
2024-07-29 19:00:00,-16.1,-0.8,396.8
2024-07-29 20:00:00,-15.25,0.37,380.3
2024-07-29 21:00:00,-10.39,1.16,441.8
2024-07-29 22:00:00,-13.51,0.24,428.5
2024-07-29 23:00:00,-15.32,1.3,409.7
2024-07-30 00:00:00,-7.77,-3.04,388.0
2024-07-30 01:00:00,-9.32,1.73,431.9
2024-07-30 02:00:00,-7.41,-2.26,386.1
2024-07-30 03:00:00,-1.64,1.97,447.1
2024-07-30 04:00:00,-5.73,1.0,403.3
2024-07-30 05:00:00,-4.3,-3.74,436.9
2024-07-30 06:00:00,-8.54,1.47,396.6
2024-07-30 07:00:00,-5.83,1.99,402.1
2024-07-30 08:00:00,-3.84,2.52,436.8
2024-07-30 09:00:00,-11.13,-1.54,465.8
2024-07-30 10:00:00,-6.9,0.36,446.8
2024-07-30 11:00:00,-8.4,1.39,426.3
2024-07-30 12:00:00,-9.88,1.47,417.7
2024-07-30 13:00:00,-8.18,0.82,384.8
2024-07-30 14:00:00,-11.5,-0.85,408.9
2024-07-30 15:00:00,-9.1,1.98,372.6
2024-07-30 16:00:00,-17.31,1.99,411.3
2024-07-30 17:00:00,-14.42,-0.31,413.2
2024-07-30 18:00:00,-14.75,-1.57,341.2
2024-07-30 19:00:00,-18.04,-1.46,401.2
2024-07-30 20:00:00,-11.46,2.73,412.4
2024-07-30 21:00:00,-6.56,1.9,397.5
2024-07-30 22:00:00,-12.55,-0.04,410.7
2024-07-30 23:00:00,-9.78,-0.4,359.7
2024-07-31 00:00:00,-9.75,-3.54,376.7
2024-07-31 01:00:00,-10.85,-0.17,431.0
2024-07-31 02:00:00,-12.96,-2.38,400.0
2024-07-31 03:00:00,-8.58,0.32,410.2
2024-07-31 04:00:00,-9.85,2.37,383.6
2024-07-31 05:00:00,-0.06,-1.96,400.6
2024-07-31 06:00:00,-5.35,0.48,330.9
2024-07-31 07:00:00,-6.21,2.0,425.4
2024-07-31 08:00:00,-3.0,0.44,454.2
2024-07-31 09:00:00,-9.83,-1.05,368.0
2024-07-31 10:00:00,-9.8,0.02,371.8
2024-07-31 11:00:00,-8.5,1.91,413.2
2024-07-31 12:00:00,-6.91,0.53,444.2
2024-07-31 13:00:00,-9.79,-0.01,399.9
2024-07-31 14:00:00,-11.76,2.31,363.1
2024-07-31 15:00:00,-13.3,1.03,393.7
2024-07-31 16:00:00,-13.13,-2.41,369.1
2024-07-31 17:00:00,-14.22,1.26,379.9
2024-07-31 18:00:00,-18.09,1.9,390.9
2024-07-31 19:00:00,-14.69,-2.47,372.1
2024-07-31 20:00:00,-17.55,-4.54,376.7
2024-07-31 21:00:00,-13.29,-2.08,402.2
2024-07-31 22:00:00,-13.94,-0.2,406.5
2024-07-31 23:00:00,-3.68,2.02,357.3
2024-08-01 00:00:00,-10.12,-1.78,411.9
2024-08-01 01:00:00,-12.92,1.11,388.5
2024-08-01 02:00:00,-7.9,-5.78,421.6
2024-08-01 03:00:00,-4.91,0.36,423.4
2024-08-01 04:00:00,-0.65,-0.81,383.7
2024-08-01 05:00:00,-6.94,4.2,418.4
2024-08-01 06:00:00,-9.75,-3.78,374.9
2024-08-01 07:00:00,-2.72,-0.03,439.7
2024-08-01 08:00:00,-9.81,-3.8,376.0
2024-08-01 09:00:00,-7.77,-1.1,410.6
2024-08-01 10:00:00,-8.27,-3.4,394.4
2024-08-01 11:00:00,-8.91,4.6,369.5
2024-08-01 12:00:00,-7.93,-0.71,427.0
2024-08-01 13:00:00,-13.34,-0.42,381.6
2024-08-01 14:00:00,-13.32,-0.09,349.0
2024-08-01 15:00:00,-13.58,-2.26,313.5
2024-08-01 16:00:00,-13.88,2.11,373.7
2024-08-01 17:00:00,-14.54,1.28,441.3
2024-08-01 18:00:00,-13.69,1.84,437.7
2024-08-01 19:00:00,-12.3,-2.44,378.4
2024-08-01 20:00:00,-13.15,2.27,388.8
2024-08-01 21:00:00,-12.17,2.04,386.1
2024-08-01 22:00:00,-17.25,-0.46,360.0
2024-08-01 23:00:00,-11.14,1.79,371.5
2024-08-02 00:00:00,-8.56,0.55,429.4
2024-08-02 01:00:00,-6.52,-3.19,415.1
2024-08-02 02:00:00,-9.58,-0.37,408.2
2024-08-02 03:00:00,-8.44,-0.96,359.9
2024-08-02 04:00:00,-7.39,0.17,403.0
2024-08-02 05:00:00,-3.56,2.04,330.9
2024-08-02 06:00:00,-1.9,-3.28,425.3
2024-08-02 07:00:00,-6.39,-0.89,407.8
2024-08-02 08:00:00,-2.95,-1.64,359.6
2024-08-02 09:00:00,-6.09,-1.56,448.5
2024-08-02 10:00:00,-7.87,-1.65,346.1
2024-08-02 11:00:00,-9.34,0.14,415.9
2024-08-02 12:00:00,-7.76,1.05,416.7
2024-08-02 13:00:00,-10.32,0.7,362.8
2024-08-02 14:00:00,-5.67,0.37,398.9
2024-08-02 15:00:00,-16.09,1.24,350.9
2024-08-02 16:00:00,-12.78,4.76,314.6
2024-08-02 17:00:00,-16.42,0.27,368.0
2024-08-02 18:00:00,-17.61,2.04,381.5
2024-08-02 19:00:00,-14.86,1.93,419.3
2024-08-02 20:00:00,-13.92,3.56,402.0
2024-08-02 21:00:00,-4.78,1.12,402.8
2024-08-02 22:00:00,-13.05,-1.69,369.6
2024-08-02 23:00:00,-14.68,0.61,384.1
2024-08-03 00:00:00,-9.18,0.5,372.1
2024-08-03 01:00:00,-14.93,1.63,363.3
2024-08-03 02:00:00,-7.78,-1.75,382.2
2024-08-03 03:00:00,-6.42,2.53,402.2
2024-08-03 04:00:00,-3.29,0.01,382.8
2024-08-03 05:00:00,-2.25,1.68,390.3
2024-08-03 06:00:00,-6.51,0.62,420.8
2024-08-03 07:00:00,-5.62,0.25,385.0
2024-08-03 08:00:00,-7.97,0.47,360.0
2024-08-03 09:00:00,-9.85,1.34,416.9
2024-08-03 10:00:00,-6.57,3.92,408.0
2024-08-03 11:00:00,-12.53,-4.03,409.9
2024-08-03 12:00:00,-11.24,1.08,418.8
2024-08-03 13:00:00,-14.28,0.09,413.7
2024-08-03 14:00:00,-10.85,-0.35,400.9
2024-08-03 15:00:00,-8.13,-4.73,471.7
2024-08-03 16:00:00,-18.23,1.16,361.5
2024-08-03 17:00:00,-20.39,-0.25,382.4
2024-08-03 18:00:00,-15.37,-1.67,429.0
2024-08-03 19:00:00,-14.78,0.08,404.3
2024-08-03 20:00:00,-13.67,-0.59,422.7
2024-08-03 21:00:00,-14.87,-3.48,405.1
2024-08-03 22:00:00,-13.1,0.18,441.2
2024-08-03 23:00:00,-10.19,1.16,369.8
2024-08-04 00:00:00,-6.88,-1.1,440.3
2024-08-04 01:00:00,-14.57,0.52,435.1
2024-08-04 02:00:00,-8.61,0.22,363.7
2024-08-04 03:00:00,-5.82,2.09,418.9
2024-08-04 04:00:00,-8.42,-0.21,398.7
2024-08-04 05:00:00,0.02,1.6,381.8
2024-08-04 06:00:00,-6.91,-0.63,343.3
2024-08-04 07:00:00,-5.29,3.93,369.7
2024-08-04 08:00:00,-4.0,-0.87,421.2
2024-08-04 09:00:00,-8.24,-1.37,424.4
2024-08-04 10:00:00,-13.04,-0.2,393.7
2024-08-04 11:00:00,-9.99,-1.46,424.5
2024-08-04 12:00:00,-6.91,-2.5,428.4
2024-08-04 13:00:00,-12.3,1.46,404.6
2024-08-04 14:00:00,-15.04,-6.13,378.3
2024-08-04 15:00:00,-10.76,-1.44,413.2
2024-08-04 16:00:00,-15.32,-2.68,414.6
2024-08-04 17:00:00,-16.36,0.28,420.2
2024-08-04 18:00:00,-14.55,-4.38,426.0
2024-08-04 19:00:00,-12.52,1.1,359.1
2024-08-04 20:00:00,-7.18,1.31,384.7
2024-08-04 21:00:00,-11.05,-3.27,343.0
2024-08-04 22:00:00,-9.02,0.38,422.4
2024-08-04 23:00:00,-12.81,1.03,393.6
2024-08-05 00:00:00,-13.08,1.88,412.9
2024-08-05 01:00:00,-8.52,-2.94,355.7
2024-08-05 02:00:00,-7.18,-3.22,442.0
2024-08-05 03:00:00,-9.7,3.01,364.2
2024-08-05 04:00:00,-6.2,-1.64,423.2
2024-08-05 05:00:00,-3.97,-1.05,403.5
2024-08-05 06:00:00,-3.92,1.27,394.3
2024-08-05 07:00:00,-3.66,-2.34,391.9
2024-08-05 08:00:00,-4.8,-0.53,380.9
2024-08-05 09:00:00,-7.99,1.78,438.9
2024-08-05 10:00:00,-9.04,-2.84,400.4
2024-08-05 11:00:00,-12.3,-1.0,361.9
2024-08-05 12:00:00,-4.65,-2.25,388.5
2024-08-05 13:00:00,-11.25,-1.55,403.9
2024-08-05 14:00:00,-13.17,2.37,426.9
2024-08-05 15:00:00,-16.32,2.81,381.9
2024-08-05 16:00:00,-5.52,0.52,383.9
2024-08-05 17:00:00,-18.05,1.06,400.7
2024-08-05 18:00:00,-16.29,1.01,426.2
2024-08-05 19:00:00,-13.58,-1.34,358.9
2024-08-05 20:00:00,-12.53,0.48,415.2
2024-08-05 21:00:00,-10.66,-2.59,386.1
2024-08-05 22:00:00,-7.08,-1.92,390.3
2024-08-05 23:00:00,-9.78,-0.17,460.0
2024-08-06 00:00:00,-13.17,-2.12,394.1
2024-08-06 01:00:00,-9.48,-2.55,422.6
2024-08-06 02:00:00,-6.58,-1.42,421.6
2024-08-06 03:00:00,-0.26,2.29,364.6
2024-08-06 04:00:00,-9.86,3.11,344.6
2024-08-06 05:00:00,-1.56,-0.07,424.6
2024-08-06 06:00:00,-4.46,1.16,367.5
2024-08-06 07:00:00,-2.66,-1.13,350.1
2024-08-06 08:00:00,-5.98,-4.13,430.8
2024-08-06 09:00:00,-8.99,-1.79,369.4
2024-08-06 10:00:00,-5.25,-0.62,376.8
2024-08-06 11:00:00,-6.74,0.28,459.2
2024-08-06 12:00:00,-7.08,-0.2,350.2
2024-08-06 13:00:00,-11.33,-0.56,362.3
2024-08-06 14:00:00,-14.3,-1.15,386.2
2024-08-06 15:00:00,-18.21,0.69,392.8
2024-08-06 16:00:00,-11.87,-2.73,373.2
2024-08-06 17:00:00,-13.56,1.6,365.2
2024-08-06 18:00:00,-17.9,-1.17,445.3
2024-08-06 19:00:00,-16.45,4.13,407.9
2024-08-06 20:00:00,-15.73,-0.63,417.6
2024-08-06 21:00:00,-17.98,-0.96,395.9
2024-08-06 22:00:00,-14.95,-1.13,408.7
2024-08-06 23:00:00,-14.7,-0.94,428.0
2024-08-07 00:00:00,-11.24,1.21,370.1
2024-08-07 01:00:00,-10.92,-0.08,407.9
2024-08-07 02:00:00,-12.38,1.97,420.9
2024-08-07 03:00:00,-0.4,0.93,446.3
2024-08-07 04:00:00,-1.91,0.06,458.4
2024-08-07 05:00:00,-7.51,0.75,402.1
2024-08-07 06:00:00,-4.18,2.39,434.2
2024-08-07 07:00:00,-3.92,1.31,319.9
2024-08-07 08:00:00,-2.1,0.56,446.6
2024-08-07 09:00:00,-8.92,0.85,378.2
2024-08-07 10:00:00,-4.22,-2.31,392.8
2024-08-07 11:00:00,-10.35,5.14,413.2
2024-08-07 12:00:00,-14.01,1.06,395.4
2024-08-07 13:00:00,-9.12,1.26,405.9
2024-08-07 14:00:00,-8.63,-0.06,447.6
2024-08-07 15:00:00,-5.77,-4.6,388.5
2024-08-07 16:00:00,-17.93,-0.53,367.4
2024-08-07 17:00:00,-12.73,0.15,454.4
2024-08-07 18:00:00,-16.23,-1.65,415.8
2024-08-07 19:00:00,-12.48,-1.66,457.7
2024-08-07 20:00:00,-18.74,-0.68,425.9
2024-08-07 21:00:00,-17.32,1.54,360.3
2024-08-07 22:00:00,-14.83,2.51,419.4
2024-08-07 23:00:00,-11.06,0.34,370.5
2024-08-08 00:00:00,-11.92,-1.13,400.2
2024-08-08 01:00:00,-6.73,-0.72,397.7
2024-08-08 02:00:00,-4.42,0.2,351.5
2024-08-08 03:00:00,-4.67,0.44,375.6
2024-08-08 04:00:00,-0.81,0.87,466.2
2024-08-08 05:00:00,-3.92,-0.88,407.2
2024-08-08 06:00:00,-8.65,1.06,394.7
2024-08-08 07:00:00,-1.08,0.9,454.4
2024-08-08 08:00:00,-7.49,-0.79,388.1
2024-08-08 09:00:00,-3.73,-3.44,397.3
2024-08-08 10:00:00,-2.78,-1.77,429.7
2024-08-08 11:00:00,-7.34,3.14,388.0
2024-08-08 12:00:00,-14.49,-3.39,377.6
2024-08-08 13:00:00,-14.05,2.64,332.4
2024-08-08 14:00:00,-8.53,-3.46,371.9
2024-08-08 15:00:00,-14.04,-1.55,371.6
2024-08-08 16:00:00,-14.09,-0.75,404.8
2024-08-08 17:00:00,-12.55,3.56,381.7
2024-08-08 18:00:00,-12.91,0.05,464.7
2024-08-08 19:00:00,-13.99,-0.43,368.3
2024-08-08 20:00:00,-14.96,-1.87,442.0
2024-08-08 21:00:00,-14.47,1.04,406.6
2024-08-08 22:00:00,-9.93,-1.03,424.2
2024-08-08 23:00:00,-9.63,-0.46,422.4
2024-08-09 00:00:00,-10.77,-0.72,333.5
2024-08-09 01:00:00,-5.46,1.44,399.7
2024-08-09 02:00:00,-7.89,1.52,392.1
2024-08-09 03:00:00,-9.02,-1.78,366.0
2024-08-09 04:00:00,-7.95,-1.25,413.8
2024-08-09 05:00:00,-8.11,-1.45,451.5
2024-08-09 06:00:00,-5.82,0.37,319.8
2024-08-09 07:00:00,-1.47,1.81,384.0
2024-08-09 08:00:00,-8.09,0.39,362.6
2024-08-09 09:00:00,-5.9,-4.38,402.2
2024-08-09 10:00:00,-9.47,1.52,390.2
2024-08-09 11:00:00,-9.49,-2.7,381.8
2024-08-09 12:00:00,-14.53,-1.43,420.7
2024-08-09 13:00:00,-11.96,0.4,449.1
2024-08-09 14:00:00,-13.08,-0.17,479.8
2024-08-09 15:00:00,-11.91,1.75,377.8
2024-08-09 16:00:00,-13.66,-1.22,345.4
2024-08-09 17:00:00,-18.42,-1.93,416.8
2024-08-09 18:00:00,-11.75,-0.62,448.3
2024-08-09 19:00:00,-14.2,1.95,424.4
2024-08-09 20:00:00,-13.73,1.26,448.2
2024-08-09 21:00:00,-13.56,0.17,393.2
2024-08-09 22:00:00,-14.05,2.65,381.7
2024-08-09 23:00:00,-10.64,2.29,403.5
2024-08-10 00:00:00,-8.57,1.58,390.1
2024-08-10 01:00:00,-13.95,-2.36,419.9
2024-08-10 02:00:00,-9.12,1.57,429.1
2024-08-10 03:00:00,-7.23,-0.4,431.4
2024-08-10 04:00:00,-4.9,-0.79,415.3
2024-08-10 05:00:00,-1.59,-1.37,407.4
2024-08-10 06:00:00,-7.32,-0.34,423.8
2024-08-10 07:00:00,-6.66,-1.25,341.1
2024-08-10 08:00:00,-7.21,0.34,406.3
2024-08-10 09:00:00,-8.87,-0.35,401.6
2024-08-10 10:00:00,-8.54,0.44,406.4
2024-08-10 11:00:00,-6.39,1.11,397.4
2024-08-10 12:00:00,-13.16,-0.59,413.0
2024-08-10 13:00:00,-10.01,-1.47,382.8
2024-08-10 14:00:00,-17.61,-4.01,433.9
2024-08-10 15:00:00,-15.22,1.54,414.2
2024-08-10 16:00:00,-15.32,0.16,404.5
2024-08-10 17:00:00,-9.81,-0.35,379.1
2024-08-10 18:00:00,-15.82,2.34,424.5
2024-08-10 19:00:00,-21.43,-2.58,406.2
2024-08-10 20:00:00,-20.33,0.11,377.3
2024-08-10 21:00:00,-13.43,-1.93,398.3
2024-08-10 22:00:00,-10.66,1.31,418.9
2024-08-10 23:00:00,-10.17,-4.45,416.5
2024-08-11 00:00:00,-9.5,1.61,414.6
2024-08-11 01:00:00,-5.22,1.53,402.8
2024-08-11 02:00:00,-9.12,-1.85,430.8
2024-08-11 03:00:00,-3.78,0.13,437.1
2024-08-11 04:00:00,-10.57,-1.8,422.1
2024-08-11 05:00:00,-7.89,0.86,382.4
2024-08-11 06:00:00,-10.42,1.64,368.3
2024-08-11 07:00:00,-5.99,-2.01,383.7
2024-08-11 08:00:00,-5.81,-2.59,458.6
2024-08-11 09:00:00,-6.12,2.19,408.5
2024-08-11 10:00:00,-7.31,3.88,463.8
2024-08-11 11:00:00,-11.49,0.99,396.4
2024-08-11 12:00:00,-10.57,1.14,392.2
2024-08-11 13:00:00,-15.79,-0.66,397.8
2024-08-11 14:00:00,-8.41,0.36,397.2
2024-08-11 15:00:00,-14.45,0.7,376.8
2024-08-11 16:00:00,-15.8,-0.37,365.5
2024-08-11 17:00:00,-10.06,2.7,415.0
2024-08-11 18:00:00,-18.73,0.35,431.6
2024-08-11 19:00:00,-18.21,0.61,473.3
2024-08-11 20:00:00,-17.62,-0.32,387.0
2024-08-11 21:00:00,-13.74,-0.12,389.4
2024-08-11 22:00:00,-11.21,2.44,376.9
2024-08-11 23:00:00,-9.08,0.29,433.8
2024-08-12 00:00:00,-2.28,0.34,424.4
2024-08-12 01:00:00,-15.45,0.36,373.7
2024-08-12 02:00:00,-5.67,-0.73,372.9
2024-08-12 03:00:00,-8.14,-2.82,428.6
2024-08-12 04:00:00,-7.43,3.15,411.5
2024-08-12 05:00:00,-7.03,2.14,422.8
2024-08-12 06:00:00,-7.73,2.5,373.5
2024-08-12 07:00:00,-0.12,-2.15,343.7
2024-08-12 08:00:00,-3.14,2.89,373.8
2024-08-12 09:00:00,-6.39,3.93,420.6
2024-08-12 10:00:00,-3.45,2.09,463.3
2024-08-12 11:00:00,-13.24,3.3,387.1
2024-08-12 12:00:00,-13.99,1.6,468.3
2024-08-12 13:00:00,-17.83,-1.69,424.9
2024-08-12 14:00:00,-14.6,1.02,358.2
2024-08-12 15:00:00,-13.05,-2.04,406.4
2024-08-12 16:00:00,-14.02,-1.19,425.9
2024-08-12 17:00:00,-14.38,0.63,327.2
2024-08-12 18:00:00,-19.23,0.36,419.3
2024-08-12 19:00:00,-12.42,0.93,435.2
2024-08-12 20:00:00,-13.61,-3.58,412.0
2024-08-12 21:00:00,-11.34,-0.31,398.1
2024-08-12 22:00:00,-18.18,1.1,394.8
2024-08-12 23:00:00,-10.36,1.5,393.1
2024-08-13 00:00:00,-13.56,1.63,364.7
2024-08-13 01:00:00,-9.9,0.5,379.4
2024-08-13 02:00:00,-5.9,-0.76,387.5
2024-08-13 03:00:00,-6.19,1.0,403.4
2024-08-13 04:00:00,-8.22,-0.6,383.3
2024-08-13 05:00:00,-5.15,1.8,373.9
2024-08-13 06:00:00,-9.59,0.85,422.8
2024-08-13 07:00:00,-1.72,-0.12,411.1
2024-08-13 08:00:00,-6.29,-1.54,383.8
2024-08-13 09:00:00,-3.11,2.24,415.2
2024-08-13 10:00:00,-9.08,1.12,386.4
2024-08-13 11:00:00,-10.28,4.21,401.9
2024-08-13 12:00:00,-12.29,1.05,429.3
2024-08-13 13:00:00,-8.67,1.22,381.9
2024-08-13 14:00:00,-14.63,-2.93,364.8
2024-08-13 15:00:00,-11.6,0.62,395.6
2024-08-13 16:00:00,-15.48,-0.63,359.1
2024-08-13 17:00:00,-20.76,1.65,391.7
2024-08-13 18:00:00,-16.71,0.67,391.6
2024-08-13 19:00:00,-18.37,1.97,326.1
2024-08-13 20:00:00,-14.23,4.27,415.9
2024-08-13 21:00:00,-17.11,-1.6,394.5
2024-08-13 22:00:00,-9.72,1.89,435.5
2024-08-13 23:00:00,-11.57,1.37,406.5
2024-08-14 00:00:00,-10.53,3.96,422.1
2024-08-14 01:00:00,-6.74,1.41,435.7
2024-08-14 02:00:00,-4.61,1.2,396.0
2024-08-14 03:00:00,-6.52,1.7,400.0
2024-08-14 04:00:00,-7.98,1.84,352.8
2024-08-14 05:00:00,-10.49,2.91,437.2
2024-08-14 06:00:00,-7.06,-1.64,395.6
2024-08-14 07:00:00,-7.02,-0.78,369.8
2024-08-14 08:00:00,-5.35,3.47,422.2
2024-08-14 09:00:00,-7.5,-3.92,334.6
2024-08-14 10:00:00,-5.44,-0.17,387.1
2024-08-14 11:00:00,-10.54,0.3,427.2
2024-08-14 12:00:00,-10.17,-0.35,386.9
2024-08-14 13:00:00,-7.74,3.16,378.5
2024-08-14 14:00:00,-11.47,0.95,387.5
2024-08-14 15:00:00,-13.72,-0.77,339.7
2024-08-14 16:00:00,-16.14,-1.27,421.5
2024-08-14 17:00:00,-16.73,0.56,396.3
2024-08-14 18:00:00,-17.55,2.33,391.8
2024-08-14 19:00:00,-16.45,0.28,391.9
2024-08-14 20:00:00,-12.06,-0.27,400.4
2024-08-14 21:00:00,-14.2,-1.39,419.6
2024-08-14 22:00:00,-16.55,0.75,398.4
2024-08-14 23:00:00,-5.99,0.64,359.2
2024-08-15 00:00:00,-9.04,-1.45,417.3
2024-08-15 01:00:00,-12.93,2.05,415.0
2024-08-15 02:00:00,-8.83,3.41,406.2
2024-08-15 03:00:00,-6.13,0.1,432.3
2024-08-15 04:00:00,-0.56,0.6,400.9
2024-08-15 05:00:00,-8.49,-2.21,433.3
2024-08-15 06:00:00,-2.07,1.47,442.2
2024-08-15 07:00:00,-0.97,0.93,417.5
2024-08-15 08:00:00,-7.56,-0.65,377.6
2024-08-15 09:00:00,-7.3,-1.49,396.1
2024-08-15 10:00:00,-10.61,3.7,437.2
2024-08-15 11:00:00,-9.32,0.77,355.1
2024-08-15 12:00:00,-10.11,-1.84,388.2
2024-08-15 13:00:00,-9.32,1.71,389.7
2024-08-15 14:00:00,-9.23,0.46,374.0
2024-08-15 15:00:00,-15.78,0.12,426.2
2024-08-15 16:00:00,-20.23,1.96,411.3
2024-08-15 17:00:00,-14.89,-5.23,378.7
2024-08-15 18:00:00,-14.12,-3.61,418.2
2024-08-15 19:00:00,-14.08,2.76,395.2
2024-08-15 20:00:00,-15.31,-0.26,373.3
2024-08-15 21:00:00,-13.16,-0.85,378.6
2024-08-15 22:00:00,-7.95,-2.68,413.1
2024-08-15 23:00:00,-10.15,0.39,428.2
2024-08-16 00:00:00,-11.12,0.63,385.4
2024-08-16 01:00:00,-10.21,2.88,416.3
2024-08-16 02:00:00,-8.01,0.74,447.5
2024-08-16 03:00:00,-1.55,-0.61,362.2
2024-08-16 04:00:00,-6.22,0.81,410.7
2024-08-16 05:00:00,-5.23,2.22,424.9
2024-08-16 06:00:00,-6.45,1.78,397.1
2024-08-16 07:00:00,-1.87,1.24,437.1
2024-08-16 08:00:00,0.21,0.55,466.0
2024-08-16 09:00:00,-5.11,-1.16,410.3
2024-08-16 10:00:00,-7.25,-2.07,393.0
2024-08-16 11:00:00,-8.6,-2.38,429.3
2024-08-16 12:00:00,-17.15,0.79,425.3
2024-08-16 13:00:00,-9.06,1.0,324.4
2024-08-16 14:00:00,-12.1,2.19,399.9
2024-08-16 15:00:00,-12.25,1.12,388.2
2024-08-16 16:00:00,-16.46,2.1,411.9
2024-08-16 17:00:00,-15.98,-0.26,394.2
2024-08-16 18:00:00,-16.23,1.54,397.4
2024-08-16 19:00:00,-11.76,-2.0,374.1
2024-08-16 20:00:00,-15.47,-0.12,422.0
2024-08-16 21:00:00,-7.29,-3.66,449.7
2024-08-16 22:00:00,-11.21,0.06,374.6
2024-08-16 23:00:00,-15.12,2.45,358.1
2024-08-17 00:00:00,-10.39,0.14,400.6
2024-08-17 01:00:00,-10.66,1.44,399.1
2024-08-17 02:00:00,-14.08,0.55,435.1
2024-08-17 03:00:00,-1.67,-1.14,363.1
2024-08-17 04:00:00,-3.56,-0.37,383.9
2024-08-17 05:00:00,-3.57,2.36,335.6
2024-08-17 06:00:00,-4.5,1.43,441.2
2024-08-17 07:00:00,-9.32,-1.24,407.5
2024-08-17 08:00:00,-7.12,-2.77,386.1
2024-08-17 09:00:00,-3.94,0.41,360.3
2024-08-17 10:00:00,-10.65,-1.16,363.1
2024-08-17 11:00:00,-16.3,-0.35,412.4
2024-08-17 12:00:00,-10.68,-2.91,366.8
2024-08-17 13:00:00,-11.72,2.08,403.1
2024-08-17 14:00:00,-12.09,-0.19,461.3
2024-08-17 15:00:00,-11.35,0.11,389.6
2024-08-17 16:00:00,-12.42,-1.67,371.2
2024-08-17 17:00:00,-14.05,-0.55,411.5
2024-08-17 18:00:00,-11.41,0.24,363.2
2024-08-17 19:00:00,-19.39,-1.23,451.6
2024-08-17 20:00:00,-12.82,-0.43,442.1
2024-08-17 21:00:00,-11.66,2.77,395.1
2024-08-17 22:00:00,-16.22,-3.5,373.1
2024-08-17 23:00:00,-15.8,0.37,387.2
2024-08-18 00:00:00,-12.24,-1.57,391.1
2024-08-18 01:00:00,-10.69,2.67,411.5
2024-08-18 02:00:00,-5.24,-0.36,431.2
2024-08-18 03:00:00,-8.31,-2.09,368.9
2024-08-18 04:00:00,-8.24,-0.43,430.3
2024-08-18 05:00:00,-7.01,0.7,418.5
2024-08-18 06:00:00,-1.64,5.55,384.8
2024-08-18 07:00:00,-5.13,-4.22,367.4
2024-08-18 08:00:00,-6.21,-2.4,403.5
2024-08-18 09:00:00,-6.79,2.61,368.2
2024-08-18 10:00:00,-3.62,-3.02,430.7
2024-08-18 11:00:00,-10.95,0.02,366.3
2024-08-18 12:00:00,-6.05,-0.97,416.4
2024-08-18 13:00:00,-10.66,-1.28,397.6
2024-08-18 14:00:00,-12.98,-0.34,383.2
2024-08-18 15:00:00,-6.03,-0.67,396.9
2024-08-18 16:00:00,-17.5,2.11,432.4
2024-08-18 17:00:00,-15.89,2.66,364.2
2024-08-18 18:00:00,-18.7,0.85,387.6
2024-08-18 19:00:00,-11.97,-0.47,377.4
2024-08-18 20:00:00,-9.26,0.52,398.8
2024-08-18 21:00:00,-8.53,1.61,379.5
2024-08-18 22:00:00,-8.83,2.0,347.0
2024-08-18 23:00:00,-11.89,0.74,368.3
2024-08-19 00:00:00,-11.1,3.06,449.1
2024-08-19 01:00:00,-13.72,-1.23,407.4
2024-08-19 02:00:00,-1.39,2.28,406.4
2024-08-19 03:00:00,-5.06,1.41,391.5
2024-08-19 04:00:00,-7.15,-1.22,398.5
2024-08-19 05:00:00,-1.19,0.47,387.1
2024-08-19 06:00:00,-7.92,0.6,415.8
2024-08-19 07:00:00,-3.95,-0.28,403.0
2024-08-19 08:00:00,-6.19,-0.31,364.9
2024-08-19 09:00:00,-4.55,-3.05,407.6
2024-08-19 10:00:00,-7.69,-1.38,326.2
2024-08-19 11:00:00,-13.06,-0.48,412.4
2024-08-19 12:00:00,-9.77,-1.15,357.7
2024-08-19 13:00:00,-8.15,-1.71,397.1
2024-08-19 14:00:00,-12.59,2.12,364.2
2024-08-19 15:00:00,-11.21,-0.21,400.1
2024-08-19 16:00:00,-17.47,4.33,417.3
2024-08-19 17:00:00,-14.91,0.45,445.1
2024-08-19 18:00:00,-16.87,2.08,353.8
2024-08-19 19:00:00,-12.59,-0.42,429.3
2024-08-19 20:00:00,-14.24,-1.32,403.9
2024-08-19 21:00:00,-11.47,0.53,386.5
2024-08-19 22:00:00,-9.24,2.59,422.8
2024-08-19 23:00:00,-9.22,-0.18,392.9
2024-08-20 00:00:00,-9.18,0.89,421.5
2024-08-20 01:00:00,-11.7,0.52,370.2
2024-08-20 02:00:00,-7.51,-0.2,381.0
2024-08-20 03:00:00,-8.06,-0.09,428.3
2024-08-20 04:00:00,-6.7,-2.0,444.6
2024-08-20 05:00:00,-6.29,-0.02,398.9
2024-08-20 06:00:00,-7.94,1.31,316.4
2024-08-20 07:00:00,-11.04,0.59,394.0
2024-08-20 08:00:00,-7.67,0.37,401.0
2024-08-20 09:00:00,-5.88,1.45,393.0
2024-08-20 10:00:00,-11.54,0.39,410.1
2024-08-20 11:00:00,-8.66,0.03,385.7
2024-08-20 12:00:00,-4.3,1.47,425.2
2024-08-20 13:00:00,-8.22,0.27,365.0
2024-08-20 14:00:00,-7.57,-0.47,437.1
2024-08-20 15:00:00,-12.36,0.94,446.5
2024-08-20 16:00:00,-10.83,-0.07,372.6
2024-08-20 17:00:00,-17.0,-0.56,372.6
2024-08-20 18:00:00,-16.93,0.31,412.3
2024-08-20 19:00:00,-23.05,0.33,364.4
2024-08-20 20:00:00,-10.77,-2.21,385.2
2024-08-20 21:00:00,-8.91,0.67,433.1
2024-08-20 22:00:00,-14.16,3.69,422.1
2024-08-20 23:00:00,-12.06,-1.96,459.4
2024-08-21 00:00:00,-12.26,-1.01,405.1
2024-08-21 01:00:00,-7.56,5.56,381.7
2024-08-21 02:00:00,-4.13,-1.64,401.5
2024-08-21 03:00:00,-11.69,2.57,395.5
2024-08-21 04:00:00,-4.44,-0.46,395.9
2024-08-21 05:00:00,-6.0,0.12,399.3
2024-08-21 06:00:00,-4.66,-0.26,372.0
2024-08-21 07:00:00,-3.79,0.85,408.5
2024-08-21 08:00:00,-6.23,-3.16,357.7
2024-08-21 09:00:00,-6.78,0.37,378.5
2024-08-21 10:00:00,-8.14,-0.81,396.4
2024-08-21 11:00:00,-5.79,-3.73,332.2
2024-08-21 12:00:00,-8.74,2.24,423.1
2024-08-21 13:00:00,-10.63,-4.22,338.4
2024-08-21 14:00:00,-16.31,4.3,420.1
2024-08-21 15:00:00,-14.67,1.23,361.2
2024-08-21 16:00:00,-11.63,-2.72,387.9
2024-08-21 17:00:00,-14.72,2.68,415.6
2024-08-21 18:00:00,-13.02,-1.5,465.9
2024-08-21 19:00:00,-9.53,-1.41,403.5
2024-08-21 20:00:00,-11.21,-3.6,340.5
2024-08-21 21:00:00,-13.26,-1.73,428.6
2024-08-21 22:00:00,-14.03,-1.49,393.0
2024-08-21 23:00:00,-18.95,1.64,402.1
2024-08-22 00:00:00,-10.51,2.33,416.7
2024-08-22 01:00:00,-9.68,-2.48,333.2
2024-08-22 02:00:00,-6.33,0.54,400.2
2024-08-22 03:00:00,-6.93,-3.68,387.7
2024-08-22 04:00:00,-6.63,0.55,436.7
2024-08-22 05:00:00,-10.51,4.32,421.8
2024-08-22 06:00:00,-7.82,-3.56,351.2
2024-08-22 07:00:00,-3.74,-2.03,437.9
2024-08-22 08:00:00,-0.52,1.45,413.5
2024-08-22 09:00:00,-6.76,1.69,353.6
2024-08-22 10:00:00,-6.52,-1.88,401.7
2024-08-22 11:00:00,-5.85,2.95,431.0
2024-08-22 12:00:00,-12.43,-1.63,363.6
2024-08-22 13:00:00,-10.19,3.35,441.3
2024-08-22 14:00:00,-14.72,0.94,354.6
2024-08-22 15:00:00,-10.94,2.54,376.3
2024-08-22 16:00:00,-13.88,0.74,371.7
2024-08-22 17:00:00,-13.93,1.31,441.3
2024-08-22 18:00:00,-17.35,1.42,385.3
2024-08-22 19:00:00,-12.71,2.29,365.1
2024-08-22 20:00:00,-8.08,-0.07,413.4
2024-08-22 21:00:00,-16.56,-1.8,419.8
2024-08-22 22:00:00,-13.52,-0.16,420.0
2024-08-22 23:00:00,-10.6,-1.33,391.9
2024-08-23 00:00:00,-7.64,-1.2,407.6
2024-08-23 01:00:00,-10.38,3.31,380.5
2024-08-23 02:00:00,-16.0,1.25,450.2
2024-08-23 03:00:00,-2.39,1.15,434.3
2024-08-23 04:00:00,-3.39,2.15,432.5
2024-08-23 05:00:00,-10.4,1.24,423.8
2024-08-23 06:00:00,-6.82,3.73,415.6
2024-08-23 07:00:00,-0.47,-4.19,362.7
2024-08-23 08:00:00,-1.33,-2.0,419.0
2024-08-23 09:00:00,-3.65,-1.4,403.4
2024-08-23 10:00:00,-8.03,-2.75,437.9
2024-08-23 11:00:00,-8.46,0.23,424.2
2024-08-23 12:00:00,-10.39,0.32,416.5
2024-08-23 13:00:00,-7.91,3.95,349.5
2024-08-23 14:00:00,-15.13,1.81,397.3
2024-08-23 15:00:00,-15.95,-1.02,383.3
2024-08-23 16:00:00,-11.3,0.99,407.6
2024-08-23 17:00:00,-14.96,-3.65,387.5
2024-08-23 18:00:00,-10.86,0.28,391.7
2024-08-23 19:00:00,-16.84,0.18,413.8
2024-08-23 20:00:00,-14.49,-1.8,387.0
2024-08-23 21:00:00,-16.3,-0.4,403.6
2024-08-23 22:00:00,-12.48,-1.39,354.4
2024-08-23 23:00:00,-15.73,-1.87,375.0
2024-08-24 00:00:00,-11.46,1.35,419.7
2024-08-24 01:00:00,-13.01,2.07,363.1
2024-08-24 02:00:00,-5.42,1.02,437.4
2024-08-24 03:00:00,-4.31,-0.88,429.2
2024-08-24 04:00:00,-10.86,-1.33,392.0
2024-08-24 05:00:00,-1.17,-0.81,490.0
2024-08-24 06:00:00,2.49,-0.44,437.3
2024-08-24 07:00:00,-5.03,-1.74,371.5
2024-08-24 08:00:00,-7.59,2.11,422.4
2024-08-24 09:00:00,2.01,-0.4,402.0
2024-08-24 10:00:00,-11.46,1.53,376.7
2024-08-24 11:00:00,-8.65,-2.8,367.9
2024-08-24 12:00:00,-9.46,-1.38,429.8
2024-08-24 13:00:00,-7.26,1.72,382.1
2024-08-24 14:00:00,-11.42,1.75,396.9
2024-08-24 15:00:00,-15.03,-2.41,372.4
2024-08-24 16:00:00,-17.18,0.61,377.6
2024-08-24 17:00:00,-15.86,0.66,396.2
2024-08-24 18:00:00,-18.02,-1.42,411.6
2024-08-24 19:00:00,-14.69,0.71,322.3
2024-08-24 20:00:00,-16.02,-3.16,400.5
2024-08-24 21:00:00,-18.02,-1.85,377.6
2024-08-24 22:00:00,-8.73,1.2,442.1
2024-08-24 23:00:00,-12.79,0.06,488.3
2024-08-25 00:00:00,-13.8,0.16,389.2
2024-08-25 01:00:00,-9.21,-0.35,348.3
2024-08-25 02:00:00,-7.29,1.07,403.5
2024-08-25 03:00:00,-11.7,1.17,393.8
2024-08-25 04:00:00,-4.67,1.58,459.1
2024-08-25 05:00:00,-8.31,0.25,450.0
2024-08-25 06:00:00,0.13,-0.78,426.0
2024-08-25 07:00:00,-3.6,-1.11,382.4
2024-08-25 08:00:00,-6.87,-2.11,420.3
2024-08-25 09:00:00,-8.7,-0.81,408.0
2024-08-25 10:00:00,-7.81,-1.21,407.2
2024-08-25 11:00:00,-6.87,3.2,353.3
2024-08-25 12:00:00,-10.08,-2.09,431.9
2024-08-25 13:00:00,-11.95,2.07,403.2
2024-08-25 14:00:00,-12.32,-0.54,397.0
2024-08-25 15:00:00,-15.35,-0.41,382.0
2024-08-25 16:00:00,-15.36,0.8,376.2
2024-08-25 17:00:00,-21.09,-2.84,409.5
2024-08-25 18:00:00,-12.08,-1.6,347.5
2024-08-25 19:00:00,-13.93,-2.48,423.7
2024-08-25 20:00:00,-16.65,-0.76,368.4
2024-08-25 21:00:00,-7.84,-1.82,338.2
2024-08-25 22:00:00,-12.24,2.63,454.7
2024-08-25 23:00:00,-14.4,-1.17,374.3
2024-08-26 00:00:00,-7.43,-4.76,378.3
2024-08-26 01:00:00,-7.51,-0.67,434.0
2024-08-26 02:00:00,-6.32,1.61,455.6
2024-08-26 03:00:00,-7.74,3.26,354.0
2024-08-26 04:00:00,-4.32,-0.46,371.3
2024-08-26 05:00:00,-5.96,-1.03,373.5
2024-08-26 06:00:00,-3.33,-0.03,428.0
2024-08-26 07:00:00,-10.89,0.83,449.2
2024-08-26 08:00:00,-6.97,-2.26,367.6
2024-08-26 09:00:00,-1.3,-0.49,442.4
2024-08-26 10:00:00,-9.8,-0.1,378.7
2024-08-26 11:00:00,-10.52,0.09,410.1
2024-08-26 12:00:00,-11.34,-0.29,361.9
2024-08-26 13:00:00,-14.94,-1.87,396.3
2024-08-26 14:00:00,-19.12,0.68,396.7
2024-08-26 15:00:00,-14.23,-0.09,390.5
2024-08-26 16:00:00,-13.92,-0.09,411.5
2024-08-26 17:00:00,-14.99,-2.17,369.8
2024-08-26 18:00:00,-15.43,1.28,373.5
2024-08-26 19:00:00,-14.7,-1.9,413.1
2024-08-26 20:00:00,-11.26,3.23,440.3
2024-08-26 21:00:00,-14.11,-2.36,399.3
2024-08-26 22:00:00,-14.22,1.52,415.1
2024-08-26 23:00:00,-12.14,-3.82,422.7
2024-08-27 00:00:00,-8.26,-4.52,424.9
2024-08-27 01:00:00,-4.47,-1.11,371.4
2024-08-27 02:00:00,-9.38,-4.52,376.7
2024-08-27 03:00:00,-6.17,1.46,379.3
2024-08-27 04:00:00,-4.65,-0.04,457.9
2024-08-27 05:00:00,-8.15,2.8,415.2
2024-08-27 06:00:00,-4.94,-0.33,413.9
2024-08-27 07:00:00,-9.57,0.49,411.0
2024-08-27 08:00:00,-10.98,-0.54,360.4
2024-08-27 09:00:00,-5.36,-1.75,458.1
2024-08-27 10:00:00,-8.65,-0.81,414.4
2024-08-27 11:00:00,-8.1,-2.41,421.7
2024-08-27 12:00:00,-10.05,0.77,347.0
2024-08-27 13:00:00,-14.22,-0.62,423.4
2024-08-27 14:00:00,-12.64,-0.2,389.3
2024-08-27 15:00:00,-17.23,5.65,360.3
2024-08-27 16:00:00,-10.16,-0.81,371.4
2024-08-27 17:00:00,-18.9,0.63,362.1
2024-08-27 18:00:00,-15.59,-0.11,361.5
2024-08-27 19:00:00,-17.96,2.32,401.8
2024-08-27 20:00:00,-12.62,0.48,388.4
2024-08-27 21:00:00,-14.53,-0.54,410.0
2024-08-27 22:00:00,-14.06,4.59,450.3
2024-08-27 23:00:00,-8.73,-1.72,396.1
2024-08-28 00:00:00,-9.91,-0.39,332.7
2024-08-28 01:00:00,-7.16,1.83,392.7
2024-08-28 02:00:00,-10.44,-1.64,435.8
2024-08-28 03:00:00,-10.68,1.53,397.4
2024-08-28 04:00:00,-5.35,-0.96,445.9
2024-08-28 05:00:00,-6.13,2.01,413.6
2024-08-28 06:00:00,-3.12,1.95,344.9
2024-08-28 07:00:00,-5.41,-0.18,403.3
2024-08-28 08:00:00,-5.05,-2.0,408.9
2024-08-28 09:00:00,-11.33,-0.78,432.4
2024-08-28 10:00:00,-1.83,-0.03,454.6
2024-08-28 11:00:00,-9.2,1.78,427.2
2024-08-28 12:00:00,-7.91,0.64,413.2
2024-08-28 13:00:00,-13.8,1.08,420.3
2024-08-28 14:00:00,-11.58,0.7,395.0
2024-08-28 15:00:00,-17.44,1.69,356.1
2024-08-28 16:00:00,-12.97,-0.4,401.2
2024-08-28 17:00:00,-15.9,0.33,411.0
2024-08-28 18:00:00,-14.91,0.06,363.9
2024-08-28 19:00:00,-12.74,-0.88,439.8
2024-08-28 20:00:00,-18.03,2.02,430.2
2024-08-28 21:00:00,-15.59,1.98,358.8
2024-08-28 22:00:00,-11.13,2.41,441.0
2024-08-28 23:00:00,-5.0,-1.53,390.8
2024-08-29 00:00:00,-10.41,0.7,376.6
2024-08-29 01:00:00,-6.93,2.18,432.4
2024-08-29 02:00:00,-7.82,3.01,398.5
2024-08-29 03:00:00,-0.64,-3.02,457.0
2024-08-29 04:00:00,-10.91,-0.01,374.4
2024-08-29 05:00:00,-4.89,-0.38,348.1
2024-08-29 06:00:00,-9.88,3.18,391.6
2024-08-29 07:00:00,-12.69,-4.42,423.7
2024-08-29 08:00:00,-4.78,-2.09,372.2
2024-08-29 09:00:00,-6.05,2.87,360.1
2024-08-29 10:00:00,-8.35,-0.94,406.9
2024-08-29 11:00:00,-9.02,-2.6,356.1
2024-08-29 12:00:00,-0.71,3.02,409.2
2024-08-29 13:00:00,-12.07,-2.86,389.8
2024-08-29 14:00:00,-10.97,2.04,414.8
2024-08-29 15:00:00,-15.48,-3.12,358.5
2024-08-29 16:00:00,-13.44,-2.89,438.9
2024-08-29 17:00:00,-15.54,0.4,394.5
2024-08-29 18:00:00,-16.23,-1.7,422.9
2024-08-29 19:00:00,-9.37,0.54,428.8
2024-08-29 20:00:00,-10.8,3.6,365.3
2024-08-29 21:00:00,-13.13,-0.31,426.5
2024-08-29 22:00:00,-19.41,3.26,357.2
2024-08-29 23:00:00,-12.38,0.65,358.9
2024-08-30 00:00:00,-1.89,1.91,458.9
2024-08-30 01:00:00,-9.4,-4.71,433.4
2024-08-30 02:00:00,-4.19,1.27,462.2
2024-08-30 03:00:00,-2.14,0.97,388.9
2024-08-30 04:00:00,-5.01,-0.72,403.1
2024-08-30 05:00:00,-7.7,3.79,415.8
2024-08-30 06:00:00,-12.31,-0.99,399.6
2024-08-30 07:00:00,-3.12,-3.22,377.6
2024-08-30 08:00:00,-8.11,1.56,373.1
2024-08-30 09:00:00,-5.94,-2.85,406.4
2024-08-30 10:00:00,-11.25,0.15,368.0
2024-08-30 11:00:00,-9.5,2.68,367.2
2024-08-30 12:00:00,-9.9,1.0,411.8
2024-08-30 13:00:00,-10.49,-0.49,397.1
2024-08-30 14:00:00,-15.84,-0.7,428.1
2024-08-30 15:00:00,-9.94,2.53,387.3
2024-08-30 16:00:00,-16.12,-2.44,382.6
2024-08-30 17:00:00,-19.85,1.55,412.7
2024-08-30 18:00:00,-15.33,4.39,375.6
2024-08-30 19:00:00,-14.73,1.09,380.3
2024-08-30 20:00:00,-13.85,-0.48,381.4
2024-08-30 21:00:00,-9.45,-0.32,393.7
2024-08-30 22:00:00,-13.21,-0.96,453.2
2024-08-30 23:00:00,-11.65,-1.3,358.7
2024-08-31 00:00:00,-13.31,0.24,438.9
2024-08-31 01:00:00,-6.24,1.36,422.1
2024-08-31 02:00:00,-6.95,3.22,447.0
2024-08-31 03:00:00,-7.72,-3.91,494.1
2024-08-31 04:00:00,-11.38,-4.88,442.9
2024-08-31 05:00:00,-0.84,3.26,427.8
2024-08-31 06:00:00,-8.68,0.11,360.6
2024-08-31 07:00:00,-6.94,0.22,364.4
2024-08-31 08:00:00,-4.59,1.0,410.8
2024-08-31 09:00:00,-10.05,-0.37,349.1
2024-08-31 10:00:00,-11.98,3.95,418.5
2024-08-31 11:00:00,-15.08,0.98,336.0
2024-08-31 12:00:00,-7.84,-0.9,434.6
2024-08-31 13:00:00,-12.93,-0.72,390.3
2024-08-31 14:00:00,-3.72,-0.29,403.8
2024-08-31 15:00:00,-16.52,-1.55,377.5
2024-08-31 16:00:00,-17.09,3.38,343.0
2024-08-31 17:00:00,-16.53,0.25,437.0
2024-08-31 18:00:00,-14.27,-2.34,440.1
2024-08-31 19:00:00,-16.24,0.81,389.5
2024-08-31 20:00:00,-12.49,2.88,419.9
2024-08-31 21:00:00,-16.47,2.12,388.3
2024-08-31 22:00:00,-16.64,-1.52,408.7
2024-08-31 23:00:00,-16.69,-2.22,422.8
2024-09-01 00:00:00,-16.67,2.85,416.7
2024-09-01 01:00:00,-10.26,-3.25,440.2
2024-09-01 02:00:00,-8.4,0.74,415.6
2024-09-01 03:00:00,-8.36,-1.14,400.8
2024-09-01 04:00:00,-1.94,2.63,377.2
2024-09-01 05:00:00,-1.49,-2.11,385.6
2024-09-01 06:00:00,-6.0,-1.59,424.3
2024-09-01 07:00:00,-10.55,1.23,354.9
2024-09-01 08:00:00,-7.37,1.59,433.2
2024-09-01 09:00:00,-8.26,2.72,391.6
2024-09-01 10:00:00,-9.47,0.95,375.4
2024-09-01 11:00:00,-10.8,0.7,367.0
2024-09-01 12:00:00,-11.96,2.1,420.2
2024-09-01 13:00:00,-12.45,-2.74,399.6
2024-09-01 14:00:00,-14.41,-1.76,447.7
2024-09-01 15:00:00,-12.91,-2.57,362.1
2024-09-01 16:00:00,-13.25,-5.37,382.7
2024-09-01 17:00:00,-17.56,1.68,397.2
2024-09-01 18:00:00,-11.19,2.86,377.4
2024-09-01 19:00:00,-17.77,1.11,400.2
2024-09-01 20:00:00,-19.18,0.76,409.6
2024-09-01 21:00:00,-12.39,0.17,414.5
2024-09-01 22:00:00,-14.95,0.11,445.2
2024-09-01 23:00:00,-10.33,3.39,360.9
2024-09-02 00:00:00,-17.21,3.1,410.1
2024-09-02 01:00:00,-4.53,-1.17,380.6
2024-09-02 02:00:00,-5.48,2.22,412.9
2024-09-02 03:00:00,-10.97,2.46,412.9
2024-09-02 04:00:00,-10.11,1.3,370.4
2024-09-02 05:00:00,-0.15,0.78,373.0
2024-09-02 06:00:00,-7.21,0.71,415.3
2024-09-02 07:00:00,-7.67,-2.96,400.7
2024-09-02 08:00:00,-12.47,-3.14,393.4
2024-09-02 09:00:00,-7.52,1.57,419.7
2024-09-02 10:00:00,-8.18,-2.2,422.0
2024-09-02 11:00:00,-6.56,-2.78,384.1
2024-09-02 12:00:00,-14.2,-4.15,374.4
2024-09-02 13:00:00,-15.85,-0.95,362.1
2024-09-02 14:00:00,-11.15,0.75,401.0
2024-09-02 15:00:00,-10.52,0.91,357.3
2024-09-02 16:00:00,-19.04,1.7,403.0
2024-09-02 17:00:00,-11.59,-0.78,436.5
2024-09-02 18:00:00,-14.89,0.21,389.4
2024-09-02 19:00:00,-11.55,1.69,383.9
2024-09-02 20:00:00,-14.54,0.93,459.9
2024-09-02 21:00:00,-21.1,-1.17,445.3
2024-09-02 22:00:00,-12.96,0.6,377.1
2024-09-02 23:00:00,-8.11,-3.97,404.2
2024-09-03 00:00:00,-12.68,0.0,409.9
2024-09-03 01:00:00,-9.87,-18.66,722.3
2024-09-03 02:00:00,-20.28,-14.39,770.7
2024-09-03 03:00:00,-39.68,-19.38,718.8
2024-09-03 04:00:00,-37.42,-17.19,723.3
2024-09-03 05:00:00,-56.9,-18.28,736.9
2024-09-03 06:00:00,-64.76,-18.54,751.9
2024-09-03 07:00:00,-78.97,-16.67,744.3
2024-09-03 08:00:00,-75.44,-0.84,732.4
2024-09-03 09:00:00,-72.2,3.7,669.5
2024-09-03 10:00:00,-69.17,-3.95,701.6
2024-09-03 11:00:00,-66.9,1.26,740.8
2024-09-03 12:00:00,-58.15,-0.17,723.7
2024-09-03 13:00:00,-62.93,-0.1,741.0
2024-09-03 14:00:00,-52.46,0.6,772.8
2024-09-03 15:00:00,-54.98,2.0,680.9
2024-09-03 16:00:00,-45.31,0.53,750.4
2024-09-03 17:00:00,-45.97,2.0,706.3
2024-09-03 18:00:00,-41.87,0.09,744.3
2024-09-03 19:00:00,-40.8,-2.07,715.0
2024-09-03 20:00:00,-43.46,-0.18,463.8
2024-09-03 21:00:00,-37.86,2.31,403.9
2024-09-03 22:00:00,-30.28,-0.82,380.8
2024-09-03 23:00:00,-28.82,-2.17,412.6
2024-09-04 00:00:00,-22.87,1.24,409.7
2024-09-04 01:00:00,-22.44,0.67,434.1
2024-09-04 02:00:00,-24.0,-1.54,413.4
2024-09-04 03:00:00,-21.24,-0.47,474.3
2024-09-04 04:00:00,-16.64,-0.36,396.7
2024-09-04 05:00:00,-22.38,0.01,397.0
2024-09-04 06:00:00,-9.33,1.29,381.9
2024-09-04 07:00:00,-12.36,-0.81,402.6
2024-09-04 08:00:00,-9.74,1.4,406.9
2024-09-04 09:00:00,-18.26,-1.07,408.4
2024-09-04 10:00:00,-10.19,3.33,402.0
2024-09-04 11:00:00,-7.86,3.38,381.7
2024-09-04 12:00:00,-19.29,-1.71,373.6
2024-09-04 13:00:00,-13.83,-2.45,388.7
2024-09-04 14:00:00,-16.91,1.96,434.2
2024-09-04 15:00:00,-22.19,0.52,440.7
2024-09-04 16:00:00,-16.51,1.1,397.7
2024-09-04 17:00:00,-12.33,-1.31,371.8
2024-09-04 18:00:00,-16.8,-0.26,397.6
2024-09-04 19:00:00,-11.33,-0.69,462.7
2024-09-04 20:00:00,-19.33,0.61,430.0
2024-09-04 21:00:00,-18.02,-2.49,416.5
2024-09-04 22:00:00,-12.09,-0.2,428.9
2024-09-04 23:00:00,-11.22,-2.51,446.2
2024-09-05 00:00:00,-12.15,-1.03,365.4
2024-09-05 01:00:00,-6.28,-0.19,388.2
2024-09-05 02:00:00,-5.91,1.01,384.1
2024-09-05 03:00:00,-3.89,1.18,417.6
2024-09-05 04:00:00,-6.04,1.52,404.8
2024-09-05 05:00:00,-3.36,-2.97,422.7
2024-09-05 06:00:00,-6.34,2.53,384.8
2024-09-05 07:00:00,0.99,-1.29,441.2
2024-09-05 08:00:00,-8.11,-1.14,397.9
2024-09-05 09:00:00,-0.15,0.54,420.8
2024-09-05 10:00:00,-7.4,-0.67,435.9
2024-09-05 11:00:00,-12.83,0.72,433.5
2024-09-05 12:00:00,-5.9,1.09,410.8
2024-09-05 13:00:00,-10.92,-1.53,424.6
2024-09-05 14:00:00,-9.95,-0.37,452.2
2024-09-05 15:00:00,-9.86,-0.31,415.4
2024-09-05 16:00:00,-13.32,1.92,378.1
2024-09-05 17:00:00,-16.61,-0.93,417.5
2024-09-05 18:00:00,-12.07,-1.02,398.9
2024-09-05 19:00:00,-14.83,-2.04,329.6
2024-09-05 20:00:00,-12.27,-1.82,413.9
2024-09-05 21:00:00,-20.0,-2.7,403.5
2024-09-05 22:00:00,-11.16,-1.41,434.7
2024-09-05 23:00:00,-13.21,3.19,377.5
2024-09-06 00:00:00,-5.04,1.38,354.8
2024-09-06 01:00:00,-6.84,2.55,405.1
2024-09-06 02:00:00,-6.78,-1.9,411.4
2024-09-06 03:00:00,-5.01,-3.9,402.8
2024-09-06 04:00:00,-8.67,0.63,400.6
2024-09-06 05:00:00,-0.3,3.71,367.9
2024-09-06 06:00:00,0.97,-0.97,395.8
2024-09-06 07:00:00,-3.99,0.2,389.5
2024-09-06 08:00:00,-0.9,-3.14,432.2
2024-09-06 09:00:00,-8.17,0.06,411.4
2024-09-06 10:00:00,-9.89,-0.25,391.7
2024-09-06 11:00:00,-8.58,-4.19,451.7
2024-09-06 12:00:00,-8.7,-2.07,391.9
2024-09-06 13:00:00,-12.48,-2.23,416.7
2024-09-06 14:00:00,-10.89,-3.16,395.0
2024-09-06 15:00:00,-12.62,-1.45,448.9
2024-09-06 16:00:00,-17.33,1.02,402.6
2024-09-06 17:00:00,-13.27,-1.27,403.5
2024-09-06 18:00:00,-12.41,2.3,395.8
2024-09-06 19:00:00,-14.32,-0.73,405.9
2024-09-06 20:00:00,-10.87,0.65,436.0
2024-09-06 21:00:00,-17.19,0.99,425.4
2024-09-06 22:00:00,-11.1,3.07,400.8
2024-09-06 23:00:00,-14.8,-1.43,451.0
2024-09-07 00:00:00,-13.34,0.88,426.2
2024-09-07 01:00:00,-10.6,-1.89,386.9
2024-09-07 02:00:00,-10.33,3.44,358.6
2024-09-07 03:00:00,-8.11,-2.08,387.5
2024-09-07 04:00:00,-6.31,0.77,412.4
2024-09-07 05:00:00,-2.66,3.12,417.9
2024-09-07 06:00:00,-5.96,-2.39,440.8
2024-09-07 07:00:00,-9.93,1.19,367.2
2024-09-07 08:00:00,-2.25,-1.99,386.8
2024-09-07 09:00:00,-8.98,4.66,364.7
2024-09-07 10:00:00,-7.68,-3.78,359.8
2024-09-07 11:00:00,-7.37,-3.03,381.2
2024-09-07 12:00:00,-9.4,-2.24,411.0
2024-09-07 13:00:00,-8.01,-2.18,423.1
2024-09-07 14:00:00,-11.06,1.04,371.5
2024-09-07 15:00:00,-16.12,3.6,375.7
2024-09-07 16:00:00,-7.79,2.31,346.6
2024-09-07 17:00:00,-14.25,0.47,406.4
2024-09-07 18:00:00,-15.44,0.02,378.0
2024-09-07 19:00:00,-11.94,-1.21,449.9
2024-09-07 20:00:00,-13.58,0.78,412.3
2024-09-07 21:00:00,-12.34,-0.42,394.9
2024-09-07 22:00:00,-5.02,0.38,380.8
2024-09-07 23:00:00,-12.12,-1.48,355.2
2024-09-08 00:00:00,-10.95,-2.4,359.0
2024-09-08 01:00:00,-8.36,0.05,381.3
2024-09-08 02:00:00,-4.29,0.01,379.0
2024-09-08 03:00:00,-10.98,-1.19,370.0
2024-09-08 04:00:00,-11.57,-1.53,411.3
2024-09-08 05:00:00,-6.93,1.12,415.4
2024-09-08 06:00:00,-9.9,0.91,386.2
2024-09-08 07:00:00,-6.44,3.75,458.1
2024-09-08 08:00:00,-4.16,2.76,347.6
2024-09-08 09:00:00,-9.14,-2.39,401.7
2024-09-08 10:00:00,-11.78,-0.38,393.4
2024-09-08 11:00:00,-8.5,-2.73,383.5
2024-09-08 12:00:00,-7.41,-3.68,379.1
2024-09-08 13:00:00,-16.38,4.39,399.8
2024-09-08 14:00:00,-10.04,2.96,393.2
2024-09-08 15:00:00,-11.08,-1.26,388.2
2024-09-08 16:00:00,-11.47,2.49,361.0
2024-09-08 17:00:00,-11.17,2.78,351.5
2024-09-08 18:00:00,-8.39,-3.84,391.3
2024-09-08 19:00:00,-15.9,1.7,387.9
2024-09-08 20:00:00,-14.0,-0.98,394.1
2024-09-08 21:00:00,-14.78,0.77,396.7
2024-09-08 22:00:00,-12.49,6.02,384.3
2024-09-08 23:00:00,-6.7,3.17,393.6
2024-09-09 00:00:00,-14.04,-0.26,374.4
2024-09-09 01:00:00,-11.29,2.84,445.7
2024-09-09 02:00:00,-3.37,-3.84,376.0
2024-09-09 03:00:00,-3.4,1.01,388.9
2024-09-09 04:00:00,-6.76,1.05,378.3
2024-09-09 05:00:00,-2.61,1.41,377.8
2024-09-09 06:00:00,-3.98,-1.02,400.7
2024-09-09 07:00:00,-0.67,0.76,396.9
2024-09-09 08:00:00,-5.45,1.71,386.2
2024-09-09 09:00:00,-3.39,-4.65,391.5
2024-09-09 10:00:00,0.43,-0.63,378.4
2024-09-09 11:00:00,-6.91,-1.81,412.1
2024-09-09 12:00:00,-9.85,1.32,461.7
2024-09-09 13:00:00,-9.13,2.76,373.8
2024-09-09 14:00:00,-13.6,-1.22,411.8
2024-09-09 15:00:00,-6.37,-2.18,401.3
2024-09-09 16:00:00,-13.79,0.23,420.1
2024-09-09 17:00:00,-15.65,-2.31,420.9
2024-09-09 18:00:00,-17.51,-0.45,406.2
2024-09-09 19:00:00,-11.54,-0.66,398.8
2024-09-09 20:00:00,-11.73,1.16,387.0
2024-09-09 21:00:00,-15.03,0.63,377.1
2024-09-09 22:00:00,-10.77,0.32,397.1
2024-09-09 23:00:00,-15.82,3.27,361.5
2024-09-10 00:00:00,-9.45,0.54,382.2
2024-09-10 01:00:00,-7.35,-0.84,433.2
2024-09-10 02:00:00,-2.38,-0.59,403.0
2024-09-10 03:00:00,-8.78,-1.53,426.8
2024-09-10 04:00:00,-9.5,-2.04,444.1
2024-09-10 05:00:00,-7.86,-2.78,394.7
2024-09-10 06:00:00,-9.01,2.27,406.2
2024-09-10 07:00:00,-1.16,-1.44,390.9
2024-09-10 08:00:00,-1.02,0.63,375.6
2024-09-10 09:00:00,-5.5,-0.6,371.4
2024-09-10 10:00:00,-3.84,-0.06,425.3
2024-09-10 11:00:00,-8.3,2.31,406.3
2024-09-10 12:00:00,-10.29,0.35,455.4
2024-09-10 13:00:00,-12.29,-1.85,429.2
2024-09-10 14:00:00,-13.43,-1.13,378.1
2024-09-10 15:00:00,-18.18,1.72,425.2
2024-09-10 16:00:00,-13.54,0.97,390.8
2024-09-10 17:00:00,-14.95,1.84,436.5
2024-09-10 18:00:00,-12.76,-0.48,385.4
2024-09-10 19:00:00,-14.55,-2.79,368.4
2024-09-10 20:00:00,-14.82,1.01,376.1
2024-09-10 21:00:00,-16.15,0.51,377.7
2024-09-10 22:00:00,-12.28,0.56,374.8
2024-09-10 23:00:00,-9.08,-2.76,382.8
2024-09-11 00:00:00,-13.43,-1.28,425.7
2024-09-11 01:00:00,-8.44,-1.88,453.9
2024-09-11 02:00:00,-6.8,0.8,360.1
2024-09-11 03:00:00,-8.62,0.87,437.9
2024-09-11 04:00:00,-7.43,-0.09,385.7
2024-09-11 05:00:00,-4.48,1.94,410.4
2024-09-11 06:00:00,-8.4,2.98,350.4
2024-09-11 07:00:00,-4.12,0.71,415.7
2024-09-11 08:00:00,-8.36,1.34,339.8
2024-09-11 09:00:00,-3.28,-1.08,409.4
2024-09-11 10:00:00,-0.49,-1.45,407.7
2024-09-11 11:00:00,-11.29,2.02,405.7
2024-09-11 12:00:00,-8.4,-1.75,378.0
2024-09-11 13:00:00,-13.47,1.39,416.5
2024-09-11 14:00:00,-9.38,3.44,411.7
2024-09-11 15:00:00,-17.33,1.31,393.7
2024-09-11 16:00:00,-12.89,-0.16,420.2
2024-09-11 17:00:00,-17.45,-2.68,397.1
2024-09-11 18:00:00,-15.62,0.33,415.9
2024-09-11 19:00:00,-17.92,2.02,396.2
2024-09-11 20:00:00,-11.86,-0.36,406.5
2024-09-11 21:00:00,-16.05,2.04,417.2
2024-09-11 22:00:00,-10.84,0.73,388.1
2024-09-11 23:00:00,-12.33,0.58,363.0
2024-09-12 00:00:00,-10.34,-0.63,408.3
2024-09-12 01:00:00,-8.26,-2.91,435.7
2024-09-12 02:00:00,-9.79,-0.85,409.0
2024-09-12 03:00:00,-5.83,-0.87,409.5
2024-09-12 04:00:00,-1.08,1.15,398.7
2024-09-12 05:00:00,-7.5,-0.03,422.2
2024-09-12 06:00:00,-1.48,2.17,394.4
2024-09-12 07:00:00,-0.68,0.56,386.4
2024-09-12 08:00:00,-8.12,-1.01,433.2
2024-09-12 09:00:00,-10.83,-1.63,384.1
2024-09-12 10:00:00,-6.59,-1.21,426.7
2024-09-12 11:00:00,-10.35,0.32,433.2
2024-09-12 12:00:00,-4.39,-0.75,417.0
2024-09-12 13:00:00,-11.19,-2.15,362.5
2024-09-12 14:00:00,-14.91,2.01,400.8
2024-09-12 15:00:00,-16.98,0.3,393.9
2024-09-12 16:00:00,-11.06,0.55,385.1
2024-09-12 17:00:00,-16.54,-1.65,404.3
2024-09-12 18:00:00,-14.87,-2.08,423.1
2024-09-12 19:00:00,-11.96,-0.32,386.2
2024-09-12 20:00:00,-15.78,-4.06,394.9
2024-09-12 21:00:00,-13.67,1.56,392.8
2024-09-12 22:00:00,-12.55,-1.41,434.9
2024-09-12 23:00:00,-9.24,-0.54,392.3
2024-09-13 00:00:00,-8.23,0.85,363.0
2024-09-13 01:00:00,-9.37,-0.45,352.8
2024-09-13 02:00:00,-7.31,-2.34,410.9
2024-09-13 03:00:00,-7.58,3.01,377.2
2024-09-13 04:00:00,-10.1,-3.07,420.1
2024-09-13 05:00:00,-4.4,-4.47,360.1
2024-09-13 06:00:00,0.68,1.75,383.8
2024-09-13 07:00:00,-7.82,-2.92,360.1
2024-09-13 08:00:00,-7.99,2.51,413.0
2024-09-13 09:00:00,-9.08,0.75,419.5
2024-09-13 10:00:00,-5.33,0.57,410.2
2024-09-13 11:00:00,-7.36,-1.14,367.4
2024-09-13 12:00:00,-10.48,-1.65,377.6
2024-09-13 13:00:00,-14.05,-0.75,407.0
2024-09-13 14:00:00,-12.22,-1.75,349.4
2024-09-13 15:00:00,-18.23,2.42,392.8
2024-09-13 16:00:00,-13.9,-1.49,445.5
2024-09-13 17:00:00,-12.22,1.01,394.6
2024-09-13 18:00:00,-18.75,2.01,355.3
2024-09-13 19:00:00,-19.43,-1.76,381.8
2024-09-13 20:00:00,-9.59,0.75,381.1
2024-09-13 21:00:00,-15.37,-1.79,464.2
2024-09-13 22:00:00,-9.09,-0.35,450.0
2024-09-13 23:00:00,-11.76,-0.92,421.9
2024-09-14 00:00:00,-10.49,-1.39,389.7
2024-09-14 01:00:00,-7.39,0.32,436.0
2024-09-14 02:00:00,-10.15,-2.43,366.0
2024-09-14 03:00:00,-6.07,1.86,432.3
2024-09-14 04:00:00,-6.81,-2.16,427.8
2024-09-14 05:00:00,-9.13,-2.53,395.5
2024-09-14 06:00:00,-3.99,-0.5,434.2
2024-09-14 07:00:00,-5.96,-0.75,386.6
2024-09-14 08:00:00,-6.14,0.71,362.0
2024-09-14 09:00:00,-10.09,0.17,429.3
2024-09-14 10:00:00,-2.73,-3.25,397.4
2024-09-14 11:00:00,-6.08,1.97,418.1
2024-09-14 12:00:00,-7.11,-0.55,454.6
2024-09-14 13:00:00,-12.21,0.48,378.3
2024-09-14 14:00:00,-17.69,4.4,395.7
2024-09-14 15:00:00,-7.68,2.57,447.1
2024-09-14 16:00:00,-14.51,0.42,420.1
2024-09-14 17:00:00,-17.08,-2.75,379.0
2024-09-14 18:00:00,-13.75,-2.71,371.3
2024-09-14 19:00:00,-11.33,2.32,384.2
2024-09-14 20:00:00,-14.4,-0.8,377.8
2024-09-14 21:00:00,-9.7,-0.34,407.1
2024-09-14 22:00:00,-9.25,-2.29,402.4
2024-09-14 23:00:00,-14.52,0.89,408.4
2024-09-15 00:00:00,-12.02,2.28,374.8
2024-09-15 01:00:00,-5.83,3.05,397.9
2024-09-15 02:00:00,-15.64,-0.9,338.3
2024-09-15 03:00:00,-6.91,1.29,404.4
2024-09-15 04:00:00,-9.96,-0.19,435.3
2024-09-15 05:00:00,-6.6,1.76,357.3
2024-09-15 06:00:00,-5.9,-0.01,414.5
2024-09-15 07:00:00,-6.25,-1.65,381.7
2024-09-15 08:00:00,-7.33,2.64,424.1
2024-09-15 09:00:00,-9.76,0.2,404.8
2024-09-15 10:00:00,-0.62,-0.7,412.1
2024-09-15 11:00:00,-3.1,0.36,401.9
2024-09-15 12:00:00,-13.49,-1.47,439.8
2024-09-15 13:00:00,-6.55,0.83,410.4
2024-09-15 14:00:00,-13.7,-0.39,378.8
2024-09-15 15:00:00,-13.15,-1.59,403.0
2024-09-15 16:00:00,-14.52,4.75,388.9
2024-09-15 17:00:00,-16.81,-2.01,404.9
2024-09-15 18:00:00,-12.05,0.71,387.4
2024-09-15 19:00:00,-14.45,0.11,379.7
2024-09-15 20:00:00,-15.76,-2.05,406.0
2024-09-15 21:00:00,-17.45,-0.67,401.7
2024-09-15 22:00:00,-15.18,-2.69,431.9
2024-09-15 23:00:00,-16.22,4.13,387.6
2024-09-16 00:00:00,-9.96,-0.54,340.6
2024-09-16 01:00:00,-12.3,-0.37,389.1
2024-09-16 02:00:00,-8.3,3.89,351.2
2024-09-16 03:00:00,-2.35,-1.65,412.5
2024-09-16 04:00:00,-2.07,2.59,349.8
2024-09-16 05:00:00,-5.27,1.19,370.3
2024-09-16 06:00:00,-5.26,-3.96,389.1
2024-09-16 07:00:00,0.47,-0.74,446.3
2024-09-16 08:00:00,-4.11,0.87,367.8
2024-09-16 09:00:00,-7.45,0.07,400.4
2024-09-16 10:00:00,-11.78,0.08,417.4
2024-09-16 11:00:00,-7.52,-1.21,444.5
2024-09-16 12:00:00,-7.51,-1.43,423.3
2024-09-16 13:00:00,-13.19,-0.62,432.8
2024-09-16 14:00:00,-11.63,3.92,425.9
2024-09-16 15:00:00,-14.63,-1.82,363.7
2024-09-16 16:00:00,-14.88,-0.96,410.8
2024-09-16 17:00:00,-22.29,0.06,425.5
2024-09-16 18:00:00,-15.67,-2.93,371.3
2024-09-16 19:00:00,-11.92,0.86,382.6
2024-09-16 20:00:00,-16.22,-2.58,375.9
2024-09-16 21:00:00,-13.38,-2.17,423.2
2024-09-16 22:00:00,-14.77,-2.27,397.9
2024-09-16 23:00:00,-10.21,-3.28,390.4
2024-09-17 00:00:00,-10.65,2.54,361.5
2024-09-17 01:00:00,-11.52,1.04,398.0
2024-09-17 02:00:00,-3.5,1.84,383.0
2024-09-17 03:00:00,-3.68,1.66,407.3
2024-09-17 04:00:00,-7.48,-0.34,365.7
2024-09-17 05:00:00,-3.68,-0.06,405.3
2024-09-17 06:00:00,-3.39,2.03,386.8
2024-09-17 07:00:00,-3.24,3.28,362.5
2024-09-17 08:00:00,-10.75,-2.52,360.2
2024-09-17 09:00:00,-3.44,5.04,364.7
2024-09-17 10:00:00,-9.21,-2.63,393.8
2024-09-17 11:00:00,-9.78,-0.92,403.6
2024-09-17 12:00:00,-2.09,0.15,408.1
2024-09-17 13:00:00,-10.39,0.33,409.2
2024-09-17 14:00:00,-13.66,3.93,377.2
2024-09-17 15:00:00,-20.15,2.02,431.8
2024-09-17 16:00:00,-10.16,0.83,386.7
2024-09-17 17:00:00,-18.87,2.07,413.5
2024-09-17 18:00:00,-18.01,0.69,395.1
2024-09-17 19:00:00,-15.82,-1.35,411.3
2024-09-17 20:00:00,-10.08,0.97,393.6
2024-09-17 21:00:00,-11.22,0.14,411.8
2024-09-17 22:00:00,-12.97,-1.69,399.8
2024-09-17 23:00:00,-10.37,2.53,424.4
2024-09-18 00:00:00,-11.8,-0.11,375.4
2024-09-18 01:00:00,-8.29,-2.24,346.9
2024-09-18 02:00:00,-7.28,-1.93,370.8
2024-09-18 03:00:00,-3.56,1.07,432.1
2024-09-18 04:00:00,-2.77,2.1,395.4
2024-09-18 05:00:00,-3.69,0.96,402.8
2024-09-18 06:00:00,-6.09,0.97,368.4
2024-09-18 07:00:00,-2.94,-1.62,402.0
2024-09-18 08:00:00,-5.95,0.19,369.3
2024-09-18 09:00:00,-9.71,-0.66,373.7
2024-09-18 10:00:00,-8.71,-0.39,387.9
2024-09-18 11:00:00,-8.45,-0.22,413.4
2024-09-18 12:00:00,-7.27,-1.32,416.6
2024-09-18 13:00:00,-11.84,1.5,417.4
2024-09-18 14:00:00,-16.13,-2.02,352.4
2024-09-18 15:00:00,-13.37,-2.6,399.8
2024-09-18 16:00:00,-13.99,-1.57,394.1
2024-09-18 17:00:00,-14.27,1.77,354.0
2024-09-18 18:00:00,-12.24,0.68,400.5
2024-09-18 19:00:00,-11.77,-3.57,392.5
2024-09-18 20:00:00,-16.11,1.19,415.3
2024-09-18 21:00:00,-15.38,-0.1,402.4
2024-09-18 22:00:00,-15.62,-0.83,383.5
2024-09-18 23:00:00,-9.2,-0.48,427.8
2024-09-19 00:00:00,-5.65,-2.67,333.4
2024-09-19 01:00:00,-9.65,0.35,398.1
2024-09-19 02:00:00,-8.22,-2.54,347.1
2024-09-19 03:00:00,-2.06,-0.7,372.6
2024-09-19 04:00:00,-4.15,-0.7,415.7
2024-09-19 05:00:00,-3.86,1.54,361.8
2024-09-19 06:00:00,-8.57,0.08,357.3
2024-09-19 07:00:00,-3.13,1.41,471.5
2024-09-19 08:00:00,-8.46,-2.39,359.2
2024-09-19 09:00:00,-9.87,-0.22,449.5
2024-09-19 10:00:00,-8.54,1.06,394.8
2024-09-19 11:00:00,-10.46,2.48,384.3
2024-09-19 12:00:00,-10.66,-2.28,417.0
2024-09-19 13:00:00,-15.62,-1.68,440.1
2024-09-19 14:00:00,-9.62,1.01,365.6
2024-09-19 15:00:00,-10.15,3.22,384.7
2024-09-19 16:00:00,-20.17,0.57,425.4
2024-09-19 17:00:00,-11.89,-2.22,408.6
2024-09-19 18:00:00,-17.43,-2.18,433.1
2024-09-19 19:00:00,-12.26,0.27,415.5
2024-09-19 20:00:00,-14.54,0.72,454.2
2024-09-19 21:00:00,-13.45,-0.44,405.4
2024-09-19 22:00:00,-13.06,-2.16,406.7
2024-09-19 23:00:00,-7.66,2.2,409.7
2024-09-20 00:00:00,-13.72,-0.7,395.7
2024-09-20 01:00:00,-6.88,1.05,425.4
2024-09-20 02:00:00,-4.2,-3.55,407.1
2024-09-20 03:00:00,-4.32,2.4,423.6
2024-09-20 04:00:00,1.3,-1.37,428.3
2024-09-20 05:00:00,-6.76,2.69,412.9
2024-09-20 06:00:00,-2.13,1.23,415.1
2024-09-20 07:00:00,-5.49,-2.86,369.7
2024-09-20 08:00:00,-1.97,0.49,383.5
2024-09-20 09:00:00,-6.49,3.31,425.3
2024-09-20 10:00:00,-8.66,-1.2,442.7
2024-09-20 11:00:00,-4.79,3.32,341.8
2024-09-20 12:00:00,-11.47,0.77,383.0
2024-09-20 13:00:00,-15.53,2.68,400.7
2024-09-20 14:00:00,-14.05,0.32,373.6
2024-09-20 15:00:00,-11.68,-0.25,375.3
2024-09-20 16:00:00,-10.15,3.67,414.2
2024-09-20 17:00:00,-14.5,1.44,447.4
2024-09-20 18:00:00,-11.05,-0.47,339.0
2024-09-20 19:00:00,-18.9,0.85,394.9
2024-09-20 20:00:00,-15.66,-1.13,413.9
2024-09-20 21:00:00,-14.4,0.22,423.4
2024-09-20 22:00:00,-12.84,2.39,409.6
2024-09-20 23:00:00,-11.04,-0.32,452.8
2024-09-21 00:00:00,-7.93,-1.75,400.9
2024-09-21 01:00:00,-10.04,-1.93,439.4
2024-09-21 02:00:00,-7.08,0.15,380.6
2024-09-21 03:00:00,-6.6,-1.62,401.7
2024-09-21 04:00:00,-8.45,-2.87,363.6
2024-09-21 05:00:00,-5.51,-2.4,427.0
2024-09-21 06:00:00,-5.43,2.35,396.4
2024-09-21 07:00:00,-5.67,-0.28,410.7
2024-09-21 08:00:00,-5.57,0.12,390.6
2024-09-21 09:00:00,-6.24,-1.93,417.6
2024-09-21 10:00:00,-8.8,-1.16,411.9
2024-09-21 11:00:00,-4.89,-1.23,370.2
2024-09-21 12:00:00,-13.51,-0.55,371.9
2024-09-21 13:00:00,-13.46,-3.32,399.2
2024-09-21 14:00:00,-4.16,2.18,419.8
2024-09-21 15:00:00,-16.65,-0.03,455.9
2024-09-21 16:00:00,-18.39,0.4,409.1
2024-09-21 17:00:00,-12.63,1.83,430.2
2024-09-21 18:00:00,-21.23,1.68,351.6
2024-09-21 19:00:00,-15.54,-1.15,460.4
2024-09-21 20:00:00,-7.89,1.21,418.2
2024-09-21 21:00:00,-18.17,1.19,398.5
2024-09-21 22:00:00,-18.45,0.63,395.1
2024-09-21 23:00:00,-15.79,2.12,366.8
2024-09-22 00:00:00,-7.3,1.6,375.4
2024-09-22 01:00:00,-5.33,1.45,457.3
2024-09-22 02:00:00,-9.04,2.73,370.3
2024-09-22 03:00:00,-4.41,0.06,369.8
2024-09-22 04:00:00,-1.5,0.12,378.9
2024-09-22 05:00:00,0.19,1.64,364.1
2024-09-22 06:00:00,-5.74,-0.36,400.5
2024-09-22 07:00:00,-12.07,0.96,432.7
2024-09-22 08:00:00,-8.13,-1.12,381.7
2024-09-22 09:00:00,-7.74,-4.56,358.8
2024-09-22 10:00:00,-8.28,1.2,408.8
2024-09-22 11:00:00,-9.27,-3.1,398.3
2024-09-22 12:00:00,-6.64,-1.4,430.1
2024-09-22 13:00:00,-7.47,1.64,386.4
2024-09-22 14:00:00,-13.02,1.66,392.2
2024-09-22 15:00:00,-10.24,2.35,395.5
2024-09-22 16:00:00,-13.26,-4.04,402.7
2024-09-22 17:00:00,-14.64,0.59,388.2
2024-09-22 18:00:00,-12.28,-0.52,383.4
2024-09-22 19:00:00,-14.61,1.98,344.5
2024-09-22 20:00:00,-8.16,2.95,383.0
2024-09-22 21:00:00,-17.85,-2.62,421.5
2024-09-22 22:00:00,-14.05,0.03,425.5
2024-09-22 23:00:00,-11.67,1.67,385.9
2024-09-23 00:00:00,-8.68,-0.68,439.0
2024-09-23 01:00:00,-4.9,3.49,399.1
2024-09-23 02:00:00,-7.57,-0.8,359.9
2024-09-23 03:00:00,-10.73,-0.6,350.4
2024-09-23 04:00:00,-3.14,-2.15,436.5
2024-09-23 05:00:00,-2.91,0.31,388.8
2024-09-23 06:00:00,-10.83,-6.04,363.6
2024-09-23 07:00:00,-5.18,-0.5,332.2
2024-09-23 08:00:00,-10.44,2.54,388.1
2024-09-23 09:00:00,-8.46,-2.79,412.1
2024-09-23 10:00:00,-10.21,-3.24,379.1
2024-09-23 11:00:00,-6.28,2.23,368.4
2024-09-23 12:00:00,-9.65,2.5,383.5
2024-09-23 13:00:00,-15.15,-2.71,437.3
2024-09-23 14:00:00,-9.86,3.47,358.2
2024-09-23 15:00:00,-17.84,0.86,380.7
2024-09-23 16:00:00,-13.34,2.1,436.3
2024-09-23 17:00:00,-17.27,-1.58,414.8
2024-09-23 18:00:00,-16.1,2.98,405.4
2024-09-23 19:00:00,-13.32,-0.54,380.5
2024-09-23 20:00:00,-12.77,-0.62,400.9
2024-09-23 21:00:00,-9.52,0.96,383.9
2024-09-23 22:00:00,-12.75,-0.78,374.2
2024-09-23 23:00:00,-10.37,-3.04,367.6
2024-09-24 00:00:00,-11.31,0.26,423.5
2024-09-24 01:00:00,-8.16,-0.64,398.2
2024-09-24 02:00:00,-6.18,-1.54,409.4
2024-09-24 03:00:00,-6.76,2.48,404.6
2024-09-24 04:00:00,-11.08,4.78,413.2
2024-09-24 05:00:00,-4.18,-1.84,392.4
2024-09-24 06:00:00,-3.91,0.39,385.6
2024-09-24 07:00:00,-7.21,-0.8,375.5
2024-09-24 08:00:00,-9.52,4.58,357.6
2024-09-24 09:00:00,-2.04,0.98,366.3
2024-09-24 10:00:00,-6.03,1.85,389.0
2024-09-24 11:00:00,-9.39,2.36,351.9
2024-09-24 12:00:00,-13.41,0.26,358.5
2024-09-24 13:00:00,-13.76,-0.37,431.3
2024-09-24 14:00:00,-8.59,3.04,406.7
2024-09-24 15:00:00,-13.12,1.56,386.4
2024-09-24 16:00:00,-15.98,-1.69,468.1
2024-09-24 17:00:00,-13.3,-1.45,350.6
2024-09-24 18:00:00,-17.44,-0.78,429.3
2024-09-24 19:00:00,-10.33,2.32,396.7
2024-09-24 20:00:00,-10.27,2.95,423.6
2024-09-24 21:00:00,-14.94,4.3,403.3
2024-09-24 22:00:00,-14.39,-1.42,343.8
2024-09-24 23:00:00,-19.15,0.28,402.9
2024-09-25 00:00:00,-14.44,-0.8,410.1
2024-09-25 01:00:00,-12.72,-0.36,334.2
2024-09-25 02:00:00,-7.09,1.86,458.3
2024-09-25 03:00:00,-7.44,-0.09,409.3
2024-09-25 04:00:00,-9.71,2.63,420.2
2024-09-25 05:00:00,-6.01,-1.03,365.0
2024-09-25 06:00:00,-3.48,1.48,420.7
2024-09-25 07:00:00,-3.59,-0.89,432.7
2024-09-25 08:00:00,-11.37,-3.67,407.6
2024-09-25 09:00:00,-6.85,-2.04,399.7
2024-09-25 10:00:00,-11.65,0.25,373.2
2024-09-25 11:00:00,-6.0,3.84,393.5
2024-09-25 12:00:00,-7.65,-0.92,384.6
2024-09-25 13:00:00,-13.99,-0.34,417.2
2024-09-25 14:00:00,-14.8,0.98,374.5
2024-09-25 15:00:00,-14.92,-1.2,416.9
2024-09-25 16:00:00,-21.09,-0.97,374.8
2024-09-25 17:00:00,-13.82,0.14,392.1
2024-09-25 18:00:00,-15.82,-0.87,418.5
2024-09-25 19:00:00,-11.92,-3.57,378.9
2024-09-25 20:00:00,-17.63,-1.3,419.5
2024-09-25 21:00:00,-15.39,1.23,416.6
2024-09-25 22:00:00,-17.02,1.29,391.9
2024-09-25 23:00:00,-14.31,2.67,434.9
2024-09-26 00:00:00,-13.55,2.51,402.3
2024-09-26 01:00:00,-5.72,-1.8,433.1
2024-09-26 02:00:00,-9.59,-1.49,453.8
2024-09-26 03:00:00,-6.09,-1.4,392.8
2024-09-26 04:00:00,-6.81,-0.3,419.3
2024-09-26 05:00:00,-8.98,-1.25,380.9
2024-09-26 06:00:00,-5.5,-0.35,369.0
2024-09-26 07:00:00,-3.37,-1.74,394.1
2024-09-26 08:00:00,-9.29,1.57,359.1
2024-09-26 09:00:00,-4.04,-1.9,371.9
2024-09-26 10:00:00,-10.05,-2.0,417.7
2024-09-26 11:00:00,-10.15,1.04,384.6
2024-09-26 12:00:00,-8.41,1.44,421.3
2024-09-26 13:00:00,-13.28,-0.45,409.0
2024-09-26 14:00:00,-12.39,1.74,455.5
2024-09-26 15:00:00,-14.48,1.59,415.7
2024-09-26 16:00:00,-13.94,3.8,433.4
2024-09-26 17:00:00,-21.97,1.47,412.1
2024-09-26 18:00:00,-20.49,3.41,409.3
2024-09-26 19:00:00,-12.98,0.12,434.9
2024-09-26 20:00:00,-11.22,2.8,420.1
2024-09-26 21:00:00,-16.27,2.84,406.3
2024-09-26 22:00:00,-13.23,-0.29,406.2
2024-09-26 23:00:00,-10.41,-1.38,416.1
2024-09-27 00:00:00,-7.92,-1.03,379.9
2024-09-27 01:00:00,-14.79,0.83,378.6
2024-09-27 02:00:00,-10.16,-2.3,442.8
2024-09-27 03:00:00,-7.46,-0.91,455.9
2024-09-27 04:00:00,-3.56,2.39,372.1
2024-09-27 05:00:00,2.32,1.33,379.9
2024-09-27 06:00:00,-5.68,-4.71,434.3
2024-09-27 07:00:00,-9.39,-2.67,416.0
2024-09-27 08:00:00,-4.46,4.32,420.3
2024-09-27 09:00:00,-2.5,2.36,426.9
2024-09-27 10:00:00,-7.18,-1.17,392.8
2024-09-27 11:00:00,-11.43,-2.98,409.9
2024-09-27 12:00:00,-7.13,-2.5,407.6
2024-09-27 13:00:00,-9.3,1.02,374.2
2024-09-27 14:00:00,-15.58,3.95,409.5
2024-09-27 15:00:00,-12.39,3.83,437.1
2024-09-27 16:00:00,-11.34,-3.15,390.0
2024-09-27 17:00:00,-11.28,-0.59,404.6
2024-09-27 18:00:00,-15.2,-1.71,406.2
2024-09-27 19:00:00,-15.9,0.27,391.5
2024-09-27 20:00:00,-10.65,-2.66,420.3
2024-09-27 21:00:00,-17.17,-1.09,379.6
2024-09-27 22:00:00,-11.18,-1.73,440.0
2024-09-27 23:00:00,-15.4,1.05,418.8
2024-09-28 00:00:00,-6.8,-1.03,371.9
2024-09-28 01:00:00,-9.48,-0.74,450.9
2024-09-28 02:00:00,-3.69,1.02,405.0
2024-09-28 03:00:00,-4.99,3.29,378.3
2024-09-28 04:00:00,-9.34,4.23,433.1
2024-09-28 05:00:00,-0.9,0.91,414.8
2024-09-28 06:00:00,-0.35,-0.18,346.8
2024-09-28 07:00:00,-2.52,2.63,384.2
2024-09-28 08:00:00,-7.95,2.33,408.4
2024-09-28 09:00:00,-7.38,1.76,335.2
2024-09-28 10:00:00,-7.06,-3.16,402.6
2024-09-28 11:00:00,-10.82,2.42,404.7
2024-09-28 12:00:00,-4.92,0.72,364.5
2024-09-28 13:00:00,-10.86,-1.79,408.1
2024-09-28 14:00:00,-20.61,-1.34,400.2
2024-09-28 15:00:00,-12.52,1.16,364.3
2024-09-28 16:00:00,-15.37,-5.02,427.6
2024-09-28 17:00:00,-15.05,-0.25,425.1
2024-09-28 18:00:00,-16.11,-1.31,391.3
2024-09-28 19:00:00,-12.41,-1.51,394.0
2024-09-28 20:00:00,-10.97,-0.91,421.8
2024-09-28 21:00:00,-12.69,-2.96,394.0
2024-09-28 22:00:00,-13.52,2.1,342.1
2024-09-28 23:00:00,-11.42,-4.26,414.6
2024-09-29 00:00:00,-9.94,0.34,375.6
2024-09-29 01:00:00,-11.11,-1.7,388.3
2024-09-29 02:00:00,-5.76,3.97,443.7
2024-09-29 03:00:00,-5.08,0.05,396.0
2024-09-29 04:00:00,-1.05,-4.25,400.1
2024-09-29 05:00:00,-1.4,1.09,415.3
2024-09-29 06:00:00,-7.06,-2.19,415.2
2024-09-29 07:00:00,-2.71,1.97,372.4
2024-09-29 08:00:00,-8.52,1.24,398.2
2024-09-29 09:00:00,-4.38,2.95,401.1
2024-09-29 10:00:00,-9.05,0.37,408.2
2024-09-29 11:00:00,-11.78,1.64,408.7
2024-09-29 12:00:00,-9.16,0.09,477.6
2024-09-29 13:00:00,-19.32,-1.18,364.7
2024-09-29 14:00:00,-17.75,2.13,429.4
2024-09-29 15:00:00,-14.07,-2.46,435.5
2024-09-29 16:00:00,-14.08,-0.07,414.8
2024-09-29 17:00:00,-15.94,-1.14,380.5
2024-09-29 18:00:00,-19.74,1.68,449.9
2024-09-29 19:00:00,-17.28,-1.89,334.2
2024-09-29 20:00:00,-13.16,-0.82,379.5
2024-09-29 21:00:00,-11.79,0.09,435.2
2024-09-29 22:00:00,-12.55,2.98,388.9
2024-09-29 23:00:00,-7.82,-1.07,447.9
2024-09-30 00:00:00,-8.81,-0.8,354.6
2024-09-30 01:00:00,-10.95,-2.7,366.6
2024-09-30 02:00:00,-8.34,-1.97,384.1
2024-09-30 03:00:00,-10.67,0.83,412.5
2024-09-30 04:00:00,-5.99,0.06,393.3
2024-09-30 05:00:00,-1.83,0.1,385.3
2024-09-30 06:00:00,-2.94,3.48,442.6
2024-09-30 07:00:00,-0.96,-3.34,445.4
2024-09-30 08:00:00,-6.58,4.64,387.6
2024-09-30 09:00:00,-2.43,2.36,348.7
2024-09-30 10:00:00,-8.08,-0.65,335.3
2024-09-30 11:00:00,-4.29,0.78,407.2
2024-09-30 12:00:00,-10.07,-1.37,419.7
2024-09-30 13:00:00,-9.17,0.64,401.9
2024-09-30 14:00:00,-8.07,4.3,397.9
2024-09-30 15:00:00,-14.12,-1.29,375.9
2024-09-30 16:00:00,-13.67,-0.46,419.6
2024-09-30 17:00:00,-10.96,-1.51,450.3
2024-09-30 18:00:00,-15.4,-1.19,333.5
2024-09-30 19:00:00,-18.79,-0.81,397.7
2024-09-30 20:00:00,-7.9,-2.19,370.9
2024-09-30 21:00:00,-14.94,-0.53,355.3
2024-09-30 22:00:00,-12.02,0.11,366.1
2024-09-30 23:00:00,-7.83,-0.81,411.4
2024-10-01 00:00:00,-11.83,-4.6,412.1
2024-10-01 01:00:00,-11.73,-0.31,443.8
2024-10-01 02:00:00,-6.74,-0.09,400.3
2024-10-01 03:00:00,-11.84,3.8,347.3
2024-10-01 04:00:00,-6.53,0.05,392.9
2024-10-01 05:00:00,-4.44,1.87,358.4
2024-10-01 06:00:00,-5.81,-0.85,363.8
2024-10-01 07:00:00,-9.8,2.6,417.4
2024-10-01 08:00:00,-0.89,-1.89,405.8
2024-10-01 09:00:00,-6.15,1.01,417.6
2024-10-01 10:00:00,-3.21,1.68,389.3
2024-10-01 11:00:00,-9.49,1.39,423.7
2024-10-01 12:00:00,-12.64,4.33,387.6
2024-10-01 13:00:00,-10.49,-1.17,433.5
2024-10-01 14:00:00,-13.15,2.83,410.3
2024-10-01 15:00:00,-17.07,2.31,393.8
2024-10-01 16:00:00,-9.92,0.1,406.4
2024-10-01 17:00:00,-16.7,3.68,399.5
2024-10-01 18:00:00,-20.52,-0.29,447.9
2024-10-01 19:00:00,-10.85,0.04,407.4
2024-10-01 20:00:00,-15.84,-0.01,400.0
2024-10-01 21:00:00,-15.36,-2.55,392.8
2024-10-01 22:00:00,-17.8,1.52,425.3
2024-10-01 23:00:00,-6.07,1.21,421.2
2024-10-02 00:00:00,-13.87,-0.21,391.8
2024-10-02 01:00:00,-8.53,3.53,365.3
2024-10-02 02:00:00,-4.76,-0.87,372.9
2024-10-02 03:00:00,-5.2,-3.46,394.5
2024-10-02 04:00:00,-5.85,3.8,440.5
2024-10-02 05:00:00,-10.28,2.02,392.5
2024-10-02 06:00:00,-7.43,1.25,382.2
2024-10-02 07:00:00,-4.61,-0.68,347.2
2024-10-02 08:00:00,-8.03,0.68,445.4
2024-10-02 09:00:00,-5.85,-2.52,417.1
2024-10-02 10:00:00,-5.45,-0.45,423.9
2024-10-02 11:00:00,-5.82,-1.81,428.9
2024-10-02 12:00:00,-13.68,0.52,395.1
2024-10-02 13:00:00,-4.7,1.85,402.5
2024-10-02 14:00:00,-10.2,-2.1,444.7
2024-10-02 15:00:00,-13.54,1.45,405.4
2024-10-02 16:00:00,-11.06,0.4,417.6
2024-10-02 17:00:00,-7.73,1.37,426.1
2024-10-02 18:00:00,-19.32,-0.48,419.3
2024-10-02 19:00:00,-15.51,1.41,396.2
2024-10-02 20:00:00,-21.47,-1.39,399.0
2024-10-02 21:00:00,-12.96,-3.36,423.3
2024-10-02 22:00:00,-11.4,-2.91,423.3
2024-10-02 23:00:00,-11.41,-1.01,435.0
2024-10-03 00:00:00,-11.96,-3.23,416.5
2024-10-03 01:00:00,-14.85,3.1,417.9
2024-10-03 02:00:00,-6.38,-0.17,386.6
2024-10-03 03:00:00,-2.1,1.84,382.6
2024-10-03 04:00:00,-7.44,1.57,423.4
2024-10-03 05:00:00,-3.85,0.01,382.8
2024-10-03 06:00:00,-9.7,7.07,399.4
2024-10-03 07:00:00,-3.8,5.86,441.4
2024-10-03 08:00:00,-6.85,2.78,436.6
2024-10-03 09:00:00,-8.75,-1.81,409.1
2024-10-03 10:00:00,-9.78,2.87,391.1
2024-10-03 11:00:00,-9.89,-3.5,396.3
2024-10-03 12:00:00,-8.85,2.79,426.0
2024-10-03 13:00:00,-15.23,-5.11,398.9
2024-10-03 14:00:00,-13.69,-0.64,383.3
2024-10-03 15:00:00,-13.66,2.42,436.5
2024-10-03 16:00:00,-17.63,0.77,405.4
2024-10-03 17:00:00,-9.44,-2.96,382.7
2024-10-03 18:00:00,-17.56,0.34,414.4
2024-10-03 19:00:00,-16.84,0.77,429.1
2024-10-03 20:00:00,-17.27,0.41,369.8
2024-10-03 21:00:00,-8.14,-0.81,394.0
2024-10-03 22:00:00,-10.84,1.71,392.6
2024-10-03 23:00:00,-14.1,2.29,413.6
2024-10-04 00:00:00,-6.68,-0.31,419.0
2024-10-04 01:00:00,-8.1,3.04,383.5
2024-10-04 02:00:00,-6.73,-0.31,355.2
2024-10-04 03:00:00,-7.5,-0.98,431.0
2024-10-04 04:00:00,-7.92,2.71,366.4
2024-10-04 05:00:00,-4.16,2.64,408.1
2024-10-04 06:00:00,-6.64,-1.24,396.0
2024-10-04 07:00:00,0.28,-1.53,404.9
2024-10-04 08:00:00,-9.48,3.53,449.5
2024-10-04 09:00:00,-1.86,-0.21,491.1
2024-10-04 10:00:00,-7.83,0.01,351.0
2024-10-04 11:00:00,-7.81,-0.5,429.5
2024-10-04 12:00:00,-7.5,2.64,395.3
2024-10-04 13:00:00,-13.18,4.29,431.4
2024-10-04 14:00:00,-9.91,0.14,428.7
2024-10-04 15:00:00,-21.66,4.84,442.3
2024-10-04 16:00:00,-16.49,-1.11,408.5
2024-10-04 17:00:00,-17.6,-0.57,373.3
2024-10-04 18:00:00,-18.76,1.35,427.8
2024-10-04 19:00:00,-15.47,-1.63,403.5
2024-10-04 20:00:00,-13.17,1.32,393.0
2024-10-04 21:00:00,-11.43,-1.04,385.7
2024-10-04 22:00:00,-11.78,-3.09,430.2
2024-10-04 23:00:00,-13.29,-3.49,448.1
2024-10-05 00:00:00,-8.89,-0.65,364.1
2024-10-05 01:00:00,-8.33,0.84,418.7
2024-10-05 02:00:00,-4.69,-2.72,388.8
2024-10-05 03:00:00,-4.13,0.36,356.0
2024-10-05 04:00:00,-5.58,0.36,404.4
2024-10-05 05:00:00,-7.86,-0.34,375.0
2024-10-05 06:00:00,-6.96,-1.85,352.7
2024-10-05 07:00:00,-6.82,0.48,376.5
2024-10-05 08:00:00,-6.62,-0.28,369.2
2024-10-05 09:00:00,-5.66,1.96,380.6
2024-10-05 10:00:00,-5.35,-2.59,360.2
2024-10-05 11:00:00,-8.86,0.23,388.1
2024-10-05 12:00:00,-9.95,-2.54,378.6
2024-10-05 13:00:00,-10.86,-0.47,411.3
2024-10-05 14:00:00,-14.05,-2.19,417.8
2024-10-05 15:00:00,-16.31,-1.83,407.8
2024-10-05 16:00:00,-19.6,-0.01,392.9
2024-10-05 17:00:00,-16.92,-1.13,392.1
2024-10-05 18:00:00,-13.58,2.93,374.9
2024-10-05 19:00:00,-16.94,2.36,375.6
2024-10-05 20:00:00,-15.04,1.61,421.1
2024-10-05 21:00:00,-12.14,1.57,347.2
2024-10-05 22:00:00,-10.94,0.26,397.6
2024-10-05 23:00:00,-14.53,2.61,390.3
2024-10-06 00:00:00,-7.01,-0.59,418.0
2024-10-06 01:00:00,-5.32,4.24,357.2
2024-10-06 02:00:00,-10.89,-1.88,400.4
2024-10-06 03:00:00,-8.94,-2.26,410.3
2024-10-06 04:00:00,-2.1,-2.79,342.9
2024-10-06 05:00:00,-5.61,-2.44,367.8
2024-10-06 06:00:00,-11.66,-3.26,397.2
2024-10-06 07:00:00,-9.37,0.43,415.4
2024-10-06 08:00:00,-6.42,1.71,405.5
2024-10-06 09:00:00,-9.95,0.07,416.8
2024-10-06 10:00:00,-8.74,-2.77,367.6
2024-10-06 11:00:00,-8.61,-0.94,352.3
2024-10-06 12:00:00,-5.61,1.68,402.5
2024-10-06 13:00:00,-12.17,-0.68,363.1
2024-10-06 14:00:00,-9.28,-1.6,374.0
2024-10-06 15:00:00,-9.25,-3.03,428.0
2024-10-06 16:00:00,-10.03,-0.85,405.7
2024-10-06 17:00:00,-13.98,-1.41,383.0
2024-10-06 18:00:00,-20.89,-0.17,379.1
2024-10-06 19:00:00,-13.45,0.95,418.6
2024-10-06 20:00:00,-11.18,-0.56,406.4
2024-10-06 21:00:00,-13.78,0.37,363.6
2024-10-06 22:00:00,-7.27,0.94,341.6
2024-10-06 23:00:00,-8.71,-2.46,456.5
2024-10-07 00:00:00,-8.3,3.77,363.3
2024-10-07 01:00:00,-5.45,-1.48,415.8
2024-10-07 02:00:00,-6.5,1.03,445.3
2024-10-07 03:00:00,-13.94,-2.27,404.4
2024-10-07 04:00:00,-7.17,0.22,382.0
2024-10-07 05:00:00,-1.58,0.29,357.2
2024-10-07 06:00:00,-7.42,3.32,356.8
2024-10-07 07:00:00,-5.84,-0.47,411.3
2024-10-07 08:00:00,-8.8,2.6,443.5
2024-10-07 09:00:00,-1.11,0.58,388.1
2024-10-07 10:00:00,-2.46,3.7,383.3
2024-10-07 11:00:00,-11.36,-3.56,420.9
2024-10-07 12:00:00,-9.56,0.96,379.4
2024-10-07 13:00:00,-13.34,-5.35,408.2
2024-10-07 14:00:00,-10.66,-0.12,401.3
2024-10-07 15:00:00,-12.01,2.04,387.7
2024-10-07 16:00:00,-11.9,2.89,399.5
2024-10-07 17:00:00,-13.83,1.48,452.9
2024-10-07 18:00:00,-6.19,-0.58,418.1
2024-10-07 19:00:00,-17.91,1.09,432.8
2024-10-07 20:00:00,-19.46,5.03,372.4
2024-10-07 21:00:00,-14.71,0.15,432.9
2024-10-07 22:00:00,-17.2,1.92,419.2
2024-10-07 23:00:00,-15.77,-0.86,355.0
2024-10-08 00:00:00,-13.0,2.14,416.2
2024-10-08 01:00:00,-11.47,1.81,384.6
2024-10-08 02:00:00,-10.36,-1.22,353.6
2024-10-08 03:00:00,-4.91,1.55,403.9
2024-10-08 04:00:00,-7.19,1.65,416.2
2024-10-08 05:00:00,-5.71,1.48,404.5
2024-10-08 06:00:00,-2.32,-0.08,396.7
2024-10-08 07:00:00,-7.47,2.46,390.1
2024-10-08 08:00:00,-6.46,-1.87,474.0
2024-10-08 09:00:00,-5.37,0.02,364.5
2024-10-08 10:00:00,-13.32,0.22,426.2
2024-10-08 11:00:00,-15.86,2.34,400.5
2024-10-08 12:00:00,-8.96,-1.93,374.4
2024-10-08 13:00:00,-9.82,0.48,398.5
2024-10-08 14:00:00,-6.31,-0.98,358.2
2024-10-08 15:00:00,-13.06,0.22,382.1
2024-10-08 16:00:00,-11.87,0.78,398.6
2024-10-08 17:00:00,-15.42,-2.56,353.5
2024-10-08 18:00:00,-14.11,2.53,415.2
2024-10-08 19:00:00,-9.83,0.86,371.1
2024-10-08 20:00:00,-20.7,-1.72,356.4
2024-10-08 21:00:00,-12.29,-0.68,367.6
2024-10-08 22:00:00,-6.09,2.99,465.3
2024-10-08 23:00:00,-10.45,0.83,340.7
2024-10-09 00:00:00,-5.05,-1.93,413.1
2024-10-09 01:00:00,-10.59,-1.57,377.5
2024-10-09 02:00:00,-7.6,1.25,389.5
2024-10-09 03:00:00,-6.36,1.49,418.1
2024-10-09 04:00:00,-12.32,0.73,416.6
2024-10-09 05:00:00,-8.67,-0.58,379.6
2024-10-09 06:00:00,-8.29,1.62,359.3
2024-10-09 07:00:00,-2.7,-0.62,418.7
2024-10-09 08:00:00,-3.05,-1.71,416.6
2024-10-09 09:00:00,-5.49,3.17,391.5
2024-10-09 10:00:00,-5.03,0.98,413.3
2024-10-09 11:00:00,-9.2,-1.57,386.6
2024-10-09 12:00:00,-6.39,0.27,375.2
2024-10-09 13:00:00,-11.27,0.05,400.1
2024-10-09 14:00:00,-12.33,-0.7,415.6
2024-10-09 15:00:00,-14.33,0.47,409.3
2024-10-09 16:00:00,-12.28,-1.86,415.3
2024-10-09 17:00:00,-16.09,1.75,377.2
2024-10-09 18:00:00,-12.07,-0.01,447.5
2024-10-09 19:00:00,-18.23,-3.22,389.7
2024-10-09 20:00:00,-17.63,-0.46,396.4
2024-10-09 21:00:00,-11.47,-1.23,360.4
2024-10-09 22:00:00,-12.77,-5.98,394.2
2024-10-09 23:00:00,-12.66,-0.31,416.0
2024-10-10 00:00:00,-7.33,2.07,422.9
2024-10-10 01:00:00,-10.53,-0.22,446.9
2024-10-10 02:00:00,-8.1,1.42,415.6
2024-10-10 03:00:00,-2.27,0.02,408.3
2024-10-10 04:00:00,-1.05,-0.91,386.6
2024-10-10 05:00:00,-0.45,-1.46,380.1
2024-10-10 06:00:00,-5.85,-2.57,429.1
2024-10-10 07:00:00,-1.48,1.85,428.5
2024-10-10 08:00:00,-8.52,1.46,367.7
2024-10-10 09:00:00,-9.19,-0.56,421.7
2024-10-10 10:00:00,-14.55,-4.05,419.5
2024-10-10 11:00:00,-3.69,0.94,366.6
2024-10-10 12:00:00,-12.59,-1.81,416.2
2024-10-10 13:00:00,-11.67,0.29,368.5
2024-10-10 14:00:00,-15.23,-3.08,327.1
2024-10-10 15:00:00,-11.45,0.18,395.2
2024-10-10 16:00:00,-15.46,-0.26,407.7
2024-10-10 17:00:00,-18.74,-4.82,396.5
2024-10-10 18:00:00,-13.68,3.24,486.0
2024-10-10 19:00:00,-19.13,-0.65,411.4
2024-10-10 20:00:00,-16.84,-0.52,404.4
2024-10-10 21:00:00,-19.86,1.07,412.9
2024-10-10 22:00:00,-16.77,-0.1,386.8
2024-10-10 23:00:00,-10.76,0.73,427.9
2024-10-11 00:00:00,-15.89,-2.29,410.8
2024-10-11 01:00:00,-13.15,-0.28,409.5
2024-10-11 02:00:00,-7.51,-3.82,381.3
2024-10-11 03:00:00,-8.1,-0.48,353.1
2024-10-11 04:00:00,0.31,2.89,385.0
2024-10-11 05:00:00,0.33,-3.01,408.5
2024-10-11 06:00:00,-7.6,-0.7,386.7
2024-10-11 07:00:00,-3.5,-4.25,408.8
2024-10-11 08:00:00,-3.42,0.02,393.0
2024-10-11 09:00:00,-8.26,0.93,412.9
2024-10-11 10:00:00,-11.99,0.77,370.7
2024-10-11 11:00:00,-8.74,-1.2,405.8
2024-10-11 12:00:00,-10.52,-4.29,380.8
2024-10-11 13:00:00,-12.6,-2.48,353.9
2024-10-11 14:00:00,-11.17,2.51,395.0
2024-10-11 15:00:00,-15.79,1.76,446.1
2024-10-11 16:00:00,-17.79,-0.18,356.2
2024-10-11 17:00:00,-14.5,0.32,403.6
2024-10-11 18:00:00,-13.84,-2.06,423.9
2024-10-11 19:00:00,-18.36,2.58,469.0
2024-10-11 20:00:00,-11.55,-1.44,385.2
2024-10-11 21:00:00,-18.85,0.87,381.0
2024-10-11 22:00:00,-14.23,-2.66,365.0
2024-10-11 23:00:00,-12.07,-0.36,434.2
2024-10-12 00:00:00,-11.91,2.5,374.0
2024-10-12 01:00:00,-10.4,-1.89,388.9
2024-10-12 02:00:00,-1.89,1.5,344.5
2024-10-12 03:00:00,-9.02,-2.16,426.5
2024-10-12 04:00:00,1.65,-1.8,434.7
2024-10-12 05:00:00,-3.86,-0.02,425.4
2024-10-12 06:00:00,-4.72,1.94,351.8
2024-10-12 07:00:00,-3.74,-0.6,418.2
2024-10-12 08:00:00,1.92,1.24,349.8
2024-10-12 09:00:00,-9.45,2.29,401.7
2024-10-12 10:00:00,-10.86,-1.54,406.2
2024-10-12 11:00:00,-10.97,-3.05,409.3
2024-10-12 12:00:00,-9.9,-0.71,416.0
2024-10-12 13:00:00,-16.47,2.55,399.8
2024-10-12 14:00:00,-12.43,-1.63,341.1
2024-10-12 15:00:00,-8.45,2.03,416.1
2024-10-12 16:00:00,-13.88,-0.53,402.9
2024-10-12 17:00:00,-15.71,3.51,372.9
2024-10-12 18:00:00,-16.85,4.49,352.9
2024-10-12 19:00:00,-12.13,2.06,446.2
2024-10-12 20:00:00,-16.81,-3.29,436.9
2024-10-12 21:00:00,-8.0,-4.81,421.2
2024-10-12 22:00:00,-6.7,0.12,379.7
2024-10-12 23:00:00,-10.52,1.81,324.5
2024-10-13 00:00:00,-10.03,1.0,422.9
2024-10-13 01:00:00,-5.61,-1.45,411.0
2024-10-13 02:00:00,-4.22,-2.97,388.8
2024-10-13 03:00:00,-8.88,1.86,433.7
2024-10-13 04:00:00,-7.25,3.72,425.4
2024-10-13 05:00:00,-9.14,-1.34,405.3
2024-10-13 06:00:00,-3.77,1.65,401.1
2024-10-13 07:00:00,-3.17,5.21,401.5
2024-10-13 08:00:00,-9.72,-0.38,420.4
2024-10-13 09:00:00,-7.83,-0.34,374.3
2024-10-13 10:00:00,-11.54,1.12,412.8
2024-10-13 11:00:00,-11.4,-0.57,372.4
2024-10-13 12:00:00,-8.35,2.68,440.1
2024-10-13 13:00:00,-13.49,-0.81,416.0
2024-10-13 14:00:00,-13.4,-0.06,379.4
2024-10-13 15:00:00,-18.42,-2.88,402.4
2024-10-13 16:00:00,-13.77,-0.47,374.4
2024-10-13 17:00:00,-14.96,-2.02,445.1
2024-10-13 18:00:00,-17.19,0.69,448.7
2024-10-13 19:00:00,-15.4,-3.33,420.9
2024-10-13 20:00:00,-13.79,1.96,446.7
2024-10-13 21:00:00,-15.98,-1.74,404.6
2024-10-13 22:00:00,-16.93,3.57,422.9
2024-10-13 23:00:00,-5.88,2.74,436.7
2024-10-14 00:00:00,-11.9,1.07,399.8
2024-10-14 01:00:00,-9.0,-3.08,402.1
2024-10-14 02:00:00,-4.47,-1.26,428.0
2024-10-14 03:00:00,4.12,-1.79,419.4
2024-10-14 04:00:00,-9.4,-1.54,377.3
2024-10-14 05:00:00,-3.82,3.15,334.4
2024-10-14 06:00:00,-7.12,-0.31,394.7
2024-10-14 07:00:00,-6.79,-1.32,337.1
2024-10-14 08:00:00,-7.83,-1.5,370.3
2024-10-14 09:00:00,-9.84,-1.06,373.8
2024-10-14 10:00:00,-7.62,1.07,382.9
2024-10-14 11:00:00,-13.13,-3.25,424.6
2024-10-14 12:00:00,-7.16,0.2,431.1
2024-10-14 13:00:00,-11.13,0.85,415.3
2024-10-14 14:00:00,-11.23,-3.47,419.0
2024-10-14 15:00:00,-14.93,-2.84,419.7
2024-10-14 16:00:00,-15.43,-0.1,325.1
2024-10-14 17:00:00,-13.97,2.88,400.3
2024-10-14 18:00:00,-18.49,2.41,346.1
2024-10-14 19:00:00,-15.9,-1.22,415.3
2024-10-14 20:00:00,-16.91,2.82,337.2
2024-10-14 21:00:00,-16.21,-0.64,394.6
2024-10-14 22:00:00,-18.83,-0.66,416.4
2024-10-14 23:00:00,-7.28,0.19,366.5
2024-10-15 00:00:00,-12.06,1.68,428.9
2024-10-15 01:00:00,-5.22,-1.22,415.2
2024-10-15 02:00:00,-4.29,-0.8,411.4
2024-10-15 03:00:00,-10.32,-2.5,420.9
2024-10-15 04:00:00,-8.94,0.7,389.2
2024-10-15 05:00:00,2.51,1.87,404.6
2024-10-15 06:00:00,0.25,1.99,400.3
2024-10-15 07:00:00,-5.26,-2.73,399.6
2024-10-15 08:00:00,-4.9,-0.77,379.8
2024-10-15 09:00:00,-8.36,2.49,362.7
2024-10-15 10:00:00,-6.2,0.46,389.9
2024-10-15 11:00:00,-10.86,0.07,388.2
2024-10-15 12:00:00,-16.1,0.02,377.9
2024-10-15 13:00:00,-15.26,1.08,425.6
2024-10-15 14:00:00,-12.44,0.57,364.8
2024-10-15 15:00:00,-16.93,-1.15,394.9
2024-10-15 16:00:00,-14.53,1.76,435.0
2024-10-15 17:00:00,-18.05,-2.41,427.3
2024-10-15 18:00:00,-17.35,2.64,436.5
2024-10-15 19:00:00,-12.27,-1.79,382.3
2024-10-15 20:00:00,-13.59,1.1,423.5
2024-10-15 21:00:00,-13.56,-0.33,368.1
2024-10-15 22:00:00,-9.86,-0.95,391.7
2024-10-15 23:00:00,-9.85,2.72,394.5
2024-10-16 00:00:00,-5.66,1.49,382.7
2024-10-16 01:00:00,-10.09,-0.12,389.1
2024-10-16 02:00:00,-8.79,3.49,385.2
2024-10-16 03:00:00,-10.37,1.96,370.5
2024-10-16 04:00:00,-6.96,-1.61,425.7
2024-10-16 05:00:00,-2.28,-4.52,394.5
2024-10-16 06:00:00,-1.1,0.21,406.0
2024-10-16 07:00:00,-2.29,2.77,404.9
2024-10-16 08:00:00,-11.05,1.22,401.6
2024-10-16 09:00:00,-3.22,3.15,402.8
2024-10-16 10:00:00,-13.02,-1.2,390.8
2024-10-16 11:00:00,-6.01,-0.23,442.6
2024-10-16 12:00:00,-11.1,-0.19,422.8
2024-10-16 13:00:00,-9.19,0.48,400.6
2024-10-16 14:00:00,-16.5,1.53,386.6
2024-10-16 15:00:00,-10.02,3.26,396.4
2024-10-16 16:00:00,-18.73,3.69,412.5
2024-10-16 17:00:00,-16.83,3.33,445.0
2024-10-16 18:00:00,-17.99,1.34,358.8
2024-10-16 19:00:00,-20.09,-0.68,419.8
2024-10-16 20:00:00,-14.05,0.45,433.8
2024-10-16 21:00:00,-8.12,1.31,355.4
2024-10-16 22:00:00,-4.5,0.27,394.6
2024-10-16 23:00:00,-11.0,-1.83,368.1
2024-10-17 00:00:00,-6.65,-0.92,412.9
2024-10-17 01:00:00,-8.01,1.74,389.2
2024-10-17 02:00:00,-6.0,-0.49,396.1
2024-10-17 03:00:00,-7.49,0.05,387.7
2024-10-17 04:00:00,-5.08,-0.16,421.6
2024-10-17 05:00:00,-3.56,-1.78,406.9
2024-10-17 06:00:00,-6.74,-0.34,406.9
2024-10-17 07:00:00,-5.4,-0.92,404.8
2024-10-17 08:00:00,-5.85,-1.38,417.2
2024-10-17 09:00:00,-3.99,-2.12,392.1
2024-10-17 10:00:00,-10.7,-0.2,451.0
2024-10-17 11:00:00,-8.86,1.24,363.0
2024-10-17 12:00:00,-4.26,2.24,348.2
2024-10-17 13:00:00,-7.8,-2.79,345.7
2024-10-17 14:00:00,-8.45,3.21,337.6
2024-10-17 15:00:00,-13.46,0.59,420.2
2024-10-17 16:00:00,-13.37,-2.25,416.5
2024-10-17 17:00:00,-11.82,-0.81,436.2
2024-10-17 18:00:00,-10.32,-3.75,368.3
2024-10-17 19:00:00,-20.68,-3.24,422.4
2024-10-17 20:00:00,-18.28,3.44,401.7
2024-10-17 21:00:00,-9.61,-1.4,405.0
2024-10-17 22:00:00,-13.33,1.07,418.8
2024-10-17 23:00:00,-13.31,-0.22,377.3
2024-10-18 00:00:00,-13.76,0.04,477.6
2024-10-18 01:00:00,-10.37,0.74,440.0
2024-10-18 02:00:00,-11.71,-4.17,384.0
2024-10-18 03:00:00,-0.19,2.64,367.3
2024-10-18 04:00:00,-5.74,-0.2,397.4
2024-10-18 05:00:00,-5.34,-1.01,405.5
2024-10-18 06:00:00,-3.24,0.94,432.0
2024-10-18 07:00:00,-2.28,-1.44,364.9
2024-10-18 08:00:00,-2.83,0.42,408.6
2024-10-18 09:00:00,-3.24,-0.33,354.1
2024-10-18 10:00:00,-9.39,1.42,413.1
2024-10-18 11:00:00,-9.6,-0.43,396.8
2024-10-18 12:00:00,-7.69,-2.06,458.1
2024-10-18 13:00:00,-12.88,0.72,353.6
2024-10-18 14:00:00,-12.52,-0.54,441.1
2024-10-18 15:00:00,-12.34,-3.64,348.9
2024-10-18 16:00:00,-11.97,0.4,360.2
2024-10-18 17:00:00,-20.16,-1.07,349.7
2024-10-18 18:00:00,-12.86,0.69,407.5
2024-10-18 19:00:00,-15.53,-1.71,364.8
2024-10-18 20:00:00,-12.21,-2.41,359.6
2024-10-18 21:00:00,-11.2,2.36,406.1
2024-10-18 22:00:00,-7.68,1.69,413.6
2024-10-18 23:00:00,-7.23,-0.01,401.2
2024-10-19 00:00:00,-5.96,0.88,395.1
2024-10-19 01:00:00,-4.37,1.62,454.9
2024-10-19 02:00:00,-6.63,-0.02,404.4
2024-10-19 03:00:00,-6.37,-2.42,424.2
2024-10-19 04:00:00,-3.05,0.6,404.3
2024-10-19 05:00:00,-2.97,2.0,367.1
2024-10-19 06:00:00,-5.93,1.19,416.5
2024-10-19 07:00:00,-3.96,0.12,380.3
2024-10-19 08:00:00,-5.78,1.13,397.3
2024-10-19 09:00:00,-9.03,-0.45,409.2
2024-10-19 10:00:00,-3.63,2.09,341.8
2024-10-19 11:00:00,-8.54,2.69,351.7
2024-10-19 12:00:00,-3.85,-2.59,427.3
2024-10-19 13:00:00,-16.17,2.23,380.1
2024-10-19 14:00:00,-14.17,4.47,381.5
2024-10-19 15:00:00,-13.44,1.05,405.0
2024-10-19 16:00:00,-10.92,1.97,388.4
2024-10-19 17:00:00,-13.63,-1.29,412.5
2024-10-19 18:00:00,-14.07,-1.01,398.5
2024-10-19 19:00:00,-18.21,-0.42,406.0
2024-10-19 20:00:00,-17.8,-0.8,378.9
2024-10-19 21:00:00,-12.57,-2.62,405.8
2024-10-19 22:00:00,-16.59,-0.35,433.2
2024-10-19 23:00:00,-12.89,1.67,383.0
2024-10-20 00:00:00,-8.5,-2.6,427.5
2024-10-20 01:00:00,-11.65,0.36,398.5
2024-10-20 02:00:00,-2.68,0.3,422.0
2024-10-20 03:00:00,-2.79,-0.6,403.9
2024-10-20 04:00:00,-10.38,0.99,399.0
2024-10-20 05:00:00,-7.97,0.81,410.5
2024-10-20 06:00:00,-11.86,-0.74,436.4
2024-10-20 07:00:00,-7.52,2.12,407.1
2024-10-20 08:00:00,-3.37,1.12,414.4
2024-10-20 09:00:00,-7.71,3.15,388.9
2024-10-20 10:00:00,-6.12,-0.13,447.1
2024-10-20 11:00:00,-13.27,-0.64,419.2
2024-10-20 12:00:00,-7.61,-0.42,402.3
2024-10-20 13:00:00,-12.96,2.36,396.3
2024-10-20 14:00:00,-12.46,-0.3,429.3
2024-10-20 15:00:00,-13.81,-0.18,381.8
2024-10-20 16:00:00,-18.14,3.92,346.5
2024-10-20 17:00:00,-18.29,-2.69,402.2
2024-10-20 18:00:00,-12.1,0.71,435.7
2024-10-20 19:00:00,-13.63,-0.12,447.7
2024-10-20 20:00:00,-11.18,-0.5,396.8
2024-10-20 21:00:00,-12.56,-1.91,401.3
2024-10-20 22:00:00,-12.07,-1.33,415.6
2024-10-20 23:00:00,-16.47,-0.82,392.1
2024-10-21 00:00:00,-10.81,0.99,415.5
2024-10-21 01:00:00,-8.79,1.7,397.4
2024-10-21 02:00:00,-1.64,-3.56,430.3
2024-10-21 03:00:00,-4.4,-2.4,421.7
2024-10-21 04:00:00,-1.06,1.1,424.3
2024-10-21 05:00:00,-3.38,1.26,393.8
2024-10-21 06:00:00,-7.13,-2.93,457.8
2024-10-21 07:00:00,-4.82,1.75,414.5
2024-10-21 08:00:00,-4.96,-0.03,407.4
2024-10-21 09:00:00,-9.28,1.49,377.2
2024-10-21 10:00:00,-8.65,-1.7,397.1
2024-10-21 11:00:00,-9.32,-2.78,403.4
2024-10-21 12:00:00,-5.18,-0.62,376.4
2024-10-21 13:00:00,-17.54,-0.53,391.2
2024-10-21 14:00:00,-8.88,-0.64,395.0
2024-10-21 15:00:00,-16.35,-0.78,401.7
2024-10-21 16:00:00,-18.45,3.39,347.1
2024-10-21 17:00:00,-11.29,-3.4,395.9
2024-10-21 18:00:00,-12.8,-1.69,388.7
2024-10-21 19:00:00,-11.07,-0.84,399.4
2024-10-21 20:00:00,-11.93,0.05,431.1
2024-10-21 21:00:00,-7.36,1.42,461.6
2024-10-21 22:00:00,-10.82,1.73,420.4
2024-10-21 23:00:00,-11.76,2.15,363.0
2024-10-22 00:00:00,-8.97,0.96,389.6
2024-10-22 01:00:00,-4.98,-3.46,417.9
2024-10-22 02:00:00,-9.84,-3.33,414.5
2024-10-22 03:00:00,-8.42,2.29,429.6
2024-10-22 04:00:00,-6.6,2.17,397.1
2024-10-22 05:00:00,-11.48,1.27,389.1
2024-10-22 06:00:00,-4.59,-1.64,452.6
2024-10-22 07:00:00,-10.83,-0.65,401.8
2024-10-22 08:00:00,-5.51,-0.8,369.5
2024-10-22 09:00:00,-3.87,-2.05,444.3
2024-10-22 10:00:00,-8.93,0.52,355.1
2024-10-22 11:00:00,-3.67,4.31,295.1
2024-10-22 12:00:00,-14.38,-0.99,423.1
2024-10-22 13:00:00,-7.72,2.59,427.3
2024-10-22 14:00:00,-10.47,-1.77,412.4
2024-10-22 15:00:00,-18.68,-3.07,360.9
2024-10-22 16:00:00,-6.2,1.97,398.2
2024-10-22 17:00:00,-15.02,-0.44,391.7
2024-10-22 18:00:00,-17.63,2.54,383.9
2024-10-22 19:00:00,-19.05,2.94,442.4
2024-10-22 20:00:00,-14.99,-0.56,368.6
2024-10-22 21:00:00,-13.92,2.69,409.5
2024-10-22 22:00:00,-12.19,-1.75,435.8
2024-10-22 23:00:00,-12.19,-1.78,411.4
2024-10-23 00:00:00,-8.1,2.14,437.2
2024-10-23 01:00:00,-9.87,-3.1,416.9
2024-10-23 02:00:00,-13.3,-0.0,412.9
2024-10-23 03:00:00,-6.91,2.5,411.0
2024-10-23 04:00:00,-12.77,2.63,418.4
2024-10-23 05:00:00,-4.11,-0.87,388.4
2024-10-23 06:00:00,-7.94,2.02,360.9
2024-10-23 07:00:00,-4.68,-2.25,428.6
2024-10-23 08:00:00,-1.73,-1.33,434.9
2024-10-23 09:00:00,-9.31,0.46,407.6
2024-10-23 10:00:00,-4.32,0.76,383.5
2024-10-23 11:00:00,-10.01,-2.1,353.3
2024-10-23 12:00:00,-4.74,3.72,402.6
2024-10-23 13:00:00,-12.39,-3.75,359.5
2024-10-23 14:00:00,-15.02,0.11,355.3
2024-10-23 15:00:00,-11.47,0.39,399.4
2024-10-23 16:00:00,-15.64,-3.49,377.1
2024-10-23 17:00:00,-17.35,2.65,410.4
2024-10-23 18:00:00,-16.43,-1.48,395.2
2024-10-23 19:00:00,-14.96,0.2,381.8
2024-10-23 20:00:00,-10.3,0.66,348.9
2024-10-23 21:00:00,-19.34,-2.91,374.4
2024-10-23 22:00:00,-12.43,-2.14,375.5
2024-10-23 23:00:00,-9.42,3.13,363.2
2024-10-24 00:00:00,-9.42,-0.13,390.1
2024-10-24 01:00:00,-4.78,-5.39,365.6
2024-10-24 02:00:00,-7.72,-0.6,395.1
2024-10-24 03:00:00,-7.02,-0.07,407.2
2024-10-24 04:00:00,-3.89,0.44,375.2
2024-10-24 05:00:00,-4.87,-4.0,412.8
2024-10-24 06:00:00,-6.17,-0.06,359.2
2024-10-24 07:00:00,-3.62,-1.67,366.6
2024-10-24 08:00:00,-7.63,0.44,396.6
2024-10-24 09:00:00,-8.3,1.01,420.6
2024-10-24 10:00:00,-9.08,0.8,426.0
2024-10-24 11:00:00,-4.65,2.81,448.4
2024-10-24 12:00:00,-19.66,4.38,388.7
2024-10-24 13:00:00,-10.11,-2.27,396.2
2024-10-24 14:00:00,-12.4,-0.76,369.0
2024-10-24 15:00:00,-18.58,1.49,362.4
2024-10-24 16:00:00,-13.4,-0.25,406.9
2024-10-24 17:00:00,-13.4,-5.45,376.7
2024-10-24 18:00:00,-13.23,-0.39,437.0
2024-10-24 19:00:00,-22.79,2.47,356.1
2024-10-24 20:00:00,-10.23,-2.79,414.6
2024-10-24 21:00:00,-15.75,0.44,369.8
2024-10-24 22:00:00,-10.44,-3.81,375.4
2024-10-24 23:00:00,-9.07,1.74,416.2
2024-10-25 00:00:00,-12.63,0.48,379.7
2024-10-25 01:00:00,-6.72,-1.14,384.5
2024-10-25 02:00:00,-8.66,-0.84,375.6
2024-10-25 03:00:00,-12.68,-3.0,453.6
2024-10-25 04:00:00,-2.17,2.02,381.5
2024-10-25 05:00:00,-7.5,-1.6,401.5
2024-10-25 06:00:00,-7.56,1.0,393.9
2024-10-25 07:00:00,-6.38,-1.92,406.6
2024-10-25 08:00:00,-4.85,4.4,381.6
2024-10-25 09:00:00,-6.64,3.12,394.0
2024-10-25 10:00:00,-5.86,4.15,411.8
2024-10-25 11:00:00,-12.72,4.38,374.1
2024-10-25 12:00:00,-12.23,-1.27,432.7
2024-10-25 13:00:00,-11.64,-1.77,435.6
2024-10-25 14:00:00,-6.81,4.05,418.2
2024-10-25 15:00:00,-13.88,-0.28,402.1
2024-10-25 16:00:00,-11.07,1.67,310.3
2024-10-25 17:00:00,-14.71,-1.24,412.7
2024-10-25 18:00:00,-16.45,-1.21,388.3
2024-10-25 19:00:00,-15.57,1.66,392.6
2024-10-25 20:00:00,-14.84,-3.94,343.1
2024-10-25 21:00:00,-11.72,1.57,414.8
2024-10-25 22:00:00,-8.38,1.05,356.5
2024-10-25 23:00:00,-10.22,-1.06,403.6
2024-10-26 00:00:00,-6.44,0.05,427.1
2024-10-26 01:00:00,-11.6,0.36,385.9
2024-10-26 02:00:00,-8.74,0.47,436.5
2024-10-26 03:00:00,-8.64,1.38,377.6
2024-10-26 04:00:00,-4.73,-1.63,418.0
2024-10-26 05:00:00,-6.25,5.4,360.9
2024-10-26 06:00:00,-2.81,-0.41,430.9
2024-10-26 07:00:00,-7.96,-0.26,426.3
2024-10-26 08:00:00,-5.54,3.89,414.1
2024-10-26 09:00:00,-4.4,-3.66,388.2
2024-10-26 10:00:00,-13.7,3.87,357.9
2024-10-26 11:00:00,-2.34,0.19,388.3
2024-10-26 12:00:00,-10.85,-1.06,433.3
2024-10-26 13:00:00,-17.37,-2.24,403.9
2024-10-26 14:00:00,-12.03,-2.54,353.4
2024-10-26 15:00:00,-13.44,-0.68,366.3
2024-10-26 16:00:00,-14.58,0.56,437.6
2024-10-26 17:00:00,-11.86,1.24,414.6
2024-10-26 18:00:00,-12.76,0.53,363.0
2024-10-26 19:00:00,-13.94,-1.02,347.0
2024-10-26 20:00:00,-12.98,2.68,381.2
2024-10-26 21:00:00,-13.85,5.35,344.5
2024-10-26 22:00:00,-7.17,2.99,395.3
2024-10-26 23:00:00,-15.73,-0.72,473.5
2024-10-27 00:00:00,-9.58,1.0,352.1
2024-10-27 01:00:00,-8.51,1.13,394.4
2024-10-27 02:00:00,-5.06,3.21,439.4
2024-10-27 03:00:00,-9.0,-0.68,422.5
2024-10-27 04:00:00,-10.9,-1.93,395.5
2024-10-27 05:00:00,-4.7,2.27,395.6
2024-10-27 06:00:00,-4.16,0.81,365.3
2024-10-27 07:00:00,-0.7,-2.22,392.0
2024-10-27 08:00:00,-9.48,1.41,407.3
2024-10-27 09:00:00,-3.0,3.68,433.2
2024-10-27 10:00:00,-0.4,-1.39,381.4
2024-10-27 11:00:00,-9.84,-1.78,394.3
2024-10-27 12:00:00,-13.87,0.06,371.5
2024-10-27 13:00:00,-12.52,1.36,406.8
2024-10-27 14:00:00,-12.46,-0.15,423.5
2024-10-27 15:00:00,-11.84,2.27,418.9
2024-10-27 16:00:00,-16.1,0.52,364.9
2024-10-27 17:00:00,-10.16,2.02,404.4
2024-10-27 18:00:00,-18.34,-1.44,379.7
2024-10-27 19:00:00,-20.05,-2.46,430.3
2024-10-27 20:00:00,-11.01,-0.68,395.2
2024-10-27 21:00:00,-20.36,-2.69,354.4
2024-10-27 22:00:00,-13.11,0.82,393.4
2024-10-27 23:00:00,-1.94,-4.03,413.8
2024-10-28 00:00:00,-10.04,-0.91,407.3
2024-10-28 01:00:00,-12.07,-0.57,384.6
2024-10-28 02:00:00,-7.67,-2.09,382.4
2024-10-28 03:00:00,-6.62,-0.61,370.4
2024-10-28 04:00:00,-5.19,0.01,388.2
2024-10-28 05:00:00,-3.18,2.54,374.3
2024-10-28 06:00:00,-8.12,-2.08,429.1
2024-10-28 07:00:00,-0.11,0.71,373.0
2024-10-28 08:00:00,-4.93,1.11,403.7
2024-10-28 09:00:00,-4.28,-0.04,401.6
2024-10-28 10:00:00,-9.38,-1.0,428.4
2024-10-28 11:00:00,-4.85,-2.28,432.7
2024-10-28 12:00:00,-10.77,3.8,420.9
2024-10-28 13:00:00,-10.46,0.15,410.6
2024-10-28 14:00:00,-15.3,-0.63,368.5
2024-10-28 15:00:00,-16.53,4.24,367.9
2024-10-28 16:00:00,-12.27,0.44,374.6
2024-10-28 17:00:00,-16.16,5.09,422.6
2024-10-28 18:00:00,-17.56,-2.83,402.2
2024-10-28 19:00:00,-16.76,-0.47,426.1
2024-10-28 20:00:00,-12.23,-2.74,430.1
2024-10-28 21:00:00,-15.42,-0.24,378.2
2024-10-28 22:00:00,-12.85,-0.25,401.0
2024-10-28 23:00:00,-11.25,-0.92,399.6
2024-10-29 00:00:00,-15.75,0.11,390.2
2024-10-29 01:00:00,-13.12,-0.82,384.0
2024-10-29 02:00:00,-6.49,-0.22,435.5
2024-10-29 03:00:00,-8.68,-1.51,401.6
2024-10-29 04:00:00,-2.5,2.89,400.4
2024-10-29 05:00:00,-2.27,-2.22,375.9
2024-10-29 06:00:00,-2.84,0.42,420.3
2024-10-29 07:00:00,0.29,-2.39,369.8
2024-10-29 08:00:00,-5.92,-1.67,413.6
2024-10-29 09:00:00,-4.52,-1.46,414.5
2024-10-29 10:00:00,-9.25,-0.26,387.6
2024-10-29 11:00:00,-1.35,0.35,409.5
2024-10-29 12:00:00,-4.05,-2.21,405.6
2024-10-29 13:00:00,-11.26,-0.83,398.8
2024-10-29 14:00:00,-11.34,-1.98,400.4
2024-10-29 15:00:00,-9.46,-2.07,401.9
2024-10-29 16:00:00,-14.77,2.27,403.9
2024-10-29 17:00:00,-16.8,-2.78,401.8
2024-10-29 18:00:00,-12.38,0.15,366.9
2024-10-29 19:00:00,-14.59,3.4,395.4
2024-10-29 20:00:00,-13.78,2.41,407.9
2024-10-29 21:00:00,-16.04,0.85,402.9
2024-10-29 22:00:00,-17.65,-0.03,428.6
2024-10-29 23:00:00,-10.59,1.47,418.6
2024-10-30 00:00:00,-7.29,0.74,373.9
2024-10-30 01:00:00,-9.38,2.85,395.0
2024-10-30 02:00:00,-3.19,-0.27,390.7
2024-10-30 03:00:00,-8.58,2.0,399.9
2024-10-30 04:00:00,-8.83,-0.65,399.9
2024-10-30 05:00:00,-5.37,3.79,418.3
2024-10-30 06:00:00,-5.25,-0.32,405.3
2024-10-30 07:00:00,-2.86,-3.24,436.9
2024-10-30 08:00:00,-7.99,0.16,407.2
2024-10-30 09:00:00,-2.36,1.53,375.1
2024-10-30 10:00:00,-1.6,3.26,386.0
2024-10-30 11:00:00,-8.82,-1.99,418.1
2024-10-30 12:00:00,-6.25,-3.49,351.6
2024-10-30 13:00:00,-14.46,0.99,359.6
2024-10-30 14:00:00,-9.27,0.93,400.3
2024-10-30 15:00:00,-10.39,-2.82,428.5
2024-10-30 16:00:00,-11.74,-0.66,439.2
2024-10-30 17:00:00,-14.88,-0.57,393.5
2024-10-30 18:00:00,-23.86,1.65,431.8
2024-10-30 19:00:00,-16.75,-0.83,402.2
2024-10-30 20:00:00,-16.21,-0.87,354.1
2024-10-30 21:00:00,-16.47,0.23,399.8
2024-10-30 22:00:00,-12.13,-2.76,381.4
2024-10-30 23:00:00,-12.55,3.8,427.5
2024-10-31 00:00:00,-12.47,1.87,399.2
2024-10-31 01:00:00,-11.88,-1.4,361.7
2024-10-31 02:00:00,-9.65,-2.24,355.0
2024-10-31 03:00:00,-3.1,-2.08,399.4
2024-10-31 04:00:00,-7.65,1.17,327.4
2024-10-31 05:00:00,-6.72,-2.02,384.5
2024-10-31 06:00:00,-6.37,-0.5,406.9
2024-10-31 07:00:00,-4.15,-3.38,368.3
2024-10-31 08:00:00,-4.3,1.08,429.8
2024-10-31 09:00:00,-15.6,1.16,435.7
2024-10-31 10:00:00,-4.44,-0.37,369.5
2024-10-31 11:00:00,-4.4,0.39,391.1
2024-10-31 12:00:00,-13.15,1.59,429.8
2024-10-31 13:00:00,-14.21,0.33,400.0
2024-10-31 14:00:00,-13.85,1.56,358.2
2024-10-31 15:00:00,-15.8,-2.34,395.7
2024-10-31 16:00:00,-13.66,0.76,374.4
2024-10-31 17:00:00,-20.67,0.39,433.2
2024-10-31 18:00:00,-18.35,2.4,418.2
2024-10-31 19:00:00,-10.21,0.06,390.6
2024-10-31 20:00:00,-17.11,-0.19,404.3
2024-10-31 21:00:00,-9.81,-1.11,360.8
2024-10-31 22:00:00,-11.43,2.98,377.4
2024-10-31 23:00:00,-16.72,-4.71,446.6
2024-11-01 00:00:00,-8.09,1.02,401.6
2024-11-01 01:00:00,-9.06,-0.04,427.9
2024-11-01 02:00:00,-8.87,-0.37,407.0
2024-11-01 03:00:00,-5.73,-0.66,439.4
2024-11-01 04:00:00,-4.25,-0.11,340.0
2024-11-01 05:00:00,-3.05,0.96,394.4
2024-11-01 06:00:00,-1.47,-1.59,449.3
2024-11-01 07:00:00,-3.95,0.27,428.7
2024-11-01 08:00:00,-9.8,0.7,439.8
2024-11-01 09:00:00,-7.89,-1.91,399.8
2024-11-01 10:00:00,1.33,1.01,383.9
2024-11-01 11:00:00,-6.53,0.72,369.2
2024-11-01 12:00:00,-2.89,-1.6,367.1
2024-11-01 13:00:00,-7.11,-2.38,424.2
2024-11-01 14:00:00,-11.77,-1.62,415.4
2024-11-01 15:00:00,-12.63,0.27,398.0
2024-11-01 16:00:00,-14.44,-0.15,415.2
2024-11-01 17:00:00,-20.04,2.79,404.3
2024-11-01 18:00:00,-14.95,-0.73,428.9
2024-11-01 19:00:00,-11.2,-1.78,428.6
2024-11-01 20:00:00,-16.13,1.31,368.0
2024-11-01 21:00:00,-12.3,-1.96,408.2
2024-11-01 22:00:00,-9.95,-1.58,349.9
2024-11-01 23:00:00,-14.02,-1.56,404.0
2024-11-02 00:00:00,-11.35,-5.99,418.1
2024-11-02 01:00:00,-11.76,1.13,360.6
2024-11-02 02:00:00,-9.97,1.88,387.5
2024-11-02 03:00:00,-10.33,1.83,400.3
2024-11-02 04:00:00,-8.37,3.77,407.0
2024-11-02 05:00:00,-0.91,3.01,391.6
2024-11-02 06:00:00,-7.75,-0.67,364.8
2024-11-02 07:00:00,-4.79,2.22,398.4
2024-11-02 08:00:00,-7.18,-0.2,350.4
2024-11-02 09:00:00,-2.93,-0.85,393.0
2024-11-02 10:00:00,-3.57,-1.51,386.8
2024-11-02 11:00:00,-6.11,-0.54,396.0
2024-11-02 12:00:00,-9.08,0.66,383.2
2024-11-02 13:00:00,-11.99,3.16,354.8
2024-11-02 14:00:00,-16.08,1.46,389.0
2024-11-02 15:00:00,-7.7,-1.54,427.9
2024-11-02 16:00:00,-16.61,-2.09,437.8
2024-11-02 17:00:00,-12.84,1.14,473.2
2024-11-02 18:00:00,-11.82,1.8,450.7
2024-11-02 19:00:00,-16.5,2.45,364.1
2024-11-02 20:00:00,-11.22,-0.54,387.7
2024-11-02 21:00:00,-11.24,0.94,399.3
2024-11-02 22:00:00,-7.32,1.71,397.4
2024-11-02 23:00:00,-12.7,-2.7,402.1
2024-11-03 00:00:00,-13.86,0.56,472.2
2024-11-03 01:00:00,-10.22,1.81,367.5
2024-11-03 02:00:00,-6.87,1.02,378.6
2024-11-03 03:00:00,-6.29,-0.16,449.3
2024-11-03 04:00:00,-6.85,5.22,381.5
2024-11-03 05:00:00,-10.9,3.86,411.8
2024-11-03 06:00:00,-3.59,0.02,431.0
2024-11-03 07:00:00,0.75,-0.38,414.6
2024-11-03 08:00:00,-4.28,1.4,405.8
2024-11-03 09:00:00,-4.64,-0.12,428.2
2024-11-03 10:00:00,-5.78,2.54,373.2
2024-11-03 11:00:00,-7.51,-2.53,385.1
2024-11-03 12:00:00,-7.21,-0.48,416.1
2024-11-03 13:00:00,-10.11,1.37,337.9
2024-11-03 14:00:00,-13.44,2.01,442.5
2024-11-03 15:00:00,-15.92,-2.96,409.1
2024-11-03 16:00:00,-15.08,-1.91,404.6
2024-11-03 17:00:00,-13.89,-3.35,351.1
2024-11-03 18:00:00,-15.95,-1.75,361.4
2024-11-03 19:00:00,-13.89,-2.55,388.0
2024-11-03 20:00:00,-13.01,1.08,424.2
2024-11-03 21:00:00,-11.04,0.46,337.7
2024-11-03 22:00:00,-8.65,-0.31,423.7
2024-11-03 23:00:00,-11.06,0.05,389.2
2024-11-04 00:00:00,-13.92,2.39,393.3
2024-11-04 01:00:00,-9.74,-2.08,407.6
2024-11-04 02:00:00,-7.37,-3.86,408.1
2024-11-04 03:00:00,-11.97,1.42,378.6
2024-11-04 04:00:00,-1.5,-0.78,418.7
2024-11-04 05:00:00,-4.74,-2.04,330.4
2024-11-04 06:00:00,-3.86,1.11,386.5
2024-11-04 07:00:00,-1.07,-3.94,404.6
2024-11-04 08:00:00,-7.56,-1.72,389.7
2024-11-04 09:00:00,-4.74,-4.78,345.2
2024-11-04 10:00:00,-7.83,0.52,422.7
2024-11-04 11:00:00,-9.26,3.15,362.5
2024-11-04 12:00:00,-12.32,-1.15,398.0
2024-11-04 13:00:00,-6.3,-1.58,404.6
2024-11-04 14:00:00,-13.63,3.57,400.6
2024-11-04 15:00:00,-11.44,1.25,435.1
2024-11-04 16:00:00,-19.96,4.76,398.4
2024-11-04 17:00:00,-11.29,0.32,412.8
2024-11-04 18:00:00,-11.84,0.45,398.3
2024-11-04 19:00:00,-14.54,2.89,418.4
2024-11-04 20:00:00,-15.01,-0.3,441.8
2024-11-04 21:00:00,-12.34,0.49,404.1
2024-11-04 22:00:00,-5.63,-4.84,423.5
2024-11-04 23:00:00,-16.58,3.48,443.7
2024-11-05 00:00:00,-7.65,0.78,440.7
2024-11-05 01:00:00,-11.44,-0.21,388.4
2024-11-05 02:00:00,-7.56,1.81,431.1
2024-11-05 03:00:00,-7.21,-2.36,407.5
2024-11-05 04:00:00,-6.95,-1.1,433.5
2024-11-05 05:00:00,-5.2,1.11,417.1
2024-11-05 06:00:00,-8.4,0.09,408.3
2024-11-05 07:00:00,-2.08,0.89,413.0
2024-11-05 08:00:00,-11.05,0.5,407.7
2024-11-05 09:00:00,-4.85,1.26,408.8
2024-11-05 10:00:00,-8.48,-2.64,395.2
2024-11-05 11:00:00,-12.22,2.56,392.4
2024-11-05 12:00:00,-9.39,-0.97,452.9
2024-11-05 13:00:00,-15.96,0.12,414.3
2024-11-05 14:00:00,-12.38,-1.2,382.8
2024-11-05 15:00:00,-17.8,-0.57,391.7
2024-11-05 16:00:00,-12.95,0.46,431.7
2024-11-05 17:00:00,-17.6,1.47,377.9
2024-11-05 18:00:00,-16.35,1.8,355.5
2024-11-05 19:00:00,-13.95,0.87,357.7
2024-11-05 20:00:00,-16.65,-1.19,348.1
2024-11-05 21:00:00,-13.71,0.74,361.0
2024-11-05 22:00:00,-17.04,0.48,364.6
2024-11-05 23:00:00,-9.4,0.12,441.6
2024-11-06 00:00:00,-4.71,1.07,398.6
2024-11-06 01:00:00,-0.33,-2.55,389.1
2024-11-06 02:00:00,-7.23,-4.05,356.7
2024-11-06 03:00:00,-4.1,2.38,395.7
2024-11-06 04:00:00,-11.01,-0.26,347.9
2024-11-06 05:00:00,-0.66,0.83,388.9
2024-11-06 06:00:00,-2.67,-1.74,461.9
2024-11-06 07:00:00,-6.62,2.52,419.9
2024-11-06 08:00:00,-1.96,0.7,393.7
2024-11-06 09:00:00,-7.23,-0.36,420.9
2024-11-06 10:00:00,-8.87,0.57,384.4
2024-11-06 11:00:00,-7.28,-3.48,376.0
2024-11-06 12:00:00,-13.19,0.75,451.1
2024-11-06 13:00:00,-8.23,2.97,365.7
2024-11-06 14:00:00,-15.67,0.63,389.4
2024-11-06 15:00:00,-16.69,0.37,409.2
2024-11-06 16:00:00,-17.06,-0.63,371.9
2024-11-06 17:00:00,-12.55,2.17,419.5
2024-11-06 18:00:00,-16.85,2.46,390.8
2024-11-06 19:00:00,-18.87,-0.86,419.9
2024-11-06 20:00:00,-16.15,0.72,417.6
2024-11-06 21:00:00,-13.63,0.46,392.7
2024-11-06 22:00:00,-16.04,0.8,451.3
2024-11-06 23:00:00,-14.75,-1.55,380.0
2024-11-07 00:00:00,-3.67,2.29,440.5
2024-11-07 01:00:00,-11.29,1.13,435.2
2024-11-07 02:00:00,-8.47,2.4,453.1
2024-11-07 03:00:00,-7.57,-2.23,405.2
2024-11-07 04:00:00,-6.93,-2.11,376.3
2024-11-07 05:00:00,-3.31,4.12,462.3
2024-11-07 06:00:00,-2.16,2.29,390.0
2024-11-07 07:00:00,-6.09,-1.63,375.6
2024-11-07 08:00:00,-9.38,1.74,394.3
2024-11-07 09:00:00,-2.64,-0.93,370.5
2024-11-07 10:00:00,-7.79,-3.4,415.8
2024-11-07 11:00:00,-3.51,-4.2,381.8
2024-11-07 12:00:00,-16.74,-0.04,391.4
2024-11-07 13:00:00,-10.71,3.12,429.0
2024-11-07 14:00:00,-6.74,3.04,418.7
2024-11-07 15:00:00,-14.6,2.52,400.5
2024-11-07 16:00:00,-15.01,1.66,405.1
2024-11-07 17:00:00,-13.94,0.63,400.4
2024-11-07 18:00:00,-16.68,2.3,387.1
2024-11-07 19:00:00,-15.77,-4.02,399.9
2024-11-07 20:00:00,-15.34,1.98,414.7
2024-11-07 21:00:00,-15.42,-2.24,396.2
2024-11-07 22:00:00,-8.81,-1.83,412.6
2024-11-07 23:00:00,-9.91,1.39,374.9
2024-11-08 00:00:00,-9.25,1.86,381.9
2024-11-08 01:00:00,-6.28,-1.22,378.0
2024-11-08 02:00:00,-8.29,1.29,383.0
2024-11-08 03:00:00,-8.79,1.13,438.6
2024-11-08 04:00:00,-7.48,-0.62,421.8
2024-11-08 05:00:00,-5.17,0.31,367.7
2024-11-08 06:00:00,-8.18,4.16,413.1
2024-11-08 07:00:00,-6.67,-0.56,388.3
2024-11-08 08:00:00,-7.22,-0.49,379.5
2024-11-08 09:00:00,-0.09,0.3,355.4
2024-11-08 10:00:00,-15.82,-0.37,429.2
2024-11-08 11:00:00,-9.24,1.58,359.1
2024-11-08 12:00:00,-4.82,2.94,398.4
2024-11-08 13:00:00,-10.93,-0.49,371.6
2024-11-08 14:00:00,-10.24,-1.71,423.3
2024-11-08 15:00:00,-13.24,3.95,390.0
2024-11-08 16:00:00,-16.33,0.24,396.0
2024-11-08 17:00:00,-21.56,-3.41,397.0
2024-11-08 18:00:00,-14.38,3.72,409.1
2024-11-08 19:00:00,-17.16,2.25,400.4
2024-11-08 20:00:00,-16.73,3.2,398.7
2024-11-08 21:00:00,-15.03,2.87,384.4
2024-11-08 22:00:00,-7.27,5.29,352.8
2024-11-08 23:00:00,-4.08,-2.07,366.4
2024-11-09 00:00:00,-9.35,-1.59,421.6
2024-11-09 01:00:00,-10.1,-0.98,390.8
2024-11-09 02:00:00,-11.03,-1.04,380.1
2024-11-09 03:00:00,-5.06,0.25,357.8
2024-11-09 04:00:00,-0.32,-0.98,348.4
2024-11-09 05:00:00,-5.91,-2.38,378.9
2024-11-09 06:00:00,-12.14,-1.75,426.6
2024-11-09 07:00:00,-3.16,-0.59,383.3
2024-11-09 08:00:00,-2.71,2.29,412.0
2024-11-09 09:00:00,-11.22,-1.15,381.9
2024-11-09 10:00:00,-6.97,1.62,419.2
2024-11-09 11:00:00,-7.35,-2.64,389.4
2024-11-09 12:00:00,-10.22,-6.4,363.0
2024-11-09 13:00:00,-13.67,-0.27,391.9
2024-11-09 14:00:00,-9.45,-1.22,455.0
2024-11-09 15:00:00,-14.75,-1.76,453.7
2024-11-09 16:00:00,-18.79,-2.0,414.6
2024-11-09 17:00:00,-20.98,-1.42,395.9
2024-11-09 18:00:00,-11.22,-1.97,409.1
2024-11-09 19:00:00,-12.98,-1.79,409.5
2024-11-09 20:00:00,-14.07,-2.72,398.8
2024-11-09 21:00:00,-14.86,-4.26,413.2
2024-11-09 22:00:00,-14.09,-4.42,406.2
2024-11-09 23:00:00,-14.52,4.92,390.5
2024-11-10 00:00:00,-11.29,-0.13,364.1
2024-11-10 01:00:00,-15.07,3.05,386.2
2024-11-10 02:00:00,-9.71,-0.36,424.0
2024-11-10 03:00:00,-7.4,-0.29,399.1
2024-11-10 04:00:00,-3.84,0.61,409.0
2024-11-10 05:00:00,-5.29,1.28,391.5
2024-11-10 06:00:00,-2.62,-2.49,368.2
2024-11-10 07:00:00,-1.12,-0.76,392.8
2024-11-10 08:00:00,-2.5,0.61,369.3
2024-11-10 09:00:00,-5.05,-3.87,367.4
2024-11-10 10:00:00,-7.46,2.59,436.2
2024-11-10 11:00:00,-11.65,2.13,387.4
2024-11-10 12:00:00,-7.78,-4.2,377.8
2024-11-10 13:00:00,-6.25,-1.76,448.5
2024-11-10 14:00:00,-11.47,0.21,424.4
2024-11-10 15:00:00,-7.78,1.68,388.9
2024-11-10 16:00:00,-18.91,3.05,412.8
2024-11-10 17:00:00,-18.29,-1.27,392.9
2024-11-10 18:00:00,-12.43,4.68,379.2
2024-11-10 19:00:00,-14.04,-0.1,414.2
2024-11-10 20:00:00,-10.39,-0.45,390.3
2024-11-10 21:00:00,-13.58,1.12,402.3
2024-11-10 22:00:00,-15.1,0.62,430.6
2024-11-10 23:00:00,-11.93,0.51,427.3
2024-11-11 00:00:00,-14.6,3.99,383.5
2024-11-11 01:00:00,-12.09,0.49,414.6
2024-11-11 02:00:00,-4.58,-1.97,366.2
2024-11-11 03:00:00,-3.85,-1.68,413.5
2024-11-11 04:00:00,-4.58,2.95,404.5
2024-11-11 05:00:00,-10.33,1.37,411.4
2024-11-11 06:00:00,-6.08,-3.11,391.1
2024-11-11 07:00:00,-8.85,-3.21,462.5
2024-11-11 08:00:00,-2.14,0.05,373.0
2024-11-11 09:00:00,-8.22,1.23,429.1
2024-11-11 10:00:00,-10.76,-1.36,369.0
2024-11-11 11:00:00,-8.62,-3.36,415.1
2024-11-11 12:00:00,-11.92,-2.25,417.3
2024-11-11 13:00:00,-6.84,3.29,401.6
2024-11-11 14:00:00,-14.7,0.99,385.1
2024-11-11 15:00:00,-17.73,2.0,404.2
2024-11-11 16:00:00,-20.79,2.33,408.0
2024-11-11 17:00:00,-14.92,-1.25,453.7
2024-11-11 18:00:00,-16.69,-0.75,373.8
2024-11-11 19:00:00,-19.12,-0.34,383.3
2024-11-11 20:00:00,-10.76,0.83,408.5
2024-11-11 21:00:00,-11.53,2.18,392.3
2024-11-11 22:00:00,-12.58,3.74,397.0
2024-11-11 23:00:00,-7.2,1.63,432.1
2024-11-12 00:00:00,-8.01,1.64,315.4
2024-11-12 01:00:00,-11.17,3.85,382.1
2024-11-12 02:00:00,-10.62,-0.41,347.7
2024-11-12 03:00:00,-4.01,2.38,364.1
2024-11-12 04:00:00,-4.48,1.16,472.1
2024-11-12 05:00:00,-4.66,1.23,417.9
2024-11-12 06:00:00,-7.54,-0.43,428.5
2024-11-12 07:00:00,-3.35,-2.79,397.6
2024-11-12 08:00:00,-7.94,0.69,422.8
2024-11-12 09:00:00,-6.77,0.7,347.0
2024-11-12 10:00:00,-3.16,-1.15,431.1
2024-11-12 11:00:00,-10.69,-0.19,375.4
2024-11-12 12:00:00,-14.72,-1.76,384.1
2024-11-12 13:00:00,-14.45,-1.75,415.2
2024-11-12 14:00:00,-9.52,-0.96,409.5
2024-11-12 15:00:00,-12.77,-2.66,402.5
2024-11-12 16:00:00,-14.72,-1.17,359.1
2024-11-12 17:00:00,-16.36,1.43,403.0
2024-11-12 18:00:00,-13.54,2.91,428.8
2024-11-12 19:00:00,-17.38,4.15,384.0
2024-11-12 20:00:00,-13.41,-0.8,439.4
2024-11-12 21:00:00,-15.73,2.4,373.8
2024-11-12 22:00:00,-15.19,0.67,400.2
2024-11-12 23:00:00,-13.21,-0.47,446.1
2024-11-13 00:00:00,-11.13,0.8,379.6
2024-11-13 01:00:00,-8.85,2.2,431.6
2024-11-13 02:00:00,-6.79,-1.0,459.2
2024-11-13 03:00:00,-17.53,-1.04,405.1
2024-11-13 04:00:00,-8.09,-0.82,384.2
2024-11-13 05:00:00,-6.35,-1.25,376.8
2024-11-13 06:00:00,-0.48,2.4,439.1
2024-11-13 07:00:00,-8.41,-1.53,438.3
2024-11-13 08:00:00,-5.18,-1.18,443.5
2024-11-13 09:00:00,-1.98,0.62,399.0
2024-11-13 10:00:00,-11.44,0.46,431.1
2024-11-13 11:00:00,-7.52,-0.82,398.5
2024-11-13 12:00:00,-12.41,3.37,373.5
2024-11-13 13:00:00,-12.81,-1.26,433.7
2024-11-13 14:00:00,-14.91,-0.34,449.0
2024-11-13 15:00:00,-15.73,-3.85,369.4
2024-11-13 16:00:00,-6.16,-0.61,368.8
2024-11-13 17:00:00,-12.3,-2.65,401.2
2024-11-13 18:00:00,-11.69,-1.83,428.7
2024-11-13 19:00:00,-13.35,-3.91,366.0
2024-11-13 20:00:00,-19.15,-1.79,406.8
2024-11-13 21:00:00,-12.35,-0.15,382.3
2024-11-13 22:00:00,-9.28,-0.49,421.0
2024-11-13 23:00:00,-13.85,-0.83,376.1
2024-11-14 00:00:00,-7.1,-0.65,423.2
2024-11-14 01:00:00,-6.59,-1.01,395.3
2024-11-14 02:00:00,-1.94,-0.07,371.9
2024-11-14 03:00:00,-7.72,-0.22,401.9
2024-11-14 04:00:00,-8.96,0.55,341.9
2024-11-14 05:00:00,-6.26,-0.4,383.2
2024-11-14 06:00:00,-0.69,-0.87,410.1
2024-11-14 07:00:00,-10.66,1.56,346.8
2024-11-14 08:00:00,-11.88,1.21,322.9
2024-11-14 09:00:00,-6.2,-0.06,329.8
2024-11-14 10:00:00,-8.83,2.39,439.8
2024-11-14 11:00:00,-8.68,0.17,397.7
2024-11-14 12:00:00,-7.16,-0.32,384.0
2024-11-14 13:00:00,-12.95,-0.14,428.4
2024-11-14 14:00:00,-18.12,0.33,387.9
2024-11-14 15:00:00,-7.4,-1.83,408.1
2024-11-14 16:00:00,-17.32,-3.75,400.8
2024-11-14 17:00:00,-18.01,0.56,385.9
2024-11-14 18:00:00,-11.69,1.67,408.8
2024-11-14 19:00:00,-15.98,-2.0,423.2
2024-11-14 20:00:00,-14.52,2.15,394.5
2024-11-14 21:00:00,-12.09,-3.29,386.2
2024-11-14 22:00:00,-9.25,-1.12,389.7
2024-11-14 23:00:00,-12.29,3.41,331.1
2024-11-15 00:00:00,-5.44,0.71,408.5
2024-11-15 01:00:00,-15.11,-0.6,363.7
2024-11-15 02:00:00,-5.22,0.5,418.9
2024-11-15 03:00:00,-8.98,2.39,397.3
2024-11-15 04:00:00,-1.55,-2.89,403.2
2024-11-15 05:00:00,-4.74,2.64,421.0
2024-11-15 06:00:00,-7.02,-0.98,372.2
2024-11-15 07:00:00,-3.18,1.42,411.1
2024-11-15 08:00:00,-2.99,-1.23,408.0
2024-11-15 09:00:00,-4.54,3.37,394.5
2024-11-15 10:00:00,-10.59,-0.06,372.2
2024-11-15 11:00:00,-10.16,-2.66,417.9
2024-11-15 12:00:00,-10.01,0.94,421.1
2024-11-15 13:00:00,-11.42,2.6,403.4
2024-11-15 14:00:00,-10.25,2.38,367.9
2024-11-15 15:00:00,-19.58,0.19,384.2
2024-11-15 16:00:00,-13.33,1.62,398.2
2024-11-15 17:00:00,-15.7,-0.84,420.7
2024-11-15 18:00:00,-17.52,1.18,352.5
2024-11-15 19:00:00,-17.06,0.73,383.1
2024-11-15 20:00:00,-14.97,-5.79,387.9
2024-11-15 21:00:00,-24.34,-2.0,397.5
2024-11-15 22:00:00,-14.6,0.42,361.0
2024-11-15 23:00:00,-13.92,0.33,393.5
2024-11-16 00:00:00,-8.4,-0.06,390.7
2024-11-16 01:00:00,-11.12,0.18,368.9
2024-11-16 02:00:00,-8.15,2.42,396.5
2024-11-16 03:00:00,-1.84,0.71,383.8
2024-11-16 04:00:00,-2.69,-4.67,414.9
2024-11-16 05:00:00,-2.46,3.9,373.4
2024-11-16 06:00:00,-6.5,-3.81,402.7
2024-11-16 07:00:00,-3.54,1.92,375.7
2024-11-16 08:00:00,-6.37,-3.13,382.0
2024-11-16 09:00:00,-7.05,2.85,408.9
2024-11-16 10:00:00,-6.27,-0.56,407.0
2024-11-16 11:00:00,-10.5,0.77,387.5
2024-11-16 12:00:00,-5.52,-3.97,391.9
2024-11-16 13:00:00,-11.77,1.46,356.4
2024-11-16 14:00:00,-10.64,0.83,442.1
2024-11-16 15:00:00,-9.17,1.23,420.6
2024-11-16 16:00:00,-11.24,1.9,419.5
2024-11-16 17:00:00,-19.06,0.36,352.1
2024-11-16 18:00:00,-13.67,-0.42,382.1
2024-11-16 19:00:00,-12.28,-1.62,390.0
2024-11-16 20:00:00,-11.65,-0.89,342.1
2024-11-16 21:00:00,-16.88,2.41,426.7
2024-11-16 22:00:00,-14.47,-1.68,443.6
2024-11-16 23:00:00,-8.31,-3.69,461.9
2024-11-17 00:00:00,-12.29,-1.98,368.6
2024-11-17 01:00:00,-9.6,1.21,403.5
2024-11-17 02:00:00,-2.77,-0.61,439.7
2024-11-17 03:00:00,-6.61,1.21,392.4
2024-11-17 04:00:00,-7.85,-4.0,383.0
2024-11-17 05:00:00,-7.8,-5.97,344.0
2024-11-17 06:00:00,-4.0,0.53,434.0
2024-11-17 07:00:00,-9.17,2.01,399.4
2024-11-17 08:00:00,-6.41,-3.42,378.1
2024-11-17 09:00:00,-5.46,1.05,408.5
2024-11-17 10:00:00,-3.6,2.38,404.6
2024-11-17 11:00:00,-6.7,-0.01,405.0
2024-11-17 12:00:00,-12.14,1.8,393.5
2024-11-17 13:00:00,-7.76,0.38,448.7
2024-11-17 14:00:00,-13.4,-0.53,396.0
2024-11-17 15:00:00,-17.24,1.64,448.6
2024-11-17 16:00:00,-14.85,3.83,416.9
2024-11-17 17:00:00,-10.52,-1.12,410.5
2024-11-17 18:00:00,-14.5,-0.18,396.6
2024-11-17 19:00:00,-14.79,-1.98,429.2
2024-11-17 20:00:00,-9.42,0.31,403.4
2024-11-17 21:00:00,-17.83,-0.31,372.0
2024-11-17 22:00:00,-16.36,2.32,371.0
2024-11-17 23:00:00,-16.14,2.84,412.7
2024-11-18 00:00:00,-8.88,1.58,372.8
2024-11-18 01:00:00,-8.21,2.09,398.1
2024-11-18 02:00:00,-2.87,-1.41,431.7
2024-11-18 03:00:00,-5.73,-1.91,409.1
2024-11-18 04:00:00,-6.88,0.87,378.3
2024-11-18 05:00:00,-5.16,0.04,442.3
2024-11-18 06:00:00,-4.65,4.0,416.4
2024-11-18 07:00:00,-10.19,-3.84,430.5
2024-11-18 08:00:00,2.46,1.24,332.0
2024-11-18 09:00:00,-4.9,1.21,409.9
2024-11-18 10:00:00,-6.87,-1.52,425.3
2024-11-18 11:00:00,-6.86,-1.94,451.0
2024-11-18 12:00:00,-7.87,-0.68,356.1
2024-11-18 13:00:00,-11.72,-3.28,436.2
2024-11-18 14:00:00,-14.39,2.91,449.3
2024-11-18 15:00:00,-11.74,5.4,339.5
2024-11-18 16:00:00,-13.17,-0.68,414.4
2024-11-18 17:00:00,-17.26,-1.28,418.5
2024-11-18 18:00:00,-10.74,-2.62,390.2
2024-11-18 19:00:00,-13.95,-2.19,385.3
2024-11-18 20:00:00,-12.14,-1.18,420.0
2024-11-18 21:00:00,-9.36,2.42,381.6
2024-11-18 22:00:00,-12.43,6.39,393.5
2024-11-18 23:00:00,-10.34,-1.45,424.4
2024-11-19 00:00:00,-7.57,-1.8,452.6
2024-11-19 01:00:00,-10.88,-2.34,416.1
2024-11-19 02:00:00,-7.34,0.9,404.0
2024-11-19 03:00:00,-6.09,0.69,384.5
2024-11-19 04:00:00,-8.54,0.2,369.7
2024-11-19 05:00:00,1.78,-0.89,433.3
2024-11-19 06:00:00,-9.22,2.72,395.4
2024-11-19 07:00:00,-9.06,1.53,434.5
2024-11-19 08:00:00,-1.73,1.44,390.1
2024-11-19 09:00:00,-4.32,0.74,380.5
2024-11-19 10:00:00,-10.58,-0.38,412.6
2024-11-19 11:00:00,-6.88,-1.43,397.7
2024-11-19 12:00:00,-5.6,1.04,363.8
2024-11-19 13:00:00,-11.38,0.85,454.5
2024-11-19 14:00:00,-4.7,1.13,381.2
2024-11-19 15:00:00,-18.71,-3.13,427.8
2024-11-19 16:00:00,-12.25,0.68,425.3
2024-11-19 17:00:00,-11.33,-0.62,362.2
2024-11-19 18:00:00,-12.33,-1.76,369.9
2024-11-19 19:00:00,-15.44,1.46,391.0
2024-11-19 20:00:00,-15.2,0.35,374.0
2024-11-19 21:00:00,-12.2,4.71,451.8
2024-11-19 22:00:00,-10.05,0.97,394.0
2024-11-19 23:00:00,-9.49,-0.59,426.7
2024-11-20 00:00:00,-6.88,-0.22,415.4
2024-11-20 01:00:00,-11.76,-2.34,407.9
2024-11-20 02:00:00,-8.18,2.46,401.2
2024-11-20 03:00:00,-9.28,0.63,437.1
2024-11-20 04:00:00,-6.83,0.66,375.2
2024-11-20 05:00:00,-2.12,-2.13,451.8
2024-11-20 06:00:00,-4.68,1.56,361.4
2024-11-20 07:00:00,2.65,-1.87,423.4
2024-11-20 08:00:00,-5.09,-1.11,357.8
2024-11-20 09:00:00,-6.29,0.25,390.5
2024-11-20 10:00:00,-7.18,-1.16,402.8
2024-11-20 11:00:00,-10.62,-1.58,385.4
2024-11-20 12:00:00,-10.17,-0.1,394.5
2024-11-20 13:00:00,-7.91,2.02,358.4
2024-11-20 14:00:00,-12.16,1.79,370.4
2024-11-20 15:00:00,-15.92,1.41,414.9
2024-11-20 16:00:00,-17.11,0.97,400.9
2024-11-20 17:00:00,-16.18,-0.95,379.3
2024-11-20 18:00:00,-14.78,2.24,439.7
2024-11-20 19:00:00,-11.25,-3.47,363.4
2024-11-20 20:00:00,-18.35,0.87,389.2
2024-11-20 21:00:00,-14.5,1.68,384.8
2024-11-20 22:00:00,-12.07,-0.18,418.5
2024-11-20 23:00:00,-16.8,-1.44,401.4
2024-11-21 00:00:00,-12.5,-0.07,396.8
2024-11-21 01:00:00,-10.75,-1.52,344.7
2024-11-21 02:00:00,-9.89,1.03,426.0
2024-11-21 03:00:00,-5.89,1.89,393.5
2024-11-21 04:00:00,-6.15,0.89,403.5
2024-11-21 05:00:00,-6.84,0.77,377.5
2024-11-21 06:00:00,-3.72,1.52,372.8
2024-11-21 07:00:00,-0.0,1.75,445.0
2024-11-21 08:00:00,-0.75,-1.56,346.8
2024-11-21 09:00:00,-12.23,-3.08,368.4
2024-11-21 10:00:00,-5.77,0.56,444.4
2024-11-21 11:00:00,-9.24,1.85,419.2
2024-11-21 12:00:00,-9.53,-3.16,390.2
2024-11-21 13:00:00,-12.49,0.14,437.4
2024-11-21 14:00:00,-12.15,2.26,413.4
2024-11-21 15:00:00,-13.08,-0.23,407.0
2024-11-21 16:00:00,-16.07,3.04,406.8
2024-11-21 17:00:00,-17.52,2.67,414.0
2024-11-21 18:00:00,-16.35,-0.37,415.2
2024-11-21 19:00:00,-14.13,-0.74,465.9
2024-11-21 20:00:00,-12.53,-0.7,394.2
2024-11-21 21:00:00,-10.98,0.27,395.1
2024-11-21 22:00:00,-13.98,-2.35,362.9
2024-11-21 23:00:00,-10.44,-2.72,398.4
2024-11-22 00:00:00,-7.11,-4.54,455.9
2024-11-22 01:00:00,-5.21,-0.04,429.5
2024-11-22 02:00:00,-7.68,4.08,383.7
2024-11-22 03:00:00,-7.13,-3.98,400.9
2024-11-22 04:00:00,-5.1,-0.37,361.1
2024-11-22 05:00:00,-8.62,-0.43,370.9
2024-11-22 06:00:00,-5.58,-0.3,404.5
2024-11-22 07:00:00,-2.94,2.51,385.2
2024-11-22 08:00:00,-3.74,-1.78,368.7
2024-11-22 09:00:00,-7.28,-3.89,414.7
2024-11-22 10:00:00,-6.85,-1.07,397.5
2024-11-22 11:00:00,-11.18,-1.34,353.0
2024-11-22 12:00:00,-7.89,-4.46,337.7
2024-11-22 13:00:00,-11.53,0.49,382.9
2024-11-22 14:00:00,-13.33,-2.37,352.4
2024-11-22 15:00:00,-14.62,-0.17,343.9
2024-11-22 16:00:00,-14.52,-0.73,433.9
2024-11-22 17:00:00,-16.17,-2.15,397.1
2024-11-22 18:00:00,-13.03,1.78,392.0
2024-11-22 19:00:00,-16.02,-0.56,394.3
2024-11-22 20:00:00,-9.55,0.11,365.9
2024-11-22 21:00:00,-9.14,1.17,412.3
2024-11-22 22:00:00,-15.17,0.58,396.1
2024-11-22 23:00:00,-11.08,0.29,377.3
2024-11-23 00:00:00,-11.95,-1.65,381.8
2024-11-23 01:00:00,-9.69,-2.22,363.2
2024-11-23 02:00:00,-1.49,0.32,387.8
2024-11-23 03:00:00,-7.39,-1.92,392.8
2024-11-23 04:00:00,-4.59,1.59,387.0
2024-11-23 05:00:00,-3.55,-0.26,401.7
2024-11-23 06:00:00,-8.0,1.3,397.6
2024-11-23 07:00:00,-7.74,-1.97,406.9
2024-11-23 08:00:00,-9.29,-2.28,428.3
2024-11-23 09:00:00,-9.12,3.36,417.8
2024-11-23 10:00:00,-16.05,-0.3,428.6
2024-11-23 11:00:00,-7.07,1.83,374.6
2024-11-23 12:00:00,-3.84,-2.82,384.7
2024-11-23 13:00:00,-10.85,-0.57,419.6
2024-11-23 14:00:00,-16.75,2.6,420.1
2024-11-23 15:00:00,-15.46,-3.13,379.6
2024-11-23 16:00:00,-15.71,4.55,418.3
2024-11-23 17:00:00,-17.88,0.41,371.7
2024-11-23 18:00:00,-12.42,-1.64,414.4
2024-11-23 19:00:00,-12.4,0.7,399.2
2024-11-23 20:00:00,-17.8,2.22,358.5
2024-11-23 21:00:00,-11.36,-1.65,387.0
2024-11-23 22:00:00,-7.92,-1.36,465.5
2024-11-23 23:00:00,-5.59,0.5,406.1
2024-11-24 00:00:00,-1.4,0.93,469.0
2024-11-24 01:00:00,-11.41,-0.4,356.7
2024-11-24 02:00:00,0.97,0.8,422.5
2024-11-24 03:00:00,-7.53,1.71,324.0
2024-11-24 04:00:00,-7.45,0.35,400.0
2024-11-24 05:00:00,-4.19,-1.38,418.9
2024-11-24 06:00:00,-6.75,-0.04,425.1
2024-11-24 07:00:00,-3.97,3.51,376.0
2024-11-24 08:00:00,-9.63,0.67,431.2
2024-11-24 09:00:00,-7.18,2.48,384.0
2024-11-24 10:00:00,-3.64,-1.03,395.1
2024-11-24 11:00:00,-8.88,0.53,387.0
2024-11-24 12:00:00,-9.58,1.59,365.9
2024-11-24 13:00:00,-9.87,3.0,447.1
2024-11-24 14:00:00,-8.99,2.46,401.4
2024-11-24 15:00:00,-18.5,-2.24,432.6
2024-11-24 16:00:00,-12.58,2.3,431.3
2024-11-24 17:00:00,-15.63,3.37,371.0
2024-11-24 18:00:00,-14.5,-1.15,436.5
2024-11-24 19:00:00,-11.65,-1.79,415.1
2024-11-24 20:00:00,-17.91,-0.05,368.8
2024-11-24 21:00:00,-16.57,0.36,413.5
2024-11-24 22:00:00,-18.31,-0.7,369.3
2024-11-24 23:00:00,-12.94,-2.37,448.2
2024-11-25 00:00:00,-6.01,2.94,424.4
2024-11-25 01:00:00,-9.07,-1.72,397.9
2024-11-25 02:00:00,-11.52,-1.01,437.9
2024-11-25 03:00:00,-7.92,0.22,352.5
2024-11-25 04:00:00,-10.13,-2.94,377.5
2024-11-25 05:00:00,-8.55,-3.1,392.4
2024-11-25 06:00:00,-3.83,-0.86,467.1
2024-11-25 07:00:00,-8.69,1.65,367.9
2024-11-25 08:00:00,-2.33,0.38,348.8
2024-11-25 09:00:00,-6.68,-4.12,356.7
2024-11-25 10:00:00,-7.24,2.78,427.2
2024-11-25 11:00:00,-9.54,1.59,382.2
2024-11-25 12:00:00,-7.68,0.38,395.2
2024-11-25 13:00:00,-8.94,0.33,422.9
2024-11-25 14:00:00,-11.49,1.35,395.3
2024-11-25 15:00:00,-11.84,4.65,406.1
2024-11-25 16:00:00,-14.97,1.76,416.1
2024-11-25 17:00:00,-13.2,0.59,387.1
2024-11-25 18:00:00,-16.01,-2.45,395.0
2024-11-25 19:00:00,-14.82,0.33,407.3
2024-11-25 20:00:00,-15.15,1.55,426.0
2024-11-25 21:00:00,-14.91,-0.23,376.2
2024-11-25 22:00:00,-14.57,-1.05,309.4
2024-11-25 23:00:00,-9.89,1.11,420.4
2024-11-26 00:00:00,-6.07,-1.98,427.8
2024-11-26 01:00:00,-5.19,1.74,406.0
2024-11-26 02:00:00,-11.27,-0.87,408.0
2024-11-26 03:00:00,-2.6,-4.24,383.1
2024-11-26 04:00:00,-6.62,-0.91,415.0
2024-11-26 05:00:00,-3.37,-0.11,425.6
2024-11-26 06:00:00,-7.72,1.1,401.7
2024-11-26 07:00:00,-4.74,0.87,474.7
2024-11-26 08:00:00,-4.73,-2.58,353.1
2024-11-26 09:00:00,-10.92,0.24,404.9
2024-11-26 10:00:00,-5.68,-1.07,364.8
2024-11-26 11:00:00,-4.67,-0.72,426.4
2024-11-26 12:00:00,-10.52,-2.0,352.6
2024-11-26 13:00:00,-7.21,-0.1,360.0
2024-11-26 14:00:00,-13.07,6.26,381.0
2024-11-26 15:00:00,-10.99,3.71,408.0
2024-11-26 16:00:00,-20.99,-2.0,382.1
2024-11-26 17:00:00,-7.57,0.13,382.4
2024-11-26 18:00:00,-10.51,-0.63,394.6
2024-11-26 19:00:00,-15.68,0.28,392.7
2024-11-26 20:00:00,-20.25,1.83,444.6
2024-11-26 21:00:00,-12.67,-0.26,420.6
2024-11-26 22:00:00,-16.83,-1.42,390.3
2024-11-26 23:00:00,-9.96,2.31,462.9
2024-11-27 00:00:00,-8.77,-2.47,414.7
2024-11-27 01:00:00,-11.53,0.38,370.9
2024-11-27 02:00:00,-4.14,-2.97,407.7
2024-11-27 03:00:00,-4.05,-2.05,416.1
2024-11-27 04:00:00,-2.74,1.49,379.4
2024-11-27 05:00:00,-5.14,-1.36,368.4
2024-11-27 06:00:00,-9.25,-3.75,402.6
2024-11-27 07:00:00,-2.24,-1.45,389.2
2024-11-27 08:00:00,-6.48,-1.66,444.4
2024-11-27 09:00:00,-10.63,-2.52,422.2
2024-11-27 10:00:00,-3.44,1.1,380.8
2024-11-27 11:00:00,-2.41,-3.09,412.8
2024-11-27 12:00:00,-10.12,-1.18,438.0
2024-11-27 13:00:00,-4.82,0.27,358.2
2024-11-27 14:00:00,-12.23,-0.69,369.3
2024-11-27 15:00:00,-14.68,-0.81,399.7
2024-11-27 16:00:00,-16.22,-1.45,401.1
2024-11-27 17:00:00,-9.92,-2.44,398.4
2024-11-27 18:00:00,-17.34,-1.27,390.7
2024-11-27 19:00:00,-12.62,1.32,390.2
2024-11-27 20:00:00,-16.01,-0.87,411.5
2024-11-27 21:00:00,-14.92,0.33,434.0
2024-11-27 22:00:00,-9.41,2.23,385.6
2024-11-27 23:00:00,-12.43,1.2,473.2
2024-11-28 00:00:00,-11.21,-2.55,458.8
2024-11-28 01:00:00,-5.31,0.9,439.9
2024-11-28 02:00:00,-2.71,2.1,418.7
2024-11-28 03:00:00,-4.53,-1.16,460.2
2024-11-28 04:00:00,-7.63,-3.17,391.3
2024-11-28 05:00:00,-6.7,-0.88,375.0
2024-11-28 06:00:00,-4.76,0.38,384.2
2024-11-28 07:00:00,-4.21,1.18,369.9
2024-11-28 08:00:00,-8.63,-1.04,403.7
2024-11-28 09:00:00,-4.3,-4.07,409.0
2024-11-28 10:00:00,-7.24,-2.55,406.0
2024-11-28 11:00:00,-13.85,0.72,399.6
2024-11-28 12:00:00,-12.79,3.98,404.0
2024-11-28 13:00:00,-12.81,-0.04,452.1
2024-11-28 14:00:00,-12.72,2.63,418.6
2024-11-28 15:00:00,-7.87,-2.11,427.7
2024-11-28 16:00:00,-13.62,-1.3,405.7
2024-11-28 17:00:00,-17.35,-4.68,351.5
2024-11-28 18:00:00,-14.34,0.74,345.6
2024-11-28 19:00:00,-15.89,-1.79,462.5
2024-11-28 20:00:00,-13.36,1.2,384.0
2024-11-28 21:00:00,-11.79,-1.0,381.5
2024-11-28 22:00:00,-8.87,4.04,407.4
2024-11-28 23:00:00,-11.37,3.59,416.5
2024-11-29 00:00:00,-5.08,-4.61,420.3
2024-11-29 01:00:00,-5.98,1.18,453.2
2024-11-29 02:00:00,-9.62,-1.49,445.0
2024-11-29 03:00:00,0.17,1.29,375.7
2024-11-29 04:00:00,-4.69,-2.69,429.1
2024-11-29 05:00:00,-7.68,2.88,388.5
2024-11-29 06:00:00,-0.04,2.06,395.9
2024-11-29 07:00:00,1.06,-2.83,367.2
2024-11-29 08:00:00,-5.77,-0.36,349.2
2024-11-29 09:00:00,-7.98,0.32,399.1
2024-11-29 10:00:00,-8.02,1.44,371.3
2024-11-29 11:00:00,-6.56,-0.02,427.8
2024-11-29 12:00:00,-6.17,1.57,391.6
2024-11-29 13:00:00,-9.58,-0.14,409.3
2024-11-29 14:00:00,-12.19,1.22,441.0
2024-11-29 15:00:00,-9.04,-2.74,355.4
2024-11-29 16:00:00,-15.27,-0.05,378.3
2024-11-29 17:00:00,-11.74,2.3,405.4
2024-11-29 18:00:00,-15.86,2.82,409.4
2024-11-29 19:00:00,-13.54,0.35,433.1
2024-11-29 20:00:00,-14.67,-0.2,426.0
2024-11-29 21:00:00,-13.7,2.74,402.9
2024-11-29 22:00:00,-13.63,-0.2,409.1
2024-11-29 23:00:00,-7.26,2.29,409.9
2024-11-30 00:00:00,-12.2,-0.21,355.9
2024-11-30 01:00:00,-10.93,0.08,395.3
2024-11-30 02:00:00,-1.14,-2.21,407.5
2024-11-30 03:00:00,-3.53,-2.5,413.8
2024-11-30 04:00:00,-12.83,1.96,372.3
2024-11-30 05:00:00,-6.87,3.45,361.9
2024-11-30 06:00:00,-10.44,0.21,393.0
2024-11-30 07:00:00,-8.02,-0.33,459.0
2024-11-30 08:00:00,-15.09,2.05,375.4
2024-11-30 09:00:00,-6.88,0.67,435.2
2024-11-30 10:00:00,-10.93,-4.8,447.5
2024-11-30 11:00:00,-8.53,1.99,401.4
2024-11-30 12:00:00,-14.88,-2.67,379.6
2024-11-30 13:00:00,-11.05,-0.02,415.4
2024-11-30 14:00:00,-13.74,-0.88,405.8
2024-11-30 15:00:00,-9.03,-1.28,374.2
2024-11-30 16:00:00,-10.1,0.09,380.2
2024-11-30 17:00:00,-12.47,1.79,413.6
2024-11-30 18:00:00,-15.98,0.06,428.0
2024-11-30 19:00:00,-8.87,2.82,390.3
2024-11-30 20:00:00,-18.99,3.07,397.9
2024-11-30 21:00:00,-17.75,3.05,420.1
2024-11-30 22:00:00,-12.75,-0.11,394.8
2024-11-30 23:00:00,-4.53,-0.96,391.0
2024-12-01 00:00:00,-10.61,-0.07,377.3
2024-12-01 01:00:00,-9.26,2.25,376.8
2024-12-01 02:00:00,-11.83,2.13,480.1
2024-12-01 03:00:00,-3.63,-5.19,394.1
2024-12-01 04:00:00,-2.81,0.61,441.0
2024-12-01 05:00:00,-2.8,-4.74,450.5
2024-12-01 06:00:00,-6.89,-0.04,394.5
2024-12-01 07:00:00,-7.29,-1.06,411.1
2024-12-01 08:00:00,-9.55,-1.67,403.1
2024-12-01 09:00:00,-6.21,1.7,351.6
2024-12-01 10:00:00,-10.74,-1.29,353.4
2024-12-01 11:00:00,-12.24,-0.02,401.5
2024-12-01 12:00:00,-11.27,-1.86,387.3
2024-12-01 13:00:00,-12.76,0.15,456.7
2024-12-01 14:00:00,-14.11,1.92,392.9
2024-12-01 15:00:00,-12.14,-1.76,458.5
2024-12-01 16:00:00,-14.09,1.28,385.7
2024-12-01 17:00:00,-15.69,0.11,457.4
2024-12-01 18:00:00,-14.45,0.09,415.2
2024-12-01 19:00:00,-17.8,-0.7,416.9
2024-12-01 20:00:00,-14.01,1.55,384.6
2024-12-01 21:00:00,-13.08,1.34,417.3
2024-12-01 22:00:00,-17.01,-0.27,450.8
2024-12-01 23:00:00,-8.31,0.41,395.7
2024-12-02 00:00:00,-12.64,1.49,389.8
2024-12-02 01:00:00,-8.43,1.08,392.6
2024-12-02 02:00:00,-4.01,-0.61,448.6
2024-12-02 03:00:00,-3.69,2.33,425.7
2024-12-02 04:00:00,-5.57,1.73,443.4
2024-12-02 05:00:00,-6.26,4.22,409.4
2024-12-02 06:00:00,-2.16,-3.14,401.2
2024-12-02 07:00:00,-3.15,1.4,412.7
2024-12-02 08:00:00,-7.52,2.3,432.1
2024-12-02 09:00:00,-8.85,2.01,392.6
2024-12-02 10:00:00,-13.72,-0.51,441.1
2024-12-02 11:00:00,-8.24,-2.73,411.0
2024-12-02 12:00:00,-10.25,3.08,327.8
2024-12-02 13:00:00,-7.89,-0.96,426.5
2024-12-02 14:00:00,-11.42,-0.59,361.8
2024-12-02 15:00:00,-9.53,4.13,425.8
2024-12-02 16:00:00,-16.42,-2.55,427.0
2024-12-02 17:00:00,-11.42,1.64,409.9
2024-12-02 18:00:00,-16.59,-1.51,416.3
2024-12-02 19:00:00,-12.5,-1.55,433.0
2024-12-02 20:00:00,-18.71,0.34,385.1
2024-12-02 21:00:00,-12.83,1.35,423.8
2024-12-02 22:00:00,-18.45,1.9,434.9
2024-12-02 23:00:00,-12.1,2.16,452.8
2024-12-03 00:00:00,-8.68,-1.41,366.8
2024-12-03 01:00:00,-10.27,-2.29,412.3
2024-12-03 02:00:00,-10.65,-0.69,371.2
2024-12-03 03:00:00,-3.93,0.69,369.9
2024-12-03 04:00:00,-5.98,-0.41,410.8
2024-12-03 05:00:00,-6.64,-7.26,402.3
2024-12-03 06:00:00,-4.87,-3.65,434.4
2024-12-03 07:00:00,2.74,-0.48,389.6
2024-12-03 08:00:00,-2.21,1.71,396.0
2024-12-03 09:00:00,-2.98,-1.81,406.3
2024-12-03 10:00:00,-6.19,1.47,374.1
2024-12-03 11:00:00,-8.21,-2.99,378.3
2024-12-03 12:00:00,-17.19,0.51,433.5
2024-12-03 13:00:00,-13.33,0.53,383.5
2024-12-03 14:00:00,-13.94,0.94,435.5
2024-12-03 15:00:00,-19.16,-2.02,418.2
2024-12-03 16:00:00,-17.8,-3.1,353.6
2024-12-03 17:00:00,-20.77,1.45,415.9
2024-12-03 18:00:00,-15.11,-3.05,415.7
2024-12-03 19:00:00,-12.37,-1.54,412.7
2024-12-03 20:00:00,-11.01,2.78,395.7
2024-12-03 21:00:00,-12.29,0.34,371.8
2024-12-03 22:00:00,-15.39,0.74,440.4
2024-12-03 23:00:00,-17.09,1.25,397.0
2024-12-04 00:00:00,-15.27,1.18,373.5
2024-12-04 01:00:00,-12.51,-0.04,413.7
2024-12-04 02:00:00,-10.17,-1.8,377.7
2024-12-04 03:00:00,-6.94,5.37,371.5
2024-12-04 04:00:00,-8.71,-0.59,388.7
2024-12-04 05:00:00,-4.15,0.66,380.0
2024-12-04 06:00:00,-5.7,0.88,372.6
2024-12-04 07:00:00,-5.14,-1.07,424.2
2024-12-04 08:00:00,-2.25,-0.85,396.6
2024-12-04 09:00:00,-10.01,2.98,437.6
2024-12-04 10:00:00,-6.24,-1.48,374.4
2024-12-04 11:00:00,-8.75,0.82,348.2
2024-12-04 12:00:00,-11.0,1.79,404.5
2024-12-04 13:00:00,-8.64,-0.43,455.7
2024-12-04 14:00:00,-9.86,-0.19,415.9
2024-12-04 15:00:00,-16.38,1.91,496.5
2024-12-04 16:00:00,-14.88,-0.27,410.0
2024-12-04 17:00:00,-13.99,-4.15,407.1
2024-12-04 18:00:00,-15.82,3.01,335.3
2024-12-04 19:00:00,-13.07,-1.95,412.8
2024-12-04 20:00:00,-13.49,0.43,405.1
2024-12-04 21:00:00,-8.04,-2.64,387.8
2024-12-04 22:00:00,-17.09,-1.02,395.9
2024-12-04 23:00:00,-11.66,-0.87,398.0
2024-12-05 00:00:00,-12.73,0.35,394.6
2024-12-05 01:00:00,-6.89,-1.75,462.7
2024-12-05 02:00:00,-12.35,3.97,388.9
2024-12-05 03:00:00,-5.43,0.05,405.1
2024-12-05 04:00:00,-7.56,1.76,387.9
2024-12-05 05:00:00,-7.37,-0.02,423.5
2024-12-05 06:00:00,-9.34,1.99,405.3
2024-12-05 07:00:00,-6.57,-4.2,391.6
2024-12-05 08:00:00,-2.42,-1.41,342.2
2024-12-05 09:00:00,-6.54,-1.04,407.3
2024-12-05 10:00:00,-5.62,-1.06,390.7
2024-12-05 11:00:00,-3.71,1.04,398.2
2024-12-05 12:00:00,-9.21,1.17,364.5
2024-12-05 13:00:00,-12.97,-0.15,443.0
2024-12-05 14:00:00,-11.1,-0.1,425.7
2024-12-05 15:00:00,-15.17,4.88,442.9
2024-12-05 16:00:00,-15.84,0.65,434.4
2024-12-05 17:00:00,-19.39,-4.45,417.8
2024-12-05 18:00:00,-12.22,1.54,365.7
2024-12-05 19:00:00,-15.99,1.12,455.3
2024-12-05 20:00:00,-13.78,2.32,372.2
2024-12-05 21:00:00,-16.64,1.2,391.9
2024-12-05 22:00:00,-11.19,-1.81,421.2
2024-12-05 23:00:00,-13.58,1.78,422.7
2024-12-06 00:00:00,-10.43,0.2,417.2
2024-12-06 01:00:00,-6.07,2.09,388.0
2024-12-06 02:00:00,-5.13,3.1,381.8
2024-12-06 03:00:00,-6.53,-0.24,476.0
2024-12-06 04:00:00,-10.97,1.75,398.8
2024-12-06 05:00:00,3.81,2.07,395.1
2024-12-06 06:00:00,0.24,0.32,378.6
2024-12-06 07:00:00,-3.0,3.92,407.3
2024-12-06 08:00:00,-7.93,2.09,405.9
2024-12-06 09:00:00,-6.81,-1.17,399.5
2024-12-06 10:00:00,-9.13,0.52,411.5
2024-12-06 11:00:00,-4.91,1.72,452.9
2024-12-06 12:00:00,-9.21,3.84,382.1
2024-12-06 13:00:00,-13.65,1.24,401.3
2024-12-06 14:00:00,-13.91,0.58,380.6
2024-12-06 15:00:00,-10.17,2.53,408.8
2024-12-06 16:00:00,-9.53,-0.44,382.9
2024-12-06 17:00:00,-10.24,-1.98,384.2
2024-12-06 18:00:00,-12.73,1.41,356.2
2024-12-06 19:00:00,-15.59,-0.76,402.9
2024-12-06 20:00:00,-24.05,5.43,412.9
2024-12-06 21:00:00,-12.64,0.51,455.8
2024-12-06 22:00:00,-12.51,1.42,414.1
2024-12-06 23:00:00,-10.87,-1.26,386.5
2024-12-07 00:00:00,-9.84,2.53,359.2
2024-12-07 01:00:00,-12.68,-0.05,363.4
2024-12-07 02:00:00,-5.83,-0.25,361.1
2024-12-07 03:00:00,-4.57,-0.2,456.3
2024-12-07 04:00:00,-3.62,-2.58,408.6
2024-12-07 05:00:00,-2.33,-0.5,382.5
2024-12-07 06:00:00,-3.19,1.09,371.2
2024-12-07 07:00:00,-6.4,-3.09,374.3
2024-12-07 08:00:00,-5.88,2.04,381.7
2024-12-07 09:00:00,-6.19,-0.54,439.5
2024-12-07 10:00:00,-7.18,0.49,399.1
2024-12-07 11:00:00,-5.71,-4.47,356.6
2024-12-07 12:00:00,-8.07,0.45,469.3
2024-12-07 13:00:00,-5.06,-2.09,365.8
2024-12-07 14:00:00,-5.88,-0.7,382.3
2024-12-07 15:00:00,-13.3,-3.13,439.3
2024-12-07 16:00:00,-25.84,-1.76,412.5
2024-12-07 17:00:00,-11.12,-0.33,385.9
2024-12-07 18:00:00,-16.62,-0.54,363.1
2024-12-07 19:00:00,-17.23,1.77,371.0
2024-12-07 20:00:00,-15.53,-3.74,372.8
2024-12-07 21:00:00,-14.88,-0.1,400.2
2024-12-07 22:00:00,-10.66,-0.2,405.7
2024-12-07 23:00:00,-15.97,-0.92,395.5
2024-12-08 00:00:00,-13.23,-1.83,398.8
2024-12-08 01:00:00,-7.68,2.2,368.5
2024-12-08 02:00:00,-5.63,4.1,408.8
2024-12-08 03:00:00,-4.54,-3.43,438.4
2024-12-08 04:00:00,-8.03,-1.85,395.1
2024-12-08 05:00:00,-8.11,-2.01,394.5
2024-12-08 06:00:00,-6.52,-0.56,402.5
2024-12-08 07:00:00,-4.45,2.51,433.5
2024-12-08 08:00:00,-1.21,1.06,373.2
2024-12-08 09:00:00,-12.61,-0.31,443.5
2024-12-08 10:00:00,-8.16,0.03,412.6
2024-12-08 11:00:00,-12.7,-0.64,400.9
2024-12-08 12:00:00,-14.96,1.48,436.4
2024-12-08 13:00:00,-8.39,1.72,364.5
2024-12-08 14:00:00,-10.87,1.18,415.7
2024-12-08 15:00:00,-12.19,-4.39,412.9
2024-12-08 16:00:00,-11.57,0.03,371.9
2024-12-08 17:00:00,-16.27,-0.37,413.8
2024-12-08 18:00:00,-16.3,1.98,408.5
2024-12-08 19:00:00,-8.27,0.48,394.6
2024-12-08 20:00:00,-15.07,1.11,425.9
2024-12-08 21:00:00,-11.33,-0.99,382.8
2024-12-08 22:00:00,-12.48,1.88,408.1
2024-12-08 23:00:00,-16.84,2.47,396.0
2024-12-09 00:00:00,-16.13,-3.25,381.6
2024-12-09 01:00:00,-10.44,-2.59,415.1
2024-12-09 02:00:00,-4.33,1.52,393.8
2024-12-09 03:00:00,-4.1,-0.34,355.8
2024-12-09 04:00:00,-2.93,2.06,346.0
2024-12-09 05:00:00,-8.13,0.48,423.7
2024-12-09 06:00:00,-0.15,1.39,363.4
2024-12-09 07:00:00,-8.07,-1.49,408.4
2024-12-09 08:00:00,-5.03,0.68,401.6
2024-12-09 09:00:00,-6.5,0.69,388.9
2024-12-09 10:00:00,-8.02,-1.38,458.7
2024-12-09 11:00:00,-4.69,2.0,405.4
2024-12-09 12:00:00,-12.12,-3.79,422.7
2024-12-09 13:00:00,-15.34,0.42,408.5
2024-12-09 14:00:00,-12.44,-2.59,393.1
2024-12-09 15:00:00,-14.74,-2.04,399.4
2024-12-09 16:00:00,-4.2,1.97,443.8
2024-12-09 17:00:00,-12.8,-2.2,432.6
2024-12-09 18:00:00,-16.23,-2.28,458.6
2024-12-09 19:00:00,-18.0,1.16,406.6
2024-12-09 20:00:00,-19.97,-2.22,373.7
2024-12-09 21:00:00,-16.61,2.04,386.8
2024-12-09 22:00:00,-12.16,1.29,364.4
2024-12-09 23:00:00,-7.01,-1.56,423.0
2024-12-10 00:00:00,-6.63,1.96,382.4
2024-12-10 01:00:00,-8.02,-3.88,308.3
2024-12-10 02:00:00,-8.47,0.94,473.9
2024-12-10 03:00:00,-5.66,-2.49,382.9
2024-12-10 04:00:00,-7.23,-1.05,382.7
2024-12-10 05:00:00,-0.02,-0.92,450.1
2024-12-10 06:00:00,-5.57,2.56,363.8
2024-12-10 07:00:00,-5.43,-1.0,434.1
2024-12-10 08:00:00,-12.32,-0.16,382.4
2024-12-10 09:00:00,-7.05,-0.88,360.3
2024-12-10 10:00:00,-4.99,-1.97,451.2
2024-12-10 11:00:00,-11.91,-2.06,427.7
2024-12-10 12:00:00,-12.25,0.62,427.6
2024-12-10 13:00:00,-8.92,-0.05,411.0
2024-12-10 14:00:00,-16.93,1.53,418.0
2024-12-10 15:00:00,-10.36,-0.48,363.0
2024-12-10 16:00:00,-15.93,-0.42,403.3
2024-12-10 17:00:00,-16.0,1.53,372.1
2024-12-10 18:00:00,-18.37,-0.74,358.3
2024-12-10 19:00:00,-13.7,-2.88,412.3
2024-12-10 20:00:00,-6.95,1.7,434.7
2024-12-10 21:00:00,-11.19,-1.35,388.5
2024-12-10 22:00:00,-15.09,0.13,393.6
2024-12-10 23:00:00,-7.89,-1.25,365.9
2024-12-11 00:00:00,-10.95,-1.95,400.2
2024-12-11 01:00:00,-4.58,-3.8,422.8
2024-12-11 02:00:00,-5.08,0.68,423.7
2024-12-11 03:00:00,-15.29,-6.79,416.4
2024-12-11 04:00:00,-8.68,2.6,381.4
2024-12-11 05:00:00,-2.34,2.06,380.5
2024-12-11 06:00:00,-4.55,-1.82,423.9
2024-12-11 07:00:00,-8.24,3.18,424.4
2024-12-11 08:00:00,-7.57,4.12,394.8
2024-12-11 09:00:00,-12.18,-0.55,387.2
2024-12-11 10:00:00,-7.77,0.82,435.0
2024-12-11 11:00:00,-2.07,0.27,389.2
2024-12-11 12:00:00,-7.59,3.03,422.4
2024-12-11 13:00:00,-4.72,-2.79,395.9
2024-12-11 14:00:00,-9.85,-0.45,368.6
2024-12-11 15:00:00,-10.45,1.84,448.4
2024-12-11 16:00:00,-8.41,1.63,403.6
2024-12-11 17:00:00,-13.7,-0.09,378.7
2024-12-11 18:00:00,-15.56,2.78,358.3
2024-12-11 19:00:00,-11.73,0.47,361.3
2024-12-11 20:00:00,-9.97,0.23,388.8
2024-12-11 21:00:00,-14.98,1.39,457.8
2024-12-11 22:00:00,-14.66,-0.12,382.5
2024-12-11 23:00:00,-10.88,0.1,443.4
2024-12-12 00:00:00,-7.51,-1.57,396.1
2024-12-12 01:00:00,-6.31,5.87,364.6
2024-12-12 02:00:00,-11.77,-0.95,385.8
2024-12-12 03:00:00,-0.73,1.46,361.6
2024-12-12 04:00:00,-7.59,3.82,374.3
2024-12-12 05:00:00,-5.97,-2.69,373.4
2024-12-12 06:00:00,-7.71,1.22,342.9
2024-12-12 07:00:00,2.92,0.05,445.4
2024-12-12 08:00:00,-4.94,3.59,406.3
2024-12-12 09:00:00,-9.02,-1.82,379.4
2024-12-12 10:00:00,-4.91,-1.5,406.7
2024-12-12 11:00:00,-6.4,-0.1,374.9
2024-12-12 12:00:00,-10.56,-0.99,319.9
2024-12-12 13:00:00,-8.77,-0.92,488.7
2024-12-12 14:00:00,-14.98,4.06,405.7
2024-12-12 15:00:00,-15.01,0.25,382.3
2024-12-12 16:00:00,-20.36,-1.57,342.0
2024-12-12 17:00:00,-18.8,-0.78,355.2
2024-12-12 18:00:00,-9.58,0.81,449.6
2024-12-12 19:00:00,-9.91,0.67,445.1
2024-12-12 20:00:00,-14.13,-1.15,422.6
2024-12-12 21:00:00,-8.55,-3.26,366.5
2024-12-12 22:00:00,-12.98,-0.1,445.3
2024-12-12 23:00:00,-12.02,-0.16,413.5
2024-12-13 00:00:00,-9.83,-1.29,419.6
2024-12-13 01:00:00,-9.08,2.56,413.4
2024-12-13 02:00:00,-8.15,1.15,354.8
2024-12-13 03:00:00,-3.03,0.27,364.1
2024-12-13 04:00:00,-5.22,-0.72,384.7
2024-12-13 05:00:00,-3.03,3.47,419.3
2024-12-13 06:00:00,-1.91,-2.31,358.6
2024-12-13 07:00:00,-4.01,-0.99,394.7
2024-12-13 08:00:00,-8.58,-0.9,394.7
2024-12-13 09:00:00,-10.52,0.6,423.8
2024-12-13 10:00:00,-7.05,1.32,420.2
2024-12-13 11:00:00,-9.22,-2.67,369.7
2024-12-13 12:00:00,-9.74,-1.37,443.4
2024-12-13 13:00:00,-11.34,0.9,365.1
2024-12-13 14:00:00,-4.75,-1.33,432.8
2024-12-13 15:00:00,-17.53,-0.8,383.5
2024-12-13 16:00:00,-20.3,0.35,404.9
2024-12-13 17:00:00,-13.83,-1.96,406.8
2024-12-13 18:00:00,-16.13,0.56,405.9
2024-12-13 19:00:00,-13.88,1.23,420.2
2024-12-13 20:00:00,-12.58,0.08,411.7
2024-12-13 21:00:00,-9.68,2.85,423.5
2024-12-13 22:00:00,-17.02,1.45,413.9
2024-12-13 23:00:00,-12.96,-0.08,362.1
2024-12-14 00:00:00,-8.71,-0.64,408.1
2024-12-14 01:00:00,-6.39,3.51,383.1
2024-12-14 02:00:00,-0.92,-1.32,366.7
2024-12-14 03:00:00,-3.6,-0.54,391.3
2024-12-14 04:00:00,-5.84,-0.82,405.5
2024-12-14 05:00:00,-7.84,0.8,407.5
2024-12-14 06:00:00,-6.69,4.51,431.7
2024-12-14 07:00:00,-6.95,0.49,439.2
2024-12-14 08:00:00,-3.7,-0.64,410.1
2024-12-14 09:00:00,-5.69,0.38,415.5
2024-12-14 10:00:00,-11.47,-2.63,402.9
2024-12-14 11:00:00,-10.01,-0.38,423.0
2024-12-14 12:00:00,-7.37,3.41,414.6
2024-12-14 13:00:00,-10.24,1.32,398.4
2024-12-14 14:00:00,-10.79,2.46,464.6
2024-12-14 15:00:00,-12.39,2.03,383.6
2024-12-14 16:00:00,-9.45,-1.42,443.6
2024-12-14 17:00:00,-14.12,3.82,359.4
2024-12-14 18:00:00,-16.16,-3.55,424.4
2024-12-14 19:00:00,-17.58,0.66,443.1
2024-12-14 20:00:00,-13.58,-4.12,342.8
2024-12-14 21:00:00,-20.86,-3.43,404.2
2024-12-14 22:00:00,-13.05,1.87,421.5
2024-12-14 23:00:00,-11.91,-1.38,407.6
2024-12-15 00:00:00,-14.09,2.49,411.3
2024-12-15 01:00:00,-11.49,-4.35,404.1
2024-12-15 02:00:00,-5.07,-0.18,367.2
2024-12-15 03:00:00,-5.77,-2.43,471.0
2024-12-15 04:00:00,-5.36,-0.66,384.9
2024-12-15 05:00:00,-4.25,3.1,413.0
2024-12-15 06:00:00,-4.72,3.58,380.6
2024-12-15 07:00:00,-1.44,1.03,331.7
2024-12-15 08:00:00,-5.3,-3.19,372.3
2024-12-15 09:00:00,-10.84,-2.41,356.6
2024-12-15 10:00:00,-2.61,0.32,432.7
2024-12-15 11:00:00,-7.59,-1.61,381.8
2024-12-15 12:00:00,-11.77,1.32,384.6
2024-12-15 13:00:00,-15.05,3.35,368.1
2024-12-15 14:00:00,-11.31,-1.97,402.8
2024-12-15 15:00:00,-13.89,-1.79,378.5
2024-12-15 16:00:00,-9.61,-2.36,429.8
2024-12-15 17:00:00,-15.87,-0.51,409.1
2024-12-15 18:00:00,-17.51,0.1,382.8
2024-12-15 19:00:00,-12.14,0.04,425.5
2024-12-15 20:00:00,-11.55,1.8,400.2
2024-12-15 21:00:00,-13.03,0.79,400.6
2024-12-15 22:00:00,-10.47,-0.12,356.1
2024-12-15 23:00:00,-11.41,0.08,397.9
2024-12-16 00:00:00,-9.3,0.17,409.6
2024-12-16 01:00:00,-5.21,-0.12,440.0
2024-12-16 02:00:00,-5.62,-1.35,377.4
2024-12-16 03:00:00,-6.97,-2.41,468.3
2024-12-16 04:00:00,-1.61,0.28,416.7
2024-12-16 05:00:00,-12.26,-1.0,354.4
2024-12-16 06:00:00,1.16,1.05,374.6
2024-12-16 07:00:00,-10.29,0.14,442.6
2024-12-16 08:00:00,-7.55,0.03,437.3
2024-12-16 09:00:00,-6.59,1.97,400.5
2024-12-16 10:00:00,-7.94,-2.81,404.5
2024-12-16 11:00:00,-5.69,3.54,365.1
2024-12-16 12:00:00,-13.17,-4.37,439.6
2024-12-16 13:00:00,-10.51,2.9,370.4
2024-12-16 14:00:00,-14.23,0.4,425.3
2024-12-16 15:00:00,-12.65,-1.05,440.6
2024-12-16 16:00:00,-14.52,-2.94,401.4
2024-12-16 17:00:00,-14.55,-1.2,429.0
2024-12-16 18:00:00,-16.65,-0.33,455.4
2024-12-16 19:00:00,-16.36,0.39,408.0
2024-12-16 20:00:00,-13.47,2.89,394.7
2024-12-16 21:00:00,-10.7,0.15,398.0
2024-12-16 22:00:00,-14.29,0.64,377.7
2024-12-16 23:00:00,-13.9,0.7,377.0
2024-12-17 00:00:00,-8.16,-0.66,413.3
2024-12-17 01:00:00,-8.8,-0.38,395.1
2024-12-17 02:00:00,-5.01,-0.21,409.8
2024-12-17 03:00:00,-9.18,1.25,355.3
2024-12-17 04:00:00,-11.01,-1.83,397.2
2024-12-17 05:00:00,-6.77,-1.01,430.9
2024-12-17 06:00:00,-7.3,0.71,366.4
2024-12-17 07:00:00,-5.41,-2.15,400.5
2024-12-17 08:00:00,-7.58,0.23,344.4
2024-12-17 09:00:00,-4.24,-1.09,360.8
2024-12-17 10:00:00,-8.36,1.01,424.2
2024-12-17 11:00:00,-8.25,2.75,390.7
2024-12-17 12:00:00,-9.53,-1.09,454.7
2024-12-17 13:00:00,-10.71,1.52,413.0
2024-12-17 14:00:00,-12.57,0.4,415.9
2024-12-17 15:00:00,-12.0,-0.77,367.7
2024-12-17 16:00:00,-16.72,0.01,388.4
2024-12-17 17:00:00,-10.63,2.6,378.0
2024-12-17 18:00:00,-15.71,-0.34,368.0
2024-12-17 19:00:00,-18.76,2.62,419.9
2024-12-17 20:00:00,-13.77,-0.24,425.9
2024-12-17 21:00:00,-16.09,-2.82,412.0
2024-12-17 22:00:00,-10.5,-0.29,375.2
2024-12-17 23:00:00,-4.67,-2.98,409.9
2024-12-18 00:00:00,-12.36,-0.64,342.6
2024-12-18 01:00:00,-7.71,-0.71,439.7
2024-12-18 02:00:00,-12.77,3.63,361.1
2024-12-18 03:00:00,-5.1,3.22,366.4
2024-12-18 04:00:00,-8.33,0.17,403.5
2024-12-18 05:00:00,-7.04,2.42,406.1
2024-12-18 06:00:00,-8.3,-0.8,397.8
2024-12-18 07:00:00,-2.97,-2.85,366.7
2024-12-18 08:00:00,-2.65,1.06,434.0
2024-12-18 09:00:00,-6.39,0.72,349.4
2024-12-18 10:00:00,-10.09,-1.88,355.5
2024-12-18 11:00:00,-3.94,-1.79,396.8
2024-12-18 12:00:00,-12.25,1.88,362.1
2024-12-18 13:00:00,-17.78,-3.37,436.7
2024-12-18 14:00:00,-11.12,1.12,364.7
2024-12-18 15:00:00,-16.85,-0.63,446.7
2024-12-18 16:00:00,-11.36,1.12,431.1
2024-12-18 17:00:00,-15.97,1.98,437.1
2024-12-18 18:00:00,-13.19,-1.75,456.6
2024-12-18 19:00:00,-10.63,-2.28,402.4
2024-12-18 20:00:00,-17.96,2.93,369.6
2024-12-18 21:00:00,-15.23,-0.11,396.9
2024-12-18 22:00:00,-12.73,0.66,383.0
2024-12-18 23:00:00,-6.68,1.82,378.7
2024-12-19 00:00:00,-11.98,-1.92,404.5
2024-12-19 01:00:00,-10.49,1.8,390.6
2024-12-19 02:00:00,-6.07,1.28,377.4
2024-12-19 03:00:00,-8.2,2.94,392.6
2024-12-19 04:00:00,-5.21,2.91,416.5
2024-12-19 05:00:00,-9.82,0.13,428.7
2024-12-19 06:00:00,1.64,1.51,351.9
2024-12-19 07:00:00,-9.21,0.09,390.9
2024-12-19 08:00:00,-6.64,0.29,395.8
2024-12-19 09:00:00,-6.56,-2.26,364.5
2024-12-19 10:00:00,-1.76,-0.45,396.4
2024-12-19 11:00:00,-12.68,-3.59,404.4
2024-12-19 12:00:00,-4.05,-0.27,415.6
2024-12-19 13:00:00,-9.02,2.64,402.3
2024-12-19 14:00:00,-11.25,1.56,373.6
2024-12-19 15:00:00,-16.49,0.22,460.4
2024-12-19 16:00:00,-12.62,-0.4,424.9
2024-12-19 17:00:00,-17.0,-1.08,416.6
2024-12-19 18:00:00,-11.2,-1.84,430.1
2024-12-19 19:00:00,-17.74,1.64,407.3
2024-12-19 20:00:00,-14.67,-3.07,438.6
2024-12-19 21:00:00,-15.2,-3.12,401.7
2024-12-19 22:00:00,-15.46,1.81,400.1
2024-12-19 23:00:00,-9.07,0.42,419.1
2024-12-20 00:00:00,-8.39,0.09,447.3
2024-12-20 01:00:00,-5.08,0.41,445.4
2024-12-20 02:00:00,-12.84,4.02,417.8
2024-12-20 03:00:00,-3.27,0.11,415.5
2024-12-20 04:00:00,1.85,0.59,420.9
2024-12-20 05:00:00,-6.53,4.12,429.6
2024-12-20 06:00:00,0.69,-0.13,439.0
2024-12-20 07:00:00,-5.96,3.45,392.9
2024-12-20 08:00:00,-9.79,-4.21,439.5
2024-12-20 09:00:00,-7.38,-2.32,410.3
2024-12-20 10:00:00,-4.36,-1.34,419.5
2024-12-20 11:00:00,-11.22,1.17,441.5
2024-12-20 12:00:00,-11.8,3.55,422.4
2024-12-20 13:00:00,-9.51,-1.18,427.5
2024-12-20 14:00:00,-12.49,1.96,388.3
2024-12-20 15:00:00,-11.78,4.47,444.9
2024-12-20 16:00:00,-13.62,3.13,420.9
2024-12-20 17:00:00,-13.39,-0.81,403.8
2024-12-20 18:00:00,-16.3,1.74,433.0
2024-12-20 19:00:00,-14.13,0.68,477.6
2024-12-20 20:00:00,-17.11,-1.32,364.9
2024-12-20 21:00:00,-9.67,0.85,375.9
2024-12-20 22:00:00,-14.4,-0.95,480.6
2024-12-20 23:00:00,-7.91,0.25,412.8
2024-12-21 00:00:00,-10.7,-2.76,405.7
2024-12-21 01:00:00,-8.1,-3.53,396.5
2024-12-21 02:00:00,-8.98,-0.57,436.3
2024-12-21 03:00:00,-9.51,0.64,478.3
2024-12-21 04:00:00,-10.9,-2.26,380.0
2024-12-21 05:00:00,-8.34,1.05,397.1
2024-12-21 06:00:00,-5.97,0.09,389.5
2024-12-21 07:00:00,-4.53,1.3,422.0
2024-12-21 08:00:00,-2.64,1.89,436.7
2024-12-21 09:00:00,-7.8,2.69,448.6
2024-12-21 10:00:00,-10.15,1.21,423.0
2024-12-21 11:00:00,-13.03,-0.59,475.6
2024-12-21 12:00:00,-8.56,0.38,382.8
2024-12-21 13:00:00,-7.14,4.66,375.0
2024-12-21 14:00:00,-8.7,1.97,444.1
2024-12-21 15:00:00,-11.41,0.14,403.7
2024-12-21 16:00:00,-12.41,-0.3,358.7
2024-12-21 17:00:00,-9.74,-1.2,390.5
2024-12-21 18:00:00,-14.0,-2.37,407.7
2024-12-21 19:00:00,-12.89,3.42,380.6
2024-12-21 20:00:00,-15.29,0.96,369.6
2024-12-21 21:00:00,-17.62,-2.54,393.8
2024-12-21 22:00:00,-14.55,-0.25,368.1
2024-12-21 23:00:00,-11.32,2.54,419.1
2024-12-22 00:00:00,-9.82,-0.89,341.7
2024-12-22 01:00:00,-2.93,-1.63,402.7
2024-12-22 02:00:00,-7.26,0.71,415.6
2024-12-22 03:00:00,-2.93,1.32,397.3
2024-12-22 04:00:00,-6.98,-0.89,432.8
2024-12-22 05:00:00,-6.11,-1.2,358.9
2024-12-22 06:00:00,-8.99,0.92,379.0
2024-12-22 07:00:00,-7.4,-2.25,390.1
2024-12-22 08:00:00,-4.09,-1.08,421.4
2024-12-22 09:00:00,-6.44,-0.24,406.6
2024-12-22 10:00:00,-4.67,1.48,464.3
2024-12-22 11:00:00,-8.16,-0.86,375.8
2024-12-22 12:00:00,-11.06,1.13,358.2
2024-12-22 13:00:00,-4.85,2.33,453.7
2024-12-22 14:00:00,-12.78,-1.01,357.1
2024-12-22 15:00:00,-10.05,6.45,420.5
2024-12-22 16:00:00,-15.53,2.84,370.6
2024-12-22 17:00:00,-12.7,0.54,337.9
2024-12-22 18:00:00,-12.22,-0.36,388.8
2024-12-22 19:00:00,-14.2,-1.11,427.0
2024-12-22 20:00:00,-21.39,3.32,363.3
2024-12-22 21:00:00,-13.48,0.42,417.3
2024-12-22 22:00:00,-8.81,-2.88,422.9
2024-12-22 23:00:00,-9.71,-3.42,361.8
2024-12-23 00:00:00,-8.66,0.22,393.2
2024-12-23 01:00:00,-13.87,0.27,447.3
2024-12-23 02:00:00,-9.66,-1.83,419.5
2024-12-23 03:00:00,-5.23,-3.03,392.2
2024-12-23 04:00:00,-4.44,-3.93,412.5
2024-12-23 05:00:00,-1.53,-1.52,379.4
2024-12-23 06:00:00,-5.43,-0.73,433.4
2024-12-23 07:00:00,-3.95,1.38,433.4
2024-12-23 08:00:00,-5.62,-0.26,403.6
2024-12-23 09:00:00,-9.43,2.13,406.9
2024-12-23 10:00:00,-14.27,1.21,370.0
2024-12-23 11:00:00,-7.41,1.03,359.4
2024-12-23 12:00:00,-9.48,1.96,388.7
2024-12-23 13:00:00,-13.15,-2.77,397.4
2024-12-23 14:00:00,-17.36,-1.07,431.9
2024-12-23 15:00:00,-11.65,4.8,427.7
2024-12-23 16:00:00,-15.13,-3.81,405.5
2024-12-23 17:00:00,-13.16,-0.6,435.7
2024-12-23 18:00:00,-9.41,0.95,371.7
2024-12-23 19:00:00,-21.25,-3.75,432.3
2024-12-23 20:00:00,-16.43,-1.51,376.3
2024-12-23 21:00:00,-14.16,3.99,437.2
2024-12-23 22:00:00,-8.14,0.34,399.6
2024-12-23 23:00:00,-16.2,-1.15,340.1
2024-12-24 00:00:00,-4.19,0.42,421.9
2024-12-24 01:00:00,-8.3,-1.15,424.3
2024-12-24 02:00:00,-7.79,3.43,386.3
2024-12-24 03:00:00,-7.06,-1.98,388.9
2024-12-24 04:00:00,-6.98,-1.05,395.2
2024-12-24 05:00:00,-2.03,-2.98,342.2
2024-12-24 06:00:00,-8.21,-0.59,329.1
2024-12-24 07:00:00,-4.13,-0.35,439.0
2024-12-24 08:00:00,-6.82,2.39,375.3
2024-12-24 09:00:00,-8.75,-2.03,455.7
2024-12-24 10:00:00,0.26,0.97,441.1
2024-12-24 11:00:00,-7.45,0.17,447.0
2024-12-24 12:00:00,-8.16,-3.79,380.5
2024-12-24 13:00:00,-7.88,-1.45,351.7
2024-12-24 14:00:00,-16.76,-1.53,367.4
2024-12-24 15:00:00,-8.28,3.37,386.6
2024-12-24 16:00:00,-21.86,1.09,328.8
2024-12-24 17:00:00,-17.14,0.29,385.7
2024-12-24 18:00:00,-16.38,-8.59,393.9
2024-12-24 19:00:00,-13.08,-3.82,361.2
2024-12-24 20:00:00,-13.67,1.46,368.8
2024-12-24 21:00:00,-14.04,1.56,393.4
2024-12-24 22:00:00,-12.54,-1.48,410.7
2024-12-24 23:00:00,-14.23,0.06,373.3
2024-12-25 00:00:00,-14.49,-0.09,408.8
2024-12-25 01:00:00,-6.53,0.34,404.1
2024-12-25 02:00:00,-5.42,-0.74,401.4
2024-12-25 03:00:00,-1.71,1.63,380.4
2024-12-25 04:00:00,-8.04,2.21,360.0
2024-12-25 05:00:00,-3.09,-1.92,450.9
2024-12-25 06:00:00,-5.85,-2.39,418.9
2024-12-25 07:00:00,-1.6,-1.59,430.2
2024-12-25 08:00:00,-2.6,0.1,397.5
2024-12-25 09:00:00,-5.83,0.71,395.1
2024-12-25 10:00:00,-8.52,1.58,414.7
2024-12-25 11:00:00,-5.82,1.94,345.0
2024-12-25 12:00:00,-8.06,0.72,366.6
2024-12-25 13:00:00,-13.35,0.46,376.1
2024-12-25 14:00:00,-16.48,3.3,386.4
2024-12-25 15:00:00,-14.4,0.01,373.6
2024-12-25 16:00:00,-9.78,1.18,410.0
2024-12-25 17:00:00,-11.39,0.64,402.4
2024-12-25 18:00:00,-18.34,-0.35,441.8
2024-12-25 19:00:00,-18.33,-0.33,474.2
2024-12-25 20:00:00,-10.51,2.64,362.1
2024-12-25 21:00:00,-16.94,-0.18,404.4
2024-12-25 22:00:00,-10.97,-0.71,404.4
2024-12-25 23:00:00,-13.14,-1.47,399.6
2024-12-26 00:00:00,-5.15,0.85,367.5
2024-12-26 01:00:00,-11.02,-1.02,372.5
2024-12-26 02:00:00,-4.07,0.66,407.2
2024-12-26 03:00:00,-5.91,0.36,371.6
2024-12-26 04:00:00,-4.91,-0.85,404.8
2024-12-26 05:00:00,-11.08,-2.79,392.6
2024-12-26 06:00:00,-11.61,-2.06,404.2
2024-12-26 07:00:00,-5.83,-1.74,371.4
2024-12-26 08:00:00,-4.93,-2.01,404.7
2024-12-26 09:00:00,-9.84,0.91,373.6
2024-12-26 10:00:00,-10.77,4.26,404.8
2024-12-26 11:00:00,-7.02,-1.02,440.2
2024-12-26 12:00:00,-8.31,-0.77,407.8
2024-12-26 13:00:00,-11.71,-1.17,409.7
2024-12-26 14:00:00,-10.16,1.72,424.5
2024-12-26 15:00:00,-17.06,0.85,357.9
2024-12-26 16:00:00,-15.4,-0.03,451.6
2024-12-26 17:00:00,-9.89,-2.43,368.3
2024-12-26 18:00:00,-14.8,-1.94,426.4
2024-12-26 19:00:00,-14.45,0.35,422.4
2024-12-26 20:00:00,-7.41,0.45,372.9
2024-12-26 21:00:00,-17.73,-0.03,430.3
2024-12-26 22:00:00,-10.11,1.33,414.9
2024-12-26 23:00:00,-6.3,-2.45,456.7
2024-12-27 00:00:00,-10.97,0.61,405.8
2024-12-27 01:00:00,-6.13,0.5,396.7
2024-12-27 02:00:00,-10.45,-1.92,384.6
2024-12-27 03:00:00,-8.52,-1.21,347.7
2024-12-27 04:00:00,-4.51,1.39,390.5
2024-12-27 05:00:00,-2.77,-2.28,391.7
2024-12-27 06:00:00,-1.64,4.93,407.9
2024-12-27 07:00:00,-0.46,1.11,357.3
2024-12-27 08:00:00,-5.87,-0.11,392.8
2024-12-27 09:00:00,-2.88,-0.5,417.3
2024-12-27 10:00:00,-8.53,1.58,420.3
2024-12-27 11:00:00,-6.0,-0.82,344.2
2024-12-27 12:00:00,-9.38,-0.74,421.2
2024-12-27 13:00:00,-9.96,2.91,392.6
2024-12-27 14:00:00,-11.23,-0.94,394.4
2024-12-27 15:00:00,-18.35,0.27,329.1
2024-12-27 16:00:00,-17.7,-1.52,444.8
2024-12-27 17:00:00,-14.52,0.52,405.3
2024-12-27 18:00:00,-20.06,1.16,354.1
2024-12-27 19:00:00,-12.34,3.37,411.3
2024-12-27 20:00:00,-11.72,-1.87,410.3
2024-12-27 21:00:00,-12.55,-2.9,436.7
2024-12-27 22:00:00,-15.86,-0.53,390.7
2024-12-27 23:00:00,-7.15,-1.23,400.4
2024-12-28 00:00:00,-3.89,-0.03,380.7
2024-12-28 01:00:00,-8.26,1.04,417.9
2024-12-28 02:00:00,-5.97,4.53,376.5
2024-12-28 03:00:00,-5.86,-0.9,373.2
2024-12-28 04:00:00,-4.08,-4.42,398.0
2024-12-28 05:00:00,-5.53,-0.48,363.2
2024-12-28 06:00:00,-5.1,0.7,448.1
2024-12-28 07:00:00,-2.45,-1.94,457.8
2024-12-28 08:00:00,1.37,0.47,386.4
2024-12-28 09:00:00,-10.66,0.27,358.4
2024-12-28 10:00:00,-7.81,0.52,410.1
2024-12-28 11:00:00,-12.25,1.58,385.5
2024-12-28 12:00:00,-5.22,-0.17,435.2
2024-12-28 13:00:00,-13.06,1.1,376.4
2024-12-28 14:00:00,-16.83,-3.6,416.3
2024-12-28 15:00:00,-11.62,-1.92,403.4
2024-12-28 16:00:00,-9.1,-0.68,379.7
2024-12-28 17:00:00,-12.84,-2.01,407.2
2024-12-28 18:00:00,-14.39,0.01,426.4
2024-12-28 19:00:00,-13.6,-0.69,402.6
2024-12-28 20:00:00,-10.09,-0.91,402.9
2024-12-28 21:00:00,-16.16,1.77,373.8
2024-12-28 22:00:00,-12.84,0.17,434.3
2024-12-28 23:00:00,-12.65,-2.17,431.3
2024-12-29 00:00:00,-13.5,-1.21,387.7
2024-12-29 01:00:00,-9.69,1.51,396.3
2024-12-29 02:00:00,-4.18,0.4,442.4
2024-12-29 03:00:00,-4.76,2.39,366.0
2024-12-29 04:00:00,-3.74,1.69,418.1
2024-12-29 05:00:00,-4.73,-0.78,383.2
2024-12-29 06:00:00,-3.43,2.87,453.3
2024-12-29 07:00:00,-7.57,3.04,401.9
2024-12-29 08:00:00,-6.6,-3.57,437.8
2024-12-29 09:00:00,-5.89,0.06,377.2
2024-12-29 10:00:00,-6.67,-1.1,362.5
2024-12-29 11:00:00,-7.75,-0.52,393.0
2024-12-29 12:00:00,-10.42,-1.63,407.9
2024-12-29 13:00:00,-12.43,-1.88,384.7
2024-12-29 14:00:00,-3.03,1.8,422.7
2024-12-29 15:00:00,-10.82,-2.34,393.7
2024-12-29 16:00:00,-13.09,0.19,337.6
2024-12-29 17:00:00,-15.53,-2.7,416.6
2024-12-29 18:00:00,-16.35,2.54,373.5
2024-12-29 19:00:00,-15.22,0.06,389.2
2024-12-29 20:00:00,-13.45,1.49,446.6
2024-12-29 21:00:00,-19.18,0.39,453.2
2024-12-29 22:00:00,-17.21,-0.51,382.7
2024-12-29 23:00:00,-13.2,0.14,417.3
2024-12-30 00:00:00,-9.38,3.01,383.4
2024-12-30 01:00:00,-9.42,-1.79,391.4
2024-12-30 02:00:00,-3.07,-5.1,381.8
2024-12-30 03:00:00,-10.91,-1.57,348.3
2024-12-30 04:00:00,-7.92,-2.42,402.9
2024-12-30 05:00:00,-0.61,1.94,408.6
2024-12-30 06:00:00,-4.61,-0.35,379.9
2024-12-30 07:00:00,-2.52,1.65,432.6
2024-12-30 08:00:00,0.48,0.06,386.9
2024-12-30 09:00:00,-8.55,0.02,380.9
2024-12-30 10:00:00,-7.8,0.33,415.8
2024-12-30 11:00:00,-9.52,2.96,353.7
2024-12-30 12:00:00,-15.86,0.37,427.2
2024-12-30 13:00:00,-12.23,2.22,387.9
2024-12-30 14:00:00,-9.86,2.09,429.7
2024-12-30 15:00:00,-11.91,-0.33,438.6
2024-12-30 16:00:00,-12.47,-0.15,419.2
2024-12-30 17:00:00,-15.96,-0.76,375.6
2024-12-30 18:00:00,-16.97,2.57,362.5
2024-12-30 19:00:00,-11.02,-1.88,357.0
2024-12-30 20:00:00,-15.82,-1.45,433.1
2024-12-30 21:00:00,-12.65,-0.55,396.0
2024-12-30 22:00:00,-12.01,-2.3,382.0
2024-12-30 23:00:00,-6.91,-1.18,396.0
2024-12-31 00:00:00,-7.09,2.27,432.4
2024-12-31 01:00:00,-12.59,1.3,423.4
2024-12-31 02:00:00,-11.06,-0.84,413.2
2024-12-31 03:00:00,-4.73,1.61,419.1
2024-12-31 04:00:00,-5.86,4.16,405.4
2024-12-31 05:00:00,-6.54,0.63,409.1
2024-12-31 06:00:00,-1.95,2.84,406.6
2024-12-31 07:00:00,-4.61,1.7,400.0
2024-12-31 08:00:00,-5.51,-0.59,422.6
2024-12-31 09:00:00,-4.12,0.39,410.8
2024-12-31 10:00:00,-8.63,1.05,373.6
2024-12-31 11:00:00,-4.0,-1.49,415.9
2024-12-31 12:00:00,-12.36,-5.22,407.4
2024-12-31 13:00:00,-9.32,-1.67,418.3
2024-12-31 14:00:00,-8.2,-4.32,396.9
2024-12-31 15:00:00,-17.67,-1.5,424.4
2024-12-31 16:00:00,-15.36,-3.41,398.2
2024-12-31 17:00:00,-11.4,1.76,421.7
2024-12-31 18:00:00,-11.53,-2.37,386.3
2024-12-31 19:00:00,-15.34,1.09,388.4
2024-12-31 20:00:00,-16.53,1.53,418.1
2024-12-31 21:00:00,-10.67,1.4,390.0
2024-12-31 22:00:00,-8.95,-3.74,466.2
2024-12-31 23:00:00,-14.79,2.25,417.0
2025-01-01 00:00:00,-13.61,0.84,400.7
2025-01-01 01:00:00,-8.03,1.61,424.6
2025-01-01 02:00:00,-5.61,3.66,385.6
2025-01-01 03:00:00,-7.36,1.59,427.7
2025-01-01 04:00:00,-3.63,-2.37,426.9
2025-01-01 05:00:00,-7.3,1.31,437.6
2025-01-01 06:00:00,-11.34,-3.01,386.8
2025-01-01 07:00:00,-6.44,-0.13,363.3
2025-01-01 08:00:00,-5.48,-1.01,381.7
2025-01-01 09:00:00,-7.29,0.02,391.6
2025-01-01 10:00:00,-10.98,-3.02,450.0
2025-01-01 11:00:00,-14.15,-2.79,465.9
2025-01-01 12:00:00,-11.54,-0.9,410.3
2025-01-01 13:00:00,-8.6,-0.45,400.3
2025-01-01 14:00:00,-8.73,-0.85,389.5
2025-01-01 15:00:00,-9.97,2.9,424.7
2025-01-01 16:00:00,-16.78,0.85,465.7
2025-01-01 17:00:00,-18.29,0.79,453.6
2025-01-01 18:00:00,-13.51,-0.76,434.1
2025-01-01 19:00:00,-12.92,-2.78,433.7
2025-01-01 20:00:00,-13.13,-0.01,425.0
2025-01-01 21:00:00,-19.58,3.61,398.6
2025-01-01 22:00:00,-15.1,0.45,377.9
2025-01-01 23:00:00,-11.38,2.23,399.4
2025-01-02 00:00:00,-8.54,2.48,412.7
2025-01-02 01:00:00,-6.4,1.12,356.4
2025-01-02 02:00:00,-7.07,0.44,395.4
2025-01-02 03:00:00,-5.47,-1.98,375.2
2025-01-02 04:00:00,-5.42,-0.42,430.4
2025-01-02 05:00:00,-3.11,-0.72,383.5
2025-01-02 06:00:00,-4.06,0.66,409.8
2025-01-02 07:00:00,-4.97,-2.83,379.0
2025-01-02 08:00:00,-6.47,-1.07,447.9
2025-01-02 09:00:00,-6.22,0.81,349.0
2025-01-02 10:00:00,-6.05,-1.4,414.3
2025-01-02 11:00:00,-7.9,-1.83,361.7
2025-01-02 12:00:00,-8.86,-1.58,384.7
2025-01-02 13:00:00,-7.27,-0.54,406.2
2025-01-02 14:00:00,-11.7,-4.76,407.7
2025-01-02 15:00:00,-15.48,-1.49,406.9
2025-01-02 16:00:00,-11.68,1.91,404.6
2025-01-02 17:00:00,-18.93,0.65,380.7
2025-01-02 18:00:00,-18.24,0.84,395.1
2025-01-02 19:00:00,-13.82,-3.66,400.9
2025-01-02 20:00:00,-12.78,-0.83,405.9
2025-01-02 21:00:00,-17.27,-0.23,398.0
2025-01-02 22:00:00,-13.65,0.93,421.9
2025-01-02 23:00:00,-13.11,2.22,402.8
2025-01-03 00:00:00,-11.46,1.91,406.0
2025-01-03 01:00:00,-5.88,-1.17,388.5
2025-01-03 02:00:00,-5.38,-1.12,368.4
2025-01-03 03:00:00,-6.52,2.82,404.6
2025-01-03 04:00:00,-7.31,-0.72,436.2
2025-01-03 05:00:00,-9.22,-2.17,413.3
2025-01-03 06:00:00,-0.74,-0.41,375.5
2025-01-03 07:00:00,-3.39,2.7,424.4
2025-01-03 08:00:00,-7.79,-1.81,389.9
2025-01-03 09:00:00,-4.31,-0.86,421.4
2025-01-03 10:00:00,-7.71,-1.73,388.9
2025-01-03 11:00:00,-9.57,1.91,410.6
2025-01-03 12:00:00,-8.69,0.58,384.4
2025-01-03 13:00:00,-13.52,1.85,385.2
2025-01-03 14:00:00,-13.53,3.13,353.0
2025-01-03 15:00:00,-13.17,-3.02,415.4
2025-01-03 16:00:00,-15.83,-1.52,411.1
2025-01-03 17:00:00,-12.82,-0.87,412.8
2025-01-03 18:00:00,-9.39,0.14,408.3
2025-01-03 19:00:00,-17.09,1.01,377.1
2025-01-03 20:00:00,-19.33,-0.98,429.0
2025-01-03 21:00:00,-19.54,-1.38,429.8
2025-01-03 22:00:00,-12.95,1.91,376.4
2025-01-03 23:00:00,-13.28,1.09,416.0
2025-01-04 00:00:00,-9.38,0.63,426.2
2025-01-04 01:00:00,-8.31,-4.29,385.9
2025-01-04 02:00:00,-12.31,2.41,391.1
2025-01-04 03:00:00,-11.91,0.37,416.0
2025-01-04 04:00:00,-4.78,-0.32,354.7
2025-01-04 05:00:00,-4.76,-1.64,367.3
2025-01-04 06:00:00,-6.28,-1.27,370.3
2025-01-04 07:00:00,-10.14,-1.78,346.1
2025-01-04 08:00:00,-4.26,-4.0,432.5
2025-01-04 09:00:00,-2.65,-1.64,340.4
2025-01-04 10:00:00,-6.67,-3.2,410.3
2025-01-04 11:00:00,-11.25,-0.12,424.4
2025-01-04 12:00:00,-9.87,-2.3,391.2
2025-01-04 13:00:00,-15.39,1.46,379.9
2025-01-04 14:00:00,-9.33,-3.33,407.0
2025-01-04 15:00:00,-13.29,2.39,400.1
2025-01-04 16:00:00,-19.63,1.67,430.1
2025-01-04 17:00:00,-15.73,-2.13,321.1
2025-01-04 18:00:00,-13.61,-0.19,372.4
2025-01-04 19:00:00,-15.83,-1.71,416.8
2025-01-04 20:00:00,-15.16,1.16,401.5
2025-01-04 21:00:00,-17.21,3.6,422.6
2025-01-04 22:00:00,-10.8,2.36,407.9
2025-01-04 23:00:00,-13.24,-1.38,396.0
2025-01-05 00:00:00,-16.47,0.23,390.9
2025-01-05 01:00:00,-9.82,3.04,469.8
2025-01-05 02:00:00,-4.56,1.05,446.0
2025-01-05 03:00:00,-7.63,2.02,414.9
2025-01-05 04:00:00,-0.46,1.3,402.4
2025-01-05 05:00:00,-3.88,0.15,416.1
2025-01-05 06:00:00,-3.98,-0.14,424.8
2025-01-05 07:00:00,-5.56,-2.42,412.6
2025-01-05 08:00:00,-5.87,-1.53,377.5
2025-01-05 09:00:00,-7.25,-1.8,453.5
2025-01-05 10:00:00,-8.41,-0.7,407.4
2025-01-05 11:00:00,-7.11,0.2,460.4
2025-01-05 12:00:00,-12.81,-0.22,405.6
2025-01-05 13:00:00,-14.52,0.43,392.6
2025-01-05 14:00:00,-15.87,1.33,441.5
2025-01-05 15:00:00,-7.4,-0.83,409.0
2025-01-05 16:00:00,-12.74,1.48,404.0
2025-01-05 17:00:00,-13.92,2.28,364.0
2025-01-05 18:00:00,-18.17,0.83,419.8
2025-01-05 19:00:00,-12.96,-1.09,385.2
2025-01-05 20:00:00,-14.68,1.89,386.6
2025-01-05 21:00:00,-12.89,0.97,385.3
2025-01-05 22:00:00,-15.43,1.24,413.2
2025-01-05 23:00:00,-10.81,3.07,353.9
2025-01-06 00:00:00,-11.27,1.42,393.7
2025-01-06 01:00:00,-11.0,3.15,429.4
2025-01-06 02:00:00,-5.3,-0.3,362.6
2025-01-06 03:00:00,-11.08,-0.86,405.2
2025-01-06 04:00:00,-3.98,2.3,381.1
2025-01-06 05:00:00,-3.12,-1.97,387.9
2025-01-06 06:00:00,-7.64,3.78,449.7
2025-01-06 07:00:00,-7.63,2.6,350.5
2025-01-06 08:00:00,-6.34,0.18,423.0
2025-01-06 09:00:00,-5.62,2.4,385.7
2025-01-06 10:00:00,-7.96,1.32,384.2
2025-01-06 11:00:00,-7.41,-2.58,366.7
2025-01-06 12:00:00,-4.71,-1.63,422.6
2025-01-06 13:00:00,-12.82,0.57,394.3
2025-01-06 14:00:00,-17.65,0.32,390.5
2025-01-06 15:00:00,-11.06,2.62,403.3
2025-01-06 16:00:00,-9.28,0.6,394.9
2025-01-06 17:00:00,-13.65,-2.54,340.0
2025-01-06 18:00:00,-18.26,-1.09,385.3
2025-01-06 19:00:00,-15.2,1.49,426.9
2025-01-06 20:00:00,-17.69,-3.65,354.8
2025-01-06 21:00:00,-11.61,-2.82,367.3
2025-01-06 22:00:00,-16.55,-0.75,387.2
2025-01-06 23:00:00,-12.19,1.85,378.2
2025-01-07 00:00:00,-13.01,-0.43,399.2
2025-01-07 01:00:00,-8.33,0.92,367.2
2025-01-07 02:00:00,-8.6,-17.23,677.2
2025-01-07 03:00:00,-34.9,-17.52,687.4
2025-01-07 04:00:00,-63.54,-18.55,708.3
2025-01-07 05:00:00,-95.04,-15.56,726.2
2025-01-07 06:00:00,-90.03,-2.51,681.0
2025-01-07 07:00:00,-82.01,-0.47,745.5
2025-01-07 08:00:00,-76.32,2.29,683.4
2025-01-07 09:00:00,-59.47,-1.53,713.7
2025-01-07 10:00:00,-58.78,-3.11,746.8
2025-01-07 11:00:00,-55.68,-4.23,693.1
2025-01-07 12:00:00,-46.81,1.33,647.7
2025-01-07 13:00:00,-42.0,1.47,691.6
2025-01-07 14:00:00,-44.91,-0.69,670.5
2025-01-07 15:00:00,-40.71,-2.54,680.6
2025-01-07 16:00:00,-42.19,-0.29,748.4
2025-01-07 17:00:00,-37.25,2.36,652.2
2025-01-07 18:00:00,-34.99,-2.54,409.0
2025-01-07 19:00:00,-31.39,2.12,373.7
2025-01-07 20:00:00,-28.43,-3.39,390.8
2025-01-07 21:00:00,-25.18,-2.27,422.3
2025-01-07 22:00:00,-23.55,0.22,409.5
2025-01-07 23:00:00,-25.31,1.9,393.2
2025-01-08 00:00:00,-21.98,2.94,380.5
2025-01-08 01:00:00,-18.43,1.98,409.5
2025-01-08 02:00:00,-15.48,3.1,451.2
2025-01-08 03:00:00,-9.61,0.36,373.0
2025-01-08 04:00:00,-14.71,-1.24,457.3
2025-01-08 05:00:00,-11.15,2.37,436.0
2025-01-08 06:00:00,-6.47,2.73,441.1
2025-01-08 07:00:00,-6.07,1.86,409.3
2025-01-08 08:00:00,-4.29,1.23,435.1
2025-01-08 09:00:00,-6.88,2.78,369.7
2025-01-08 10:00:00,-6.73,0.68,380.0
2025-01-08 11:00:00,-9.39,-0.04,423.0
2025-01-08 12:00:00,-8.0,1.45,408.9
2025-01-08 13:00:00,-15.93,0.96,395.5
2025-01-08 14:00:00,-13.59,1.77,324.9
2025-01-08 15:00:00,-12.65,-0.26,386.9
2025-01-08 16:00:00,-12.73,1.82,364.8
2025-01-08 17:00:00,-10.35,1.72,414.8
2025-01-08 18:00:00,-16.17,0.43,394.3
2025-01-08 19:00:00,-10.39,-1.5,381.2
2025-01-08 20:00:00,-16.31,2.48,479.3
2025-01-08 21:00:00,-9.55,-2.42,431.1
2025-01-08 22:00:00,-10.05,-1.92,431.7
2025-01-08 23:00:00,-14.03,0.34,466.1
2025-01-09 00:00:00,-9.08,-5.02,424.1
2025-01-09 01:00:00,-8.86,3.09,376.9
2025-01-09 02:00:00,-5.62,0.03,373.4
2025-01-09 03:00:00,-7.13,3.08,428.9
2025-01-09 04:00:00,-6.59,3.61,338.2
2025-01-09 05:00:00,-1.06,-0.31,397.7
2025-01-09 06:00:00,-5.3,2.7,334.9
2025-01-09 07:00:00,-2.69,-2.12,403.0
2025-01-09 08:00:00,-6.35,0.87,425.6
2025-01-09 09:00:00,-1.46,-0.95,408.4
2025-01-09 10:00:00,-9.54,1.39,428.1
2025-01-09 11:00:00,-10.55,1.77,458.9
2025-01-09 12:00:00,-5.43,-0.32,395.7
2025-01-09 13:00:00,-12.63,1.09,484.2
2025-01-09 14:00:00,-7.7,1.89,406.4
2025-01-09 15:00:00,-10.86,0.38,428.5
2025-01-09 16:00:00,-14.79,5.08,381.7
2025-01-09 17:00:00,-20.27,-0.27,448.6
2025-01-09 18:00:00,-15.06,3.31,431.3
2025-01-09 19:00:00,-14.52,2.29,444.1
2025-01-09 20:00:00,-10.83,-3.72,401.6
2025-01-09 21:00:00,-8.77,2.99,362.3
2025-01-09 22:00:00,-14.55,2.15,413.8
2025-01-09 23:00:00,-8.89,0.23,349.1
2025-01-10 00:00:00,-7.7,0.74,389.9
2025-01-10 01:00:00,-5.49,0.99,405.7
2025-01-10 02:00:00,-6.0,2.75,471.3
2025-01-10 03:00:00,-12.29,-0.83,409.6
2025-01-10 04:00:00,-6.14,3.17,404.2
2025-01-10 05:00:00,-8.64,-2.17,398.1
2025-01-10 06:00:00,-5.61,-3.52,359.7
2025-01-10 07:00:00,-2.23,1.19,402.6
2025-01-10 08:00:00,-4.75,2.52,403.1
2025-01-10 09:00:00,-3.02,-0.36,370.9
2025-01-10 10:00:00,-6.47,-4.53,364.4
2025-01-10 11:00:00,-12.6,-2.98,385.6
2025-01-10 12:00:00,-17.56,0.87,401.9
2025-01-10 13:00:00,-10.85,-0.02,386.3
2025-01-10 14:00:00,-13.14,2.57,368.5
2025-01-10 15:00:00,-16.47,0.15,408.7
2025-01-10 16:00:00,-19.43,-1.48,416.2
2025-01-10 17:00:00,-17.03,0.62,403.6
2025-01-10 18:00:00,-15.58,2.03,383.1
2025-01-10 19:00:00,-12.83,2.7,417.8
2025-01-10 20:00:00,-13.76,-0.22,394.3
2025-01-10 21:00:00,-8.71,0.13,364.3
2025-01-10 22:00:00,-15.61,1.56,431.1
2025-01-10 23:00:00,-8.65,-1.5,410.6
2025-01-11 00:00:00,-9.86,1.47,396.4
2025-01-11 01:00:00,-6.62,-0.46,352.9
2025-01-11 02:00:00,-8.81,-0.15,377.7
2025-01-11 03:00:00,-3.25,0.01,460.6
2025-01-11 04:00:00,-4.78,0.26,354.7
2025-01-11 05:00:00,-7.21,3.83,392.5
2025-01-11 06:00:00,-5.04,-0.94,399.5
2025-01-11 07:00:00,-5.89,-0.83,409.6
2025-01-11 08:00:00,-4.2,2.89,355.1
2025-01-11 09:00:00,-10.0,0.89,405.2
2025-01-11 10:00:00,-7.59,1.54,349.4
2025-01-11 11:00:00,-7.52,-2.06,402.9
2025-01-11 12:00:00,-9.9,0.49,380.4
2025-01-11 13:00:00,-7.25,1.62,374.0
2025-01-11 14:00:00,-10.18,-1.35,425.0
2025-01-11 15:00:00,-13.56,1.26,392.9
2025-01-11 16:00:00,-13.68,-0.41,414.2
2025-01-11 17:00:00,-13.94,-1.29,415.2
2025-01-11 18:00:00,-13.79,2.03,438.1
2025-01-11 19:00:00,-20.31,2.28,363.8
2025-01-11 20:00:00,-15.23,0.26,427.6
2025-01-11 21:00:00,-17.99,0.9,400.5
2025-01-11 22:00:00,-8.67,2.65,388.7
2025-01-11 23:00:00,-11.48,-0.79,365.5
2025-01-12 00:00:00,-10.58,0.7,418.2
2025-01-12 01:00:00,-6.02,-0.77,372.3
2025-01-12 02:00:00,-6.23,-2.04,415.5
2025-01-12 03:00:00,-9.85,-0.79,457.8
2025-01-12 04:00:00,-5.88,-2.25,429.4
2025-01-12 05:00:00,-6.18,0.85,441.7
2025-01-12 06:00:00,-10.23,-1.54,378.4
2025-01-12 07:00:00,-7.24,-2.79,422.9
2025-01-12 08:00:00,-6.22,1.49,365.7
2025-01-12 09:00:00,-6.81,1.36,393.0
2025-01-12 10:00:00,-11.95,-0.66,452.2
2025-01-12 11:00:00,-5.25,1.41,381.8
2025-01-12 12:00:00,-10.31,-1.61,433.3
2025-01-12 13:00:00,-11.18,-0.74,430.5
2025-01-12 14:00:00,-11.3,0.81,432.2
2025-01-12 15:00:00,-15.9,2.07,362.0
2025-01-12 16:00:00,-12.96,-0.76,415.8
2025-01-12 17:00:00,-15.93,-1.19,395.3
2025-01-12 18:00:00,-17.69,1.97,432.7
2025-01-12 19:00:00,-13.11,1.23,350.3
2025-01-12 20:00:00,-9.86,0.3,411.0
2025-01-12 21:00:00,-11.36,2.36,406.8
2025-01-12 22:00:00,-9.73,3.89,340.3
2025-01-12 23:00:00,-12.86,0.73,373.4
2025-01-13 00:00:00,-14.79,-1.18,345.1
2025-01-13 01:00:00,-4.24,0.99,378.2
2025-01-13 02:00:00,-1.34,-1.64,416.5
2025-01-13 03:00:00,-1.84,2.48,405.9
2025-01-13 04:00:00,-6.68,-1.4,405.1
2025-01-13 05:00:00,-8.63,-0.39,368.8
2025-01-13 06:00:00,-8.2,-1.68,433.6
2025-01-13 07:00:00,-10.22,0.36,399.4
2025-01-13 08:00:00,-5.99,0.43,401.0
2025-01-13 09:00:00,-1.65,1.49,428.2
2025-01-13 10:00:00,-7.92,0.24,370.3
2025-01-13 11:00:00,-7.8,0.09,406.9
2025-01-13 12:00:00,-5.87,-1.15,412.7
2025-01-13 13:00:00,-12.51,-0.57,383.6
2025-01-13 14:00:00,-6.39,-2.79,419.6
2025-01-13 15:00:00,-7.56,2.79,414.3
2025-01-13 16:00:00,-14.72,-0.19,397.0
2025-01-13 17:00:00,-16.56,3.28,396.0
2025-01-13 18:00:00,-12.91,-0.24,415.7
2025-01-13 19:00:00,-15.87,-3.8,423.7
2025-01-13 20:00:00,-17.8,-0.9,401.9
2025-01-13 21:00:00,-9.69,-0.01,433.6
2025-01-13 22:00:00,-8.85,0.13,419.8
2025-01-13 23:00:00,-10.83,1.35,346.3
2025-01-14 00:00:00,-13.79,0.35,357.9
2025-01-14 01:00:00,-12.39,-0.67,435.5
2025-01-14 02:00:00,-7.18,-1.83,392.6
2025-01-14 03:00:00,-7.96,-0.81,404.9
2025-01-14 04:00:00,-6.69,1.21,434.2
2025-01-14 05:00:00,-2.1,1.72,399.8
2025-01-14 06:00:00,-2.8,-1.35,401.1
2025-01-14 07:00:00,-1.04,2.01,373.9
2025-01-14 08:00:00,-8.64,1.14,411.1
2025-01-14 09:00:00,-7.49,-1.77,417.6
2025-01-14 10:00:00,-5.22,0.49,382.7
2025-01-14 11:00:00,-7.36,0.74,372.3
2025-01-14 12:00:00,-5.4,-2.13,478.8
2025-01-14 13:00:00,-10.03,-2.72,397.2
2025-01-14 14:00:00,-6.96,0.95,379.5
2025-01-14 15:00:00,-11.92,-0.91,421.2
2025-01-14 16:00:00,-11.14,3.02,398.5
2025-01-14 17:00:00,-15.8,3.44,367.4
2025-01-14 18:00:00,-14.96,0.94,414.5
2025-01-14 19:00:00,-12.1,1.9,374.4
2025-01-14 20:00:00,-9.49,-2.05,447.3
2025-01-14 21:00:00,-11.35,-2.66,414.8
2025-01-14 22:00:00,-12.75,-0.28,391.7
2025-01-14 23:00:00,-7.16,-2.57,403.3
2025-01-15 00:00:00,-16.58,0.62,427.1
2025-01-15 01:00:00,-12.97,-1.57,405.6
2025-01-15 02:00:00,-5.46,0.38,463.7
2025-01-15 03:00:00,-6.42,-0.35,434.1
2025-01-15 04:00:00,-3.85,1.27,414.6
2025-01-15 05:00:00,-4.98,0.65,371.9
2025-01-15 06:00:00,-3.29,-0.81,395.6
2025-01-15 07:00:00,-7.61,-2.74,414.4
2025-01-15 08:00:00,-3.96,0.33,375.3
2025-01-15 09:00:00,-3.48,-3.48,438.8
2025-01-15 10:00:00,-3.84,2.49,370.8
2025-01-15 11:00:00,-2.67,1.06,380.9
2025-01-15 12:00:00,-9.27,1.69,383.1
2025-01-15 13:00:00,-10.47,-1.94,422.3
2025-01-15 14:00:00,-17.07,0.71,375.9
2025-01-15 15:00:00,-15.13,-1.33,346.0
2025-01-15 16:00:00,-14.91,0.3,432.6
2025-01-15 17:00:00,-11.68,-2.0,386.7
2025-01-15 18:00:00,-16.83,-0.17,367.9
2025-01-15 19:00:00,-12.44,-2.76,377.4
2025-01-15 20:00:00,-14.33,-0.32,451.5
2025-01-15 21:00:00,-14.07,-3.29,380.3
2025-01-15 22:00:00,-11.75,3.49,396.3
2025-01-15 23:00:00,-12.47,0.32,386.6
2025-01-16 00:00:00,-11.29,0.01,363.0
2025-01-16 01:00:00,-13.82,1.35,377.7
2025-01-16 02:00:00,-8.24,-2.6,361.0
2025-01-16 03:00:00,-7.9,-1.56,428.7
2025-01-16 04:00:00,-7.22,1.06,403.0
2025-01-16 05:00:00,-3.92,0.32,474.5
2025-01-16 06:00:00,-3.02,-1.44,378.7
2025-01-16 07:00:00,-4.47,1.3,374.2
2025-01-16 08:00:00,-2.68,0.61,446.0
2025-01-16 09:00:00,-4.74,1.01,431.7
2025-01-16 10:00:00,-8.39,0.78,411.5
2025-01-16 11:00:00,-10.09,-1.36,366.6
2025-01-16 12:00:00,-9.06,-0.15,452.3
2025-01-16 13:00:00,-9.57,-3.71,397.8
2025-01-16 14:00:00,-8.31,-1.02,387.1
2025-01-16 15:00:00,-9.96,-0.49,434.3
2025-01-16 16:00:00,-15.95,1.25,399.3
2025-01-16 17:00:00,-15.14,1.02,365.0
2025-01-16 18:00:00,-12.99,-1.5,401.2
2025-01-16 19:00:00,-11.63,-1.55,376.6
2025-01-16 20:00:00,-11.51,2.61,309.7
2025-01-16 21:00:00,-13.73,-0.59,373.5
2025-01-16 22:00:00,-16.26,0.23,384.2
2025-01-16 23:00:00,-14.29,1.57,365.3
2025-01-17 00:00:00,-9.18,-0.16,417.3
2025-01-17 01:00:00,-7.68,-0.3,376.7
2025-01-17 02:00:00,-10.8,-0.63,414.4
2025-01-17 03:00:00,-6.33,-1.02,363.0
2025-01-17 04:00:00,-3.78,0.29,427.3
2025-01-17 05:00:00,-8.62,-3.64,361.7
2025-01-17 06:00:00,-1.69,-0.72,329.8
2025-01-17 07:00:00,-6.3,1.08,437.1
2025-01-17 08:00:00,-1.9,0.85,374.3
2025-01-17 09:00:00,-8.06,2.82,452.7
2025-01-17 10:00:00,-10.58,1.67,416.9
2025-01-17 11:00:00,-10.08,0.82,423.7
2025-01-17 12:00:00,-10.29,0.06,431.4
2025-01-17 13:00:00,-12.46,-0.91,403.4
2025-01-17 14:00:00,-13.15,1.01,403.7
2025-01-17 15:00:00,-12.53,0.65,438.4
2025-01-17 16:00:00,-14.84,-0.75,403.3
2025-01-17 17:00:00,-15.03,-1.73,378.2
2025-01-17 18:00:00,-20.13,-0.11,417.6
2025-01-17 19:00:00,-13.65,2.31,336.6
2025-01-17 20:00:00,-14.6,0.22,439.6
2025-01-17 21:00:00,-8.7,0.06,440.2
2025-01-17 22:00:00,-15.32,0.85,435.9
2025-01-17 23:00:00,-16.72,0.96,434.8
2025-01-18 00:00:00,-8.15,0.5,397.5
2025-01-18 01:00:00,-7.67,-0.08,396.8
2025-01-18 02:00:00,-10.53,-1.02,363.1
2025-01-18 03:00:00,-11.05,2.01,452.4
2025-01-18 04:00:00,-1.06,-0.85,385.4
2025-01-18 05:00:00,-0.93,3.14,410.2
2025-01-18 06:00:00,-12.46,0.31,407.6
2025-01-18 07:00:00,-6.55,0.11,359.8
2025-01-18 08:00:00,-0.68,1.52,347.7
2025-01-18 09:00:00,-7.89,-1.31,400.2
2025-01-18 10:00:00,-8.97,1.15,386.4
2025-01-18 11:00:00,-9.55,0.23,397.3
2025-01-18 12:00:00,-13.36,0.82,432.0
2025-01-18 13:00:00,-16.41,-1.37,406.7
2025-01-18 14:00:00,-9.34,-1.39,422.8
2025-01-18 15:00:00,-19.06,-3.67,413.4
2025-01-18 16:00:00,-13.59,-0.91,390.5
2025-01-18 17:00:00,-12.17,-1.02,369.9
2025-01-18 18:00:00,-19.35,-1.33,407.9
2025-01-18 19:00:00,-17.6,-0.23,402.5
2025-01-18 20:00:00,-10.69,0.13,427.5
2025-01-18 21:00:00,-11.94,1.0,395.5
2025-01-18 22:00:00,-14.35,1.13,391.1
2025-01-18 23:00:00,-7.69,1.3,393.1
2025-01-19 00:00:00,-6.38,1.38,372.4
2025-01-19 01:00:00,-7.9,0.55,443.4
2025-01-19 02:00:00,-10.2,0.11,434.2
2025-01-19 03:00:00,-7.7,1.86,363.6
2025-01-19 04:00:00,-4.81,1.39,424.1
2025-01-19 05:00:00,-5.74,-2.96,344.6
2025-01-19 06:00:00,-2.18,-0.35,429.6
2025-01-19 07:00:00,-9.76,-3.61,379.1
2025-01-19 08:00:00,-10.15,-3.65,410.8
2025-01-19 09:00:00,-5.92,-1.02,342.1
2025-01-19 10:00:00,-8.97,-0.26,364.0
2025-01-19 11:00:00,-10.59,-0.85,414.1
2025-01-19 12:00:00,-15.3,-3.55,379.0
2025-01-19 13:00:00,-11.24,1.55,374.8
2025-01-19 14:00:00,-12.66,-1.41,441.9
2025-01-19 15:00:00,-11.58,0.98,466.3
2025-01-19 16:00:00,-14.12,-1.36,428.1
2025-01-19 17:00:00,-15.23,-1.0,367.2
2025-01-19 18:00:00,-11.47,0.87,452.9
2025-01-19 19:00:00,-18.77,-0.7,353.2
2025-01-19 20:00:00,-12.72,0.34,390.9
2025-01-19 21:00:00,-18.55,0.55,401.6
2025-01-19 22:00:00,-15.02,-2.85,457.7
2025-01-19 23:00:00,-14.93,0.96,427.4
2025-01-20 00:00:00,-7.65,-1.88,386.1
2025-01-20 01:00:00,-8.9,-2.22,371.7
2025-01-20 02:00:00,-7.54,-1.45,430.1
2025-01-20 03:00:00,-9.78,1.63,384.0
2025-01-20 04:00:00,-6.57,-3.2,406.5
2025-01-20 05:00:00,-7.46,1.3,358.9
2025-01-20 06:00:00,-3.85,0.68,417.1
2025-01-20 07:00:00,-8.14,0.15,414.7
2025-01-20 08:00:00,-1.68,0.49,362.8
2025-01-20 09:00:00,-11.49,-0.58,430.9
2025-01-20 10:00:00,-9.92,1.36,416.6
2025-01-20 11:00:00,-3.67,-0.85,422.2
2025-01-20 12:00:00,-11.31,-3.25,388.6
2025-01-20 13:00:00,-15.24,-0.15,405.4
2025-01-20 14:00:00,-11.84,1.6,401.9
2025-01-20 15:00:00,-14.96,0.98,395.6
2025-01-20 16:00:00,-16.84,3.63,405.1
2025-01-20 17:00:00,-18.12,-0.51,437.7
2025-01-20 18:00:00,-6.69,-0.32,432.2
2025-01-20 19:00:00,-15.58,-0.47,364.5
2025-01-20 20:00:00,-20.11,-1.55,429.6
2025-01-20 21:00:00,-9.05,-0.95,435.7
2025-01-20 22:00:00,-10.67,-2.08,395.5
2025-01-20 23:00:00,-13.59,-4.59,415.3
2025-01-21 00:00:00,-12.8,-1.16,414.8
2025-01-21 01:00:00,-6.69,0.05,374.5
2025-01-21 02:00:00,-8.24,1.26,388.5
2025-01-21 03:00:00,-12.24,-1.15,422.5
2025-01-21 04:00:00,-0.31,-1.13,385.1
2025-01-21 05:00:00,-6.47,2.06,429.3
2025-01-21 06:00:00,-0.51,-2.66,439.1
2025-01-21 07:00:00,-1.34,-0.33,434.3
2025-01-21 08:00:00,-8.67,1.91,459.4
2025-01-21 09:00:00,-3.36,-1.42,397.3
2025-01-21 10:00:00,-9.45,-3.07,405.3
2025-01-21 11:00:00,-14.31,3.41,409.6
2025-01-21 12:00:00,-11.27,1.6,398.2
2025-01-21 13:00:00,-10.1,1.66,416.3
2025-01-21 14:00:00,-13.89,-0.18,348.7
2025-01-21 15:00:00,-14.46,1.28,406.1
2025-01-21 16:00:00,-10.9,-4.98,358.7
2025-01-21 17:00:00,-14.51,-0.87,371.1
2025-01-21 18:00:00,-17.53,1.9,422.0
2025-01-21 19:00:00,-12.72,-2.79,394.0
2025-01-21 20:00:00,-13.74,-0.67,420.9
2025-01-21 21:00:00,-21.1,0.64,393.4
2025-01-21 22:00:00,-11.21,-1.57,433.2
2025-01-21 23:00:00,-10.12,0.01,392.8
2025-01-22 00:00:00,-9.94,0.77,341.4
2025-01-22 01:00:00,-6.03,0.6,406.8
2025-01-22 02:00:00,-9.52,-0.8,334.9
2025-01-22 03:00:00,-5.45,-1.66,356.4
2025-01-22 04:00:00,-10.37,0.79,373.5
2025-01-22 05:00:00,-3.95,0.68,369.8
2025-01-22 06:00:00,0.86,0.58,383.6
2025-01-22 07:00:00,-8.15,0.23,368.7
2025-01-22 08:00:00,-7.95,0.68,357.8
2025-01-22 09:00:00,-8.59,1.75,446.3
2025-01-22 10:00:00,-7.11,0.62,379.7
2025-01-22 11:00:00,-11.9,0.2,333.1
2025-01-22 12:00:00,-8.74,-1.05,389.2
2025-01-22 13:00:00,-8.75,2.77,366.3
2025-01-22 14:00:00,-10.9,-2.25,373.5
2025-01-22 15:00:00,-18.84,-0.41,421.3
2025-01-22 16:00:00,-11.34,-1.02,386.6
2025-01-22 17:00:00,-12.02,-3.65,365.4
2025-01-22 18:00:00,-12.51,0.71,413.4
2025-01-22 19:00:00,-13.71,-0.41,434.5
2025-01-22 20:00:00,-13.67,0.06,416.1
2025-01-22 21:00:00,-10.44,-0.36,326.4
2025-01-22 22:00:00,-6.73,1.51,366.6
2025-01-22 23:00:00,-14.15,1.76,401.4
2025-01-23 00:00:00,-6.77,-2.2,392.7
2025-01-23 01:00:00,-8.96,3.53,390.2
2025-01-23 02:00:00,-7.89,-0.48,370.5
2025-01-23 03:00:00,-11.07,1.18,357.8
2025-01-23 04:00:00,-6.52,0.36,460.2
2025-01-23 05:00:00,-8.16,0.21,400.8
2025-01-23 06:00:00,-6.39,1.11,419.3
2025-01-23 07:00:00,-8.46,2.64,400.2
2025-01-23 08:00:00,-7.02,1.55,401.4
2025-01-23 09:00:00,-7.68,-0.49,398.1
2025-01-23 10:00:00,-7.21,-0.17,366.4
2025-01-23 11:00:00,-13.55,-1.13,354.6
2025-01-23 12:00:00,-14.34,1.43,411.6
2025-01-23 13:00:00,-10.21,1.18,405.6
2025-01-23 14:00:00,-14.89,-0.68,428.1
2025-01-23 15:00:00,-10.31,2.65,422.1
2025-01-23 16:00:00,-13.65,2.15,375.7
2025-01-23 17:00:00,-13.01,3.65,434.0
2025-01-23 18:00:00,-10.77,-1.58,423.0
2025-01-23 19:00:00,-15.76,-0.2,420.7
2025-01-23 20:00:00,-16.05,-0.39,467.5
2025-01-23 21:00:00,-10.92,5.21,461.3
2025-01-23 22:00:00,-10.97,0.02,420.7
2025-01-23 23:00:00,-11.86,2.53,417.0
2025-01-24 00:00:00,-5.83,2.07,432.4
2025-01-24 01:00:00,-9.34,-0.17,382.5
2025-01-24 02:00:00,-7.4,0.11,382.9
2025-01-24 03:00:00,-6.4,1.05,420.2
2025-01-24 04:00:00,-8.47,2.52,374.3
2025-01-24 05:00:00,-4.94,-0.34,417.8
2025-01-24 06:00:00,-0.81,-1.02,404.7
2025-01-24 07:00:00,-3.84,1.86,374.3
2025-01-24 08:00:00,-5.58,-2.29,400.8
2025-01-24 09:00:00,-6.95,0.51,439.2
2025-01-24 10:00:00,-6.51,2.12,402.5
2025-01-24 11:00:00,-6.46,0.86,402.6
2025-01-24 12:00:00,-8.17,-1.13,409.9
2025-01-24 13:00:00,-12.29,-2.0,413.8
2025-01-24 14:00:00,-11.53,2.37,390.1
2025-01-24 15:00:00,-12.1,-0.35,410.5
2025-01-24 16:00:00,-17.35,-1.8,368.5
2025-01-24 17:00:00,-14.32,2.28,376.0
2025-01-24 18:00:00,-21.48,1.6,379.9
2025-01-24 19:00:00,-13.38,-2.1,414.1
2025-01-24 20:00:00,-12.35,5.03,404.8
2025-01-24 21:00:00,-11.29,-1.08,396.0
2025-01-24 22:00:00,-13.69,1.57,420.7
2025-01-24 23:00:00,-10.37,3.97,411.4
2025-01-25 00:00:00,-5.73,1.78,391.3
2025-01-25 01:00:00,-4.46,0.52,368.9
2025-01-25 02:00:00,-7.59,-2.86,375.4
2025-01-25 03:00:00,-6.05,4.08,356.0
2025-01-25 04:00:00,-2.34,1.73,404.2
2025-01-25 05:00:00,-9.67,-2.83,374.1
2025-01-25 06:00:00,-5.97,3.09,385.1
2025-01-25 07:00:00,-1.16,0.12,396.2
2025-01-25 08:00:00,-2.74,-0.56,431.3
2025-01-25 09:00:00,-5.36,-1.14,427.9
2025-01-25 10:00:00,-12.02,0.34,398.4
2025-01-25 11:00:00,-8.86,1.62,438.0
2025-01-25 12:00:00,-11.77,-0.99,339.6
2025-01-25 13:00:00,-10.3,0.26,456.3
2025-01-25 14:00:00,-14.93,6.76,420.8
2025-01-25 15:00:00,-16.61,0.95,403.1
2025-01-25 16:00:00,-20.52,1.93,373.3
2025-01-25 17:00:00,-11.16,-1.92,386.9
2025-01-25 18:00:00,-16.2,-2.71,418.3
2025-01-25 19:00:00,-14.36,2.93,419.0
2025-01-25 20:00:00,-14.34,2.36,420.1
2025-01-25 21:00:00,-16.74,3.43,378.1
2025-01-25 22:00:00,-16.28,-0.16,372.1
2025-01-25 23:00:00,-14.31,2.51,405.9
2025-01-26 00:00:00,-12.17,-5.11,423.1
2025-01-26 01:00:00,-7.61,1.08,400.1
2025-01-26 02:00:00,-9.89,2.07,444.4
2025-01-26 03:00:00,-1.22,-1.38,401.0
2025-01-26 04:00:00,-2.59,2.11,400.0
2025-01-26 05:00:00,-2.75,-0.36,420.1
2025-01-26 06:00:00,-5.36,-0.16,436.6
2025-01-26 07:00:00,-0.63,-0.52,359.5
2025-01-26 08:00:00,-6.32,3.16,366.5
2025-01-26 09:00:00,-6.56,-0.91,390.6
2025-01-26 10:00:00,-6.99,-1.15,494.8
2025-01-26 11:00:00,-6.6,-1.71,392.2
2025-01-26 12:00:00,-8.09,-0.74,396.3
2025-01-26 13:00:00,-12.72,0.39,418.6
2025-01-26 14:00:00,-14.1,1.28,429.3
2025-01-26 15:00:00,-11.62,-1.51,405.1
2025-01-26 16:00:00,-12.18,0.75,434.9
2025-01-26 17:00:00,-16.01,1.22,364.2
2025-01-26 18:00:00,-19.76,-1.87,377.0
2025-01-26 19:00:00,-15.45,0.13,434.9
2025-01-26 20:00:00,-12.46,-0.17,400.3
2025-01-26 21:00:00,-8.12,0.15,362.1
2025-01-26 22:00:00,-16.09,-1.06,360.3
2025-01-26 23:00:00,-12.57,-0.27,375.7
2025-01-27 00:00:00,-11.17,0.06,400.1
2025-01-27 01:00:00,-4.64,3.73,414.0
2025-01-27 02:00:00,-7.6,0.09,390.1
2025-01-27 03:00:00,-9.19,2.68,411.5
2025-01-27 04:00:00,-3.99,2.83,386.9
2025-01-27 05:00:00,-6.38,-2.64,436.7
2025-01-27 06:00:00,-8.67,-0.58,476.6
2025-01-27 07:00:00,-7.85,2.83,388.2
2025-01-27 08:00:00,-0.47,0.36,414.4
2025-01-27 09:00:00,-5.31,-0.23,412.0
2025-01-27 10:00:00,-7.18,1.5,404.2
2025-01-27 11:00:00,-9.46,2.14,419.6
2025-01-27 12:00:00,-9.12,-0.06,414.4
2025-01-27 13:00:00,-10.45,-0.56,385.9
2025-01-27 14:00:00,-11.62,-4.73,439.5
2025-01-27 15:00:00,-13.19,0.09,406.0
2025-01-27 16:00:00,-11.72,-0.76,388.5
2025-01-27 17:00:00,-14.76,-2.01,473.3
2025-01-27 18:00:00,-17.93,-0.41,396.5
2025-01-27 19:00:00,-16.67,-0.83,407.6
2025-01-27 20:00:00,-20.27,0.34,405.3
2025-01-27 21:00:00,-7.46,-0.56,396.1
2025-01-27 22:00:00,-9.91,0.89,413.5
2025-01-27 23:00:00,-13.78,0.35,374.7
2025-01-28 00:00:00,-10.85,2.55,417.9
2025-01-28 01:00:00,-10.62,-1.07,347.2
2025-01-28 02:00:00,-2.87,3.56,361.1
2025-01-28 03:00:00,-10.72,2.13,454.8
2025-01-28 04:00:00,-5.33,2.97,362.3
2025-01-28 05:00:00,-5.5,0.51,341.2
2025-01-28 06:00:00,-2.52,-0.56,363.1
2025-01-28 07:00:00,-5.48,-1.08,452.2
2025-01-28 08:00:00,-10.94,3.5,346.2
2025-01-28 09:00:00,-7.22,2.19,371.3
2025-01-28 10:00:00,-10.42,-2.02,356.3
2025-01-28 11:00:00,-8.47,1.96,391.8
2025-01-28 12:00:00,-5.7,-1.65,386.9
2025-01-28 13:00:00,-16.51,0.65,385.6
2025-01-28 14:00:00,-14.9,1.65,455.7
2025-01-28 15:00:00,-15.19,2.92,364.0
2025-01-28 16:00:00,-15.48,0.48,396.9
2025-01-28 17:00:00,-12.61,-0.27,410.2
2025-01-28 18:00:00,-15.52,0.09,370.6
2025-01-28 19:00:00,-13.58,2.13,414.6
2025-01-28 20:00:00,-16.21,1.58,388.0
2025-01-28 21:00:00,-12.85,-0.03,411.2
2025-01-28 22:00:00,-10.17,-3.73,396.8
2025-01-28 23:00:00,-13.49,-4.87,338.5
2025-01-29 00:00:00,-7.66,0.45,439.2
2025-01-29 01:00:00,-8.55,-2.36,462.1
2025-01-29 02:00:00,-4.36,-1.06,394.7
2025-01-29 03:00:00,-7.07,-0.45,373.1
2025-01-29 04:00:00,-4.53,4.15,445.2
2025-01-29 05:00:00,-5.29,0.24,456.7
2025-01-29 06:00:00,-5.29,1.44,394.9
2025-01-29 07:00:00,-4.39,1.01,393.4
2025-01-29 08:00:00,-4.06,-4.84,397.6
2025-01-29 09:00:00,-10.21,-0.8,349.8
2025-01-29 10:00:00,-3.2,-2.44,391.3
2025-01-29 11:00:00,-14.28,3.45,451.4
2025-01-29 12:00:00,-12.05,-3.64,394.9
2025-01-29 13:00:00,-11.58,-0.84,368.8
2025-01-29 14:00:00,-11.26,-0.52,414.9
2025-01-29 15:00:00,-8.81,-1.97,380.0
2025-01-29 16:00:00,-19.91,0.2,398.0
2025-01-29 17:00:00,-16.35,-0.08,361.9
2025-01-29 18:00:00,-21.38,0.33,368.9
2025-01-29 19:00:00,-14.73,1.0,422.1
2025-01-29 20:00:00,-13.52,0.47,403.5
2025-01-29 21:00:00,-8.76,0.76,376.7
2025-01-29 22:00:00,-12.14,2.22,403.6
2025-01-29 23:00:00,-8.16,-3.3,381.8
2025-01-30 00:00:00,-8.25,1.4,376.5
2025-01-30 01:00:00,-10.01,-2.09,434.9
2025-01-30 02:00:00,-11.73,-1.28,423.5
2025-01-30 03:00:00,-5.64,0.24,399.4
2025-01-30 04:00:00,-10.15,0.82,404.3
2025-01-30 05:00:00,-1.28,1.06,399.7
2025-01-30 06:00:00,-5.49,-1.89,414.6
2025-01-30 07:00:00,-1.58,3.26,376.0
2025-01-30 08:00:00,-7.11,-0.84,425.9
2025-01-30 09:00:00,-5.66,-1.44,410.6
2025-01-30 10:00:00,-6.87,-2.54,392.1
2025-01-30 11:00:00,-8.84,-2.74,385.4
2025-01-30 12:00:00,-11.3,-2.8,425.2
2025-01-30 13:00:00,-10.12,0.63,395.5
2025-01-30 14:00:00,-15.28,1.21,379.0
2025-01-30 15:00:00,-17.16,-1.73,388.5
2025-01-30 16:00:00,-10.6,-2.28,423.1
2025-01-30 17:00:00,-12.65,-0.42,351.7
2025-01-30 18:00:00,-14.8,0.19,389.3
2025-01-30 19:00:00,-9.83,0.53,432.1
2025-01-30 20:00:00,-15.13,-1.93,395.0
2025-01-30 21:00:00,-9.57,-0.33,408.2
2025-01-30 22:00:00,-11.97,3.13,432.6
2025-01-30 23:00:00,-14.37,-2.39,426.8
2025-01-31 00:00:00,-4.46,-0.06,386.8
2025-01-31 01:00:00,-5.73,1.0,396.1
2025-01-31 02:00:00,-7.86,-1.94,427.1
2025-01-31 03:00:00,-4.28,1.22,428.2
2025-01-31 04:00:00,-6.88,-2.68,397.4
2025-01-31 05:00:00,-2.68,1.27,398.4
2025-01-31 06:00:00,-12.17,0.09,408.0
2025-01-31 07:00:00,-8.23,-2.84,441.0
2025-01-31 08:00:00,-2.73,1.38,432.0
2025-01-31 09:00:00,-7.21,-1.79,420.8
2025-01-31 10:00:00,-6.88,-0.31,367.6
2025-01-31 11:00:00,-12.75,1.26,391.8
2025-01-31 12:00:00,-4.46,-1.93,393.3
2025-01-31 13:00:00,-7.72,-1.06,442.6
2025-01-31 14:00:00,-13.1,2.25,392.8
2025-01-31 15:00:00,-14.75,-4.14,437.6
2025-01-31 16:00:00,-11.24,2.84,382.9
2025-01-31 17:00:00,-8.88,-2.93,385.3
2025-01-31 18:00:00,-12.14,-1.4,414.4
2025-01-31 19:00:00,-8.31,0.56,447.0
2025-01-31 20:00:00,-17.1,1.21,393.6
2025-01-31 21:00:00,-15.99,0.6,323.1
2025-01-31 22:00:00,-16.07,0.09,353.1
2025-01-31 23:00:00,-9.97,-0.87,408.9
2025-02-01 00:00:00,-9.47,3.12,355.8
2025-02-01 01:00:00,-9.16,1.55,374.0
2025-02-01 02:00:00,-5.07,2.35,400.4
2025-02-01 03:00:00,-2.77,-0.84,326.5
2025-02-01 04:00:00,-10.25,-4.66,388.6
2025-02-01 05:00:00,-6.96,2.04,365.1
2025-02-01 06:00:00,-2.54,0.71,355.0
2025-02-01 07:00:00,-6.57,0.37,375.9
2025-02-01 08:00:00,-8.06,-1.13,367.9
2025-02-01 09:00:00,-3.41,-0.7,414.1
2025-02-01 10:00:00,-11.37,-1.2,435.9
2025-02-01 11:00:00,-9.61,0.09,389.1
2025-02-01 12:00:00,-9.01,-2.27,382.1
2025-02-01 13:00:00,-13.02,1.53,387.6
2025-02-01 14:00:00,-10.15,4.07,366.8
2025-02-01 15:00:00,-15.24,-1.2,361.3
2025-02-01 16:00:00,-10.1,-3.19,350.6
2025-02-01 17:00:00,-15.21,-0.2,360.1
2025-02-01 18:00:00,-12.99,0.63,449.0
2025-02-01 19:00:00,-12.59,0.91,379.3
2025-02-01 20:00:00,-16.21,3.21,311.8
2025-02-01 21:00:00,-19.7,1.63,382.4
2025-02-01 22:00:00,-11.42,-3.62,352.3
2025-02-01 23:00:00,-11.08,-2.47,401.8
2025-02-02 00:00:00,-8.33,0.81,398.5
2025-02-02 01:00:00,-9.39,-0.91,401.7
2025-02-02 02:00:00,-8.79,3.03,398.8
2025-02-02 03:00:00,-0.44,-1.87,388.8
2025-02-02 04:00:00,-10.09,1.92,356.3
2025-02-02 05:00:00,-2.97,-1.3,397.8
2025-02-02 06:00:00,-6.72,0.52,430.6
2025-02-02 07:00:00,-6.18,-1.66,454.4
2025-02-02 08:00:00,-6.62,1.12,392.9
2025-02-02 09:00:00,-8.87,2.15,396.1
2025-02-02 10:00:00,-5.79,0.51,415.0
2025-02-02 11:00:00,-4.53,3.82,444.8
2025-02-02 12:00:00,-8.59,-1.44,385.4
2025-02-02 13:00:00,-10.98,0.2,420.8
2025-02-02 14:00:00,-15.46,1.69,375.3
2025-02-02 15:00:00,-11.99,-1.9,409.9
2025-02-02 16:00:00,-7.86,0.12,429.1
2025-02-02 17:00:00,-15.97,1.33,361.3
2025-02-02 18:00:00,-16.13,1.86,384.2
2025-02-02 19:00:00,-16.51,2.28,428.6
2025-02-02 20:00:00,-15.8,-1.74,418.5
2025-02-02 21:00:00,-21.77,0.58,431.1
2025-02-02 22:00:00,-11.28,-2.63,425.5
2025-02-02 23:00:00,-13.83,-1.45,389.8
2025-02-03 00:00:00,-14.83,-0.35,466.0
2025-02-03 01:00:00,-6.45,2.29,404.1
2025-02-03 02:00:00,-10.75,1.06,308.3
2025-02-03 03:00:00,-7.48,0.08,391.5
2025-02-03 04:00:00,-1.27,0.9,385.9
2025-02-03 05:00:00,-9.4,1.04,423.9
2025-02-03 06:00:00,-9.6,0.74,386.5
2025-02-03 07:00:00,-4.36,-1.15,433.0
2025-02-03 08:00:00,-2.22,-1.91,416.7
2025-02-03 09:00:00,-11.19,-0.45,370.0
2025-02-03 10:00:00,-6.28,-1.59,395.8
2025-02-03 11:00:00,-6.96,1.24,376.7
2025-02-03 12:00:00,-16.18,3.06,405.5
2025-02-03 13:00:00,-8.9,1.13,376.6
2025-02-03 14:00:00,-9.87,-3.62,402.2
2025-02-03 15:00:00,-14.47,-1.27,391.8
2025-02-03 16:00:00,-10.57,0.04,395.4
2025-02-03 17:00:00,-11.42,-2.87,461.5
2025-02-03 18:00:00,-14.69,0.06,389.2
2025-02-03 19:00:00,-16.18,0.94,342.0
2025-02-03 20:00:00,-17.25,2.82,430.5
2025-02-03 21:00:00,-13.65,3.64,430.2
2025-02-03 22:00:00,-10.79,-2.38,340.6
2025-02-03 23:00:00,-12.27,-0.23,379.0
2025-02-04 00:00:00,-16.59,-0.21,413.1
2025-02-04 01:00:00,-4.9,-1.43,415.7
2025-02-04 02:00:00,-6.93,0.2,399.9
2025-02-04 03:00:00,-7.6,-0.16,400.5
2025-02-04 04:00:00,-3.1,1.23,371.8
2025-02-04 05:00:00,-0.6,2.71,328.0
2025-02-04 06:00:00,-13.41,0.26,461.5
2025-02-04 07:00:00,-3.87,-0.98,370.9
2025-02-04 08:00:00,-9.95,-2.05,405.3
2025-02-04 09:00:00,-4.97,4.08,395.2
2025-02-04 10:00:00,-7.12,1.81,426.9
2025-02-04 11:00:00,-6.8,0.8,403.4
2025-02-04 12:00:00,-11.5,-0.33,404.6
2025-02-04 13:00:00,-16.91,3.22,321.0
2025-02-04 14:00:00,-13.85,-0.32,375.0
2025-02-04 15:00:00,-12.31,-3.42,422.3
2025-02-04 16:00:00,-11.28,0.53,419.6
2025-02-04 17:00:00,-18.35,-2.46,371.5
2025-02-04 18:00:00,-11.92,0.54,352.7
2025-02-04 19:00:00,-16.77,2.69,403.8
2025-02-04 20:00:00,-13.24,-3.35,312.8
2025-02-04 21:00:00,-15.07,-1.8,365.5
2025-02-04 22:00:00,-11.95,1.73,452.8
2025-02-04 23:00:00,-8.62,-1.0,443.4
2025-02-05 00:00:00,-13.68,0.83,414.6
2025-02-05 01:00:00,-10.75,0.83,409.2
2025-02-05 02:00:00,-6.95,1.78,341.5
2025-02-05 03:00:00,0.74,-1.29,377.8
2025-02-05 04:00:00,-8.26,-5.1,391.1
2025-02-05 05:00:00,0.95,0.79,378.4
2025-02-05 06:00:00,1.01,-3.14,389.5
2025-02-05 07:00:00,-5.46,1.87,439.0
2025-02-05 08:00:00,-6.56,-0.08,383.7
2025-02-05 09:00:00,-8.54,-0.59,389.8
2025-02-05 10:00:00,-7.7,1.38,422.2
2025-02-05 11:00:00,-12.93,-3.48,357.4
2025-02-05 12:00:00,-10.23,-0.4,374.8
2025-02-05 13:00:00,-6.8,0.9,377.9
2025-02-05 14:00:00,-14.33,0.51,401.7
2025-02-05 15:00:00,-14.26,-0.98,389.7
2025-02-05 16:00:00,-19.43,-0.96,390.6
2025-02-05 17:00:00,-13.71,3.09,380.1
2025-02-05 18:00:00,-14.21,1.83,367.9
2025-02-05 19:00:00,-14.64,-1.33,418.3
2025-02-05 20:00:00,-14.98,2.7,389.9
2025-02-05 21:00:00,-14.41,1.51,418.6
2025-02-05 22:00:00,-10.99,0.98,366.7
2025-02-05 23:00:00,-11.38,1.05,380.0
2025-02-06 00:00:00,-9.06,-2.29,393.4
2025-02-06 01:00:00,-8.06,3.01,396.2
2025-02-06 02:00:00,-4.13,1.9,422.6
2025-02-06 03:00:00,-4.43,0.49,387.1
2025-02-06 04:00:00,-5.09,0.49,422.4
2025-02-06 05:00:00,-0.62,-0.18,411.2
2025-02-06 06:00:00,-3.74,-1.14,396.8
2025-02-06 07:00:00,-1.26,1.07,371.5
2025-02-06 08:00:00,-3.85,-1.59,422.7
2025-02-06 09:00:00,-11.99,0.3,372.2
2025-02-06 10:00:00,-3.59,0.19,399.4
2025-02-06 11:00:00,-8.3,0.77,398.4
2025-02-06 12:00:00,-10.16,1.88,393.8
2025-02-06 13:00:00,-10.45,0.81,388.3
2025-02-06 14:00:00,-13.53,1.39,375.3
2025-02-06 15:00:00,-12.85,-3.88,351.5
2025-02-06 16:00:00,-16.11,0.92,442.1
2025-02-06 17:00:00,-11.01,0.15,385.2
2025-02-06 18:00:00,-15.34,0.74,396.2
2025-02-06 19:00:00,-15.98,-1.06,396.0
2025-02-06 20:00:00,-17.1,2.3,432.9
2025-02-06 21:00:00,-12.73,0.5,458.0
2025-02-06 22:00:00,-11.94,-1.49,404.8
2025-02-06 23:00:00,-10.13,-1.14,395.3
2025-02-07 00:00:00,-13.08,1.81,366.3
2025-02-07 01:00:00,-13.51,-0.17,356.7
2025-02-07 02:00:00,-5.62,-0.01,346.8
2025-02-07 03:00:00,-2.01,-0.4,376.1
2025-02-07 04:00:00,-8.75,2.02,337.3
2025-02-07 05:00:00,-0.4,0.96,432.4
2025-02-07 06:00:00,-4.15,-2.37,412.7
2025-02-07 07:00:00,-5.19,-1.95,392.5
2025-02-07 08:00:00,-6.86,0.01,433.3
2025-02-07 09:00:00,-10.62,-1.29,367.9
2025-02-07 10:00:00,-4.54,-4.32,375.4
2025-02-07 11:00:00,-11.03,-1.49,342.0
2025-02-07 12:00:00,-12.34,-0.56,423.2
2025-02-07 13:00:00,-8.32,-0.8,375.7
2025-02-07 14:00:00,-18.15,1.44,400.5
2025-02-07 15:00:00,-18.11,-4.47,430.1
2025-02-07 16:00:00,-14.38,-1.54,441.1
2025-02-07 17:00:00,-13.95,1.59,399.1
2025-02-07 18:00:00,-13.55,-1.34,411.5
2025-02-07 19:00:00,-15.74,-2.42,372.9
2025-02-07 20:00:00,-6.74,-1.36,450.5
2025-02-07 21:00:00,-14.22,0.89,395.0
2025-02-07 22:00:00,-13.19,-0.51,402.4
2025-02-07 23:00:00,-13.69,-1.45,387.8
2025-02-08 00:00:00,-9.63,0.96,436.0
2025-02-08 01:00:00,-6.86,0.75,406.0
2025-02-08 02:00:00,-3.89,-2.53,422.8
2025-02-08 03:00:00,-10.93,0.19,410.6
2025-02-08 04:00:00,-6.41,-2.6,393.4
2025-02-08 05:00:00,-3.83,2.34,427.9
2025-02-08 06:00:00,-3.24,2.46,410.4
2025-02-08 07:00:00,-5.15,-0.58,371.2
2025-02-08 08:00:00,-4.04,2.13,370.3
2025-02-08 09:00:00,-8.89,-1.51,404.5
2025-02-08 10:00:00,-2.83,-0.28,427.2
2025-02-08 11:00:00,-5.73,-1.17,449.2
2025-02-08 12:00:00,-14.03,-0.05,346.7
2025-02-08 13:00:00,-14.52,0.13,400.8
2025-02-08 14:00:00,-15.64,-0.01,414.7
2025-02-08 15:00:00,-11.5,-0.18,408.9
2025-02-08 16:00:00,-18.18,0.25,430.3
2025-02-08 17:00:00,-15.82,2.51,419.7
2025-02-08 18:00:00,-13.64,-4.02,370.4
2025-02-08 19:00:00,-15.03,3.84,369.6
2025-02-08 20:00:00,-13.55,-0.7,409.4
2025-02-08 21:00:00,-16.73,-0.16,429.7
2025-02-08 22:00:00,-10.72,2.66,404.3
2025-02-08 23:00:00,-13.13,1.21,352.7
2025-02-09 00:00:00,-10.97,1.07,368.6
2025-02-09 01:00:00,-7.99,2.49,420.7
2025-02-09 02:00:00,-7.19,-0.33,389.5
2025-02-09 03:00:00,-6.39,1.84,403.5
2025-02-09 04:00:00,-7.92,-2.52,432.0
2025-02-09 05:00:00,-6.07,0.84,363.9
2025-02-09 06:00:00,-4.99,1.12,387.6
2025-02-09 07:00:00,-9.3,2.29,384.3
2025-02-09 08:00:00,-7.06,1.42,410.7
2025-02-09 09:00:00,-5.3,0.41,423.2
2025-02-09 10:00:00,-11.33,-0.64,355.6
2025-02-09 11:00:00,-5.24,-0.66,399.8
2025-02-09 12:00:00,-6.19,-0.64,426.1
2025-02-09 13:00:00,-15.03,-2.6,344.4
2025-02-09 14:00:00,-8.43,3.49,398.1
2025-02-09 15:00:00,-13.97,2.0,363.5
2025-02-09 16:00:00,-13.07,0.51,380.8
2025-02-09 17:00:00,-16.32,1.63,324.8
2025-02-09 18:00:00,-12.23,1.51,441.8
2025-02-09 19:00:00,-13.61,-1.99,389.3
2025-02-09 20:00:00,-16.77,1.27,375.8
2025-02-09 21:00:00,-17.03,2.54,409.8
2025-02-09 22:00:00,-16.88,-1.36,368.7
2025-02-09 23:00:00,-10.73,-3.07,365.9
2025-02-10 00:00:00,-8.28,-2.32,445.3
2025-02-10 01:00:00,-6.75,-0.19,454.3
2025-02-10 02:00:00,-7.85,-2.44,382.2
2025-02-10 03:00:00,-9.94,-0.34,432.0
2025-02-10 04:00:00,-7.72,-1.31,410.7
2025-02-10 05:00:00,-1.71,-0.0,357.6
2025-02-10 06:00:00,-6.45,-1.02,372.2
2025-02-10 07:00:00,-4.74,-0.07,446.5
2025-02-10 08:00:00,-8.9,1.21,357.2
2025-02-10 09:00:00,-5.45,-1.92,468.4
2025-02-10 10:00:00,-8.87,0.56,382.9
2025-02-10 11:00:00,-5.57,-1.7,447.4
2025-02-10 12:00:00,-7.68,-0.01,390.8
2025-02-10 13:00:00,-12.78,-0.16,424.0
2025-02-10 14:00:00,-12.88,0.71,441.9
2025-02-10 15:00:00,-15.19,0.37,441.7
2025-02-10 16:00:00,-18.59,2.48,382.5
2025-02-10 17:00:00,-17.4,-0.05,374.3
2025-02-10 18:00:00,-14.41,-1.26,397.6
2025-02-10 19:00:00,-13.85,1.86,361.0
2025-02-10 20:00:00,-13.88,0.66,407.2
2025-02-10 21:00:00,-14.44,1.77,375.4
2025-02-10 22:00:00,-9.7,-0.24,432.5
2025-02-10 23:00:00,-11.1,-2.62,382.9
2025-02-11 00:00:00,-7.89,4.49,347.7
2025-02-11 01:00:00,-14.03,-1.21,442.0
2025-02-11 02:00:00,-19.27,-2.32,405.5
2025-02-11 03:00:00,-5.61,1.43,400.9
2025-02-11 04:00:00,-9.94,-1.89,432.8
2025-02-11 05:00:00,-5.81,-0.78,426.1
2025-02-11 06:00:00,-5.91,0.25,377.1
2025-02-11 07:00:00,-0.41,-0.29,386.5
2025-02-11 08:00:00,-4.47,-0.73,366.6
2025-02-11 09:00:00,-5.97,3.18,356.1
2025-02-11 10:00:00,-4.99,-0.22,417.4
2025-02-11 11:00:00,-7.6,-1.8,411.8
2025-02-11 12:00:00,-11.37,1.95,422.8
2025-02-11 13:00:00,-8.08,-1.45,438.4
2025-02-11 14:00:00,-15.83,-0.22,423.2
2025-02-11 15:00:00,-12.57,-1.81,425.9
2025-02-11 16:00:00,-18.97,0.42,337.7
2025-02-11 17:00:00,-14.22,0.08,390.8
2025-02-11 18:00:00,-14.42,-0.06,428.9
2025-02-11 19:00:00,-9.8,0.3,365.0
2025-02-11 20:00:00,-19.03,1.64,402.8
2025-02-11 21:00:00,-15.34,1.41,415.6
2025-02-11 22:00:00,-10.03,-2.08,413.3
2025-02-11 23:00:00,-10.29,-1.35,411.1
2025-02-12 00:00:00,-9.46,1.85,418.0
2025-02-12 01:00:00,-11.57,-1.57,405.4
2025-02-12 02:00:00,-9.27,0.98,356.1
2025-02-12 03:00:00,-2.73,1.68,415.2
2025-02-12 04:00:00,-5.82,-3.28,408.5
2025-02-12 05:00:00,-4.04,-0.81,356.5
2025-02-12 06:00:00,-5.35,1.63,441.4
2025-02-12 07:00:00,-8.72,-0.29,416.0
2025-02-12 08:00:00,-2.87,-0.81,358.6
2025-02-12 09:00:00,-4.95,1.66,375.5
2025-02-12 10:00:00,-0.58,2.21,383.1
2025-02-12 11:00:00,-11.75,-1.36,383.1
2025-02-12 12:00:00,-7.53,3.53,408.8
2025-02-12 13:00:00,-15.23,-3.57,370.7
2025-02-12 14:00:00,-12.03,-3.01,433.8
2025-02-12 15:00:00,-10.61,-0.91,431.4
2025-02-12 16:00:00,-20.55,-0.67,418.6
2025-02-12 17:00:00,-15.44,-0.58,401.3
2025-02-12 18:00:00,-16.69,-1.07,428.1
2025-02-12 19:00:00,-16.94,-1.45,391.7
2025-02-12 20:00:00,-13.17,-0.44,378.3
2025-02-12 21:00:00,-10.17,-1.18,435.7
2025-02-12 22:00:00,-12.9,1.36,409.5
2025-02-12 23:00:00,-10.68,0.06,379.5
2025-02-13 00:00:00,-9.66,-0.44,387.5
2025-02-13 01:00:00,-8.7,-0.14,377.9
2025-02-13 02:00:00,-10.77,2.23,460.7
2025-02-13 03:00:00,-3.14,-0.97,400.1
2025-02-13 04:00:00,-4.78,-2.55,404.7
2025-02-13 05:00:00,-3.99,-1.95,421.6
2025-02-13 06:00:00,-7.42,-0.47,363.5
2025-02-13 07:00:00,-6.55,0.96,432.9
2025-02-13 08:00:00,-6.2,1.76,381.8
2025-02-13 09:00:00,-11.07,3.3,454.9
2025-02-13 10:00:00,-12.56,1.48,390.6
2025-02-13 11:00:00,-10.51,-1.77,431.1
2025-02-13 12:00:00,-8.43,-0.41,325.1
2025-02-13 13:00:00,-13.25,-4.33,364.7
2025-02-13 14:00:00,-15.56,-0.62,391.2
2025-02-13 15:00:00,-15.98,-1.21,339.1
2025-02-13 16:00:00,-15.7,-4.63,418.0
2025-02-13 17:00:00,-15.89,4.22,409.4
2025-02-13 18:00:00,-8.5,-0.76,370.3
2025-02-13 19:00:00,-11.67,-4.21,399.5
2025-02-13 20:00:00,-11.26,-0.55,424.2
2025-02-13 21:00:00,-10.03,3.3,336.9
2025-02-13 22:00:00,-15.5,3.81,361.8
2025-02-13 23:00:00,-14.96,0.12,389.9
2025-02-14 00:00:00,-13.32,0.19,400.7
2025-02-14 01:00:00,-4.7,2.45,398.2
2025-02-14 02:00:00,-9.14,-0.3,426.7
2025-02-14 03:00:00,-10.22,0.92,414.3
2025-02-14 04:00:00,-6.96,1.68,420.9
2025-02-14 05:00:00,-5.89,-2.15,358.3
2025-02-14 06:00:00,-4.19,3.07,404.3
2025-02-14 07:00:00,-4.42,-1.76,390.8
2025-02-14 08:00:00,-8.15,-1.27,443.9
2025-02-14 09:00:00,-4.41,0.2,405.2
2025-02-14 10:00:00,-9.42,1.88,379.9
2025-02-14 11:00:00,-9.17,1.35,425.6
2025-02-14 12:00:00,-7.94,-0.1,416.9
2025-02-14 13:00:00,-13.22,0.57,375.4
2025-02-14 14:00:00,-14.21,2.15,389.5
2025-02-14 15:00:00,-11.76,0.02,390.1
2025-02-14 16:00:00,-16.9,-1.62,436.8
2025-02-14 17:00:00,-15.98,-1.21,406.1
2025-02-14 18:00:00,-13.33,1.82,421.8
2025-02-14 19:00:00,-8.67,-1.62,385.2
2025-02-14 20:00:00,-12.51,-3.14,410.0
2025-02-14 21:00:00,-12.12,-0.61,439.1
2025-02-14 22:00:00,-10.91,-0.15,389.2
2025-02-14 23:00:00,-14.51,1.72,403.5
2025-02-15 00:00:00,-9.65,-2.92,359.1
2025-02-15 01:00:00,-8.8,0.69,377.0
2025-02-15 02:00:00,-6.54,2.3,390.0
2025-02-15 03:00:00,-6.11,-1.63,368.2
2025-02-15 04:00:00,-4.53,0.16,439.7
2025-02-15 05:00:00,-6.1,-4.3,374.9
2025-02-15 06:00:00,-4.82,1.75,423.6
2025-02-15 07:00:00,-8.85,1.59,405.6
2025-02-15 08:00:00,-6.63,-0.04,400.9
2025-02-15 09:00:00,-2.29,-2.65,444.6
2025-02-15 10:00:00,-6.54,1.33,332.2
2025-02-15 11:00:00,-8.77,-0.49,394.1
2025-02-15 12:00:00,-4.31,-5.56,367.6
2025-02-15 13:00:00,-15.38,1.56,341.2
2025-02-15 14:00:00,-15.83,2.33,364.2
2025-02-15 15:00:00,-8.4,2.68,400.5
2025-02-15 16:00:00,-14.19,-2.55,378.2
2025-02-15 17:00:00,-15.56,-3.83,426.9
2025-02-15 18:00:00,-18.6,-0.82,393.6
2025-02-15 19:00:00,-13.49,1.04,390.3
2025-02-15 20:00:00,-12.7,-1.89,390.4
2025-02-15 21:00:00,-16.82,-3.18,397.0
2025-02-15 22:00:00,-12.92,1.45,387.4
2025-02-15 23:00:00,-12.3,-0.69,374.5
2025-02-16 00:00:00,-9.23,1.25,429.7
2025-02-16 01:00:00,-12.06,0.03,381.3
2025-02-16 02:00:00,-3.74,-0.33,388.5
2025-02-16 03:00:00,-3.72,-0.13,412.9
2025-02-16 04:00:00,-6.76,-0.72,409.6
2025-02-16 05:00:00,-5.82,-0.92,373.2
2025-02-16 06:00:00,-5.41,-2.2,422.6
2025-02-16 07:00:00,-7.51,0.97,416.1
2025-02-16 08:00:00,-7.0,2.5,405.3
2025-02-16 09:00:00,-7.28,-1.0,387.1
2025-02-16 10:00:00,-2.66,3.73,387.8
2025-02-16 11:00:00,-5.87,0.75,393.9
2025-02-16 12:00:00,-7.2,0.52,363.0
2025-02-16 13:00:00,-10.18,1.31,398.8
2025-02-16 14:00:00,-15.85,1.95,426.8
2025-02-16 15:00:00,-13.66,-0.91,426.3
2025-02-16 16:00:00,-11.42,1.11,388.6
2025-02-16 17:00:00,-18.6,2.09,431.9
2025-02-16 18:00:00,-13.09,-0.76,457.2
2025-02-16 19:00:00,-7.86,0.01,390.5
2025-02-16 20:00:00,-11.14,-1.53,420.7
2025-02-16 21:00:00,-9.29,-0.99,332.1
2025-02-16 22:00:00,-11.84,-0.7,362.3
2025-02-16 23:00:00,-8.39,-1.81,402.7
2025-02-17 00:00:00,-12.15,-0.13,369.8
2025-02-17 01:00:00,-6.32,0.66,461.2
2025-02-17 02:00:00,-5.54,0.86,417.9
2025-02-17 03:00:00,-5.59,-1.62,429.0
2025-02-17 04:00:00,-1.72,-1.21,399.1
2025-02-17 05:00:00,-6.79,1.7,369.9
2025-02-17 06:00:00,-5.56,-1.22,384.4
2025-02-17 07:00:00,-4.88,1.65,407.6
2025-02-17 08:00:00,-8.76,-1.46,380.9
2025-02-17 09:00:00,-5.78,0.75,420.1
2025-02-17 10:00:00,-12.66,1.5,421.3
2025-02-17 11:00:00,-5.57,-5.3,400.1
2025-02-17 12:00:00,-9.86,1.74,345.2
2025-02-17 13:00:00,-12.86,2.61,451.4
2025-02-17 14:00:00,-15.0,-0.62,393.6
2025-02-17 15:00:00,-14.24,0.69,481.3
2025-02-17 16:00:00,-12.27,-1.68,419.6
2025-02-17 17:00:00,-13.19,0.73,393.7
2025-02-17 18:00:00,-17.12,4.92,413.4
2025-02-17 19:00:00,-17.37,-4.39,339.4
2025-02-17 20:00:00,-12.36,-1.0,430.8
2025-02-17 21:00:00,-15.7,1.59,477.0
2025-02-17 22:00:00,-12.32,2.52,337.3
2025-02-17 23:00:00,-10.92,-2.76,391.4
2025-02-18 00:00:00,-9.06,-1.28,396.8
2025-02-18 01:00:00,-6.13,-1.16,426.3
2025-02-18 02:00:00,-11.29,-1.31,463.2
2025-02-18 03:00:00,-12.2,-0.23,411.5
2025-02-18 04:00:00,-7.37,-2.86,464.3
2025-02-18 05:00:00,0.23,-0.51,405.1
2025-02-18 06:00:00,1.07,-1.87,413.5
2025-02-18 07:00:00,0.32,-0.14,409.8
2025-02-18 08:00:00,-6.25,-1.41,436.6
2025-02-18 09:00:00,-11.81,-0.34,387.3
2025-02-18 10:00:00,-14.53,-2.07,424.5
2025-02-18 11:00:00,-10.55,1.91,363.1
2025-02-18 12:00:00,-10.59,-0.65,391.5
2025-02-18 13:00:00,-7.39,0.03,380.9
2025-02-18 14:00:00,-9.9,-0.29,402.6
2025-02-18 15:00:00,-12.85,0.01,390.5
2025-02-18 16:00:00,-17.0,0.0,434.0
2025-02-18 17:00:00,-17.71,1.61,373.6
2025-02-18 18:00:00,-14.24,-0.57,348.1
2025-02-18 19:00:00,-12.74,-1.44,359.3
2025-02-18 20:00:00,-13.15,0.08,429.8
2025-02-18 21:00:00,-16.64,-1.23,370.9
2025-02-18 22:00:00,-10.55,-0.15,411.9
2025-02-18 23:00:00,-10.02,-2.1,391.2
2025-02-19 00:00:00,-13.21,2.1,424.7
2025-02-19 01:00:00,-11.06,-1.56,393.1
2025-02-19 02:00:00,-5.43,2.4,482.9
2025-02-19 03:00:00,-7.17,-0.12,456.9
2025-02-19 04:00:00,-0.9,1.71,390.5
2025-02-19 05:00:00,-3.67,-1.53,386.4
2025-02-19 06:00:00,-6.46,-3.93,494.0
2025-02-19 07:00:00,-5.2,-3.3,367.6
2025-02-19 08:00:00,-5.48,5.01,398.3
2025-02-19 09:00:00,-8.65,-1.2,400.7
2025-02-19 10:00:00,-10.24,2.19,399.9
2025-02-19 11:00:00,-6.6,-2.6,347.8
2025-02-19 12:00:00,-7.46,0.36,414.9
2025-02-19 13:00:00,-9.48,0.7,370.9
2025-02-19 14:00:00,-7.95,5.67,443.1
2025-02-19 15:00:00,-15.16,-0.64,356.3
2025-02-19 16:00:00,-9.31,-1.42,401.8
2025-02-19 17:00:00,-17.53,0.7,333.5
2025-02-19 18:00:00,-18.04,-1.85,335.4
2025-02-19 19:00:00,-20.11,0.82,374.8
2025-02-19 20:00:00,-15.67,-0.11,379.1
2025-02-19 21:00:00,-15.05,-1.51,444.0
2025-02-19 22:00:00,-10.92,0.99,398.8
2025-02-19 23:00:00,-10.56,0.22,438.8
2025-02-20 00:00:00,-13.58,1.52,388.6
2025-02-20 01:00:00,-9.88,3.3,418.2
2025-02-20 02:00:00,-8.61,-1.0,378.2
2025-02-20 03:00:00,-11.79,-0.82,376.2
2025-02-20 04:00:00,-8.61,-2.69,345.4
2025-02-20 05:00:00,-7.48,1.04,410.1
2025-02-20 06:00:00,-0.7,-1.29,407.9
2025-02-20 07:00:00,-4.6,0.69,423.3
2025-02-20 08:00:00,-3.68,2.33,406.4
2025-02-20 09:00:00,-10.96,-1.37,460.8
2025-02-20 10:00:00,-3.92,-0.95,405.3
2025-02-20 11:00:00,-4.8,2.03,429.8
2025-02-20 12:00:00,-16.0,1.41,390.3
2025-02-20 13:00:00,-13.41,1.2,372.7
2025-02-20 14:00:00,-11.01,-0.78,421.5
2025-02-20 15:00:00,-11.6,-2.87,397.3
2025-02-20 16:00:00,-16.37,-1.42,425.0
2025-02-20 17:00:00,-15.75,-2.02,410.6
2025-02-20 18:00:00,-16.79,1.16,376.2
2025-02-20 19:00:00,-14.5,0.57,432.2
2025-02-20 20:00:00,-10.74,-1.2,373.9
2025-02-20 21:00:00,-15.85,-0.86,418.8
2025-02-20 22:00:00,-9.5,0.95,438.4
2025-02-20 23:00:00,-13.64,-0.64,388.5
2025-02-21 00:00:00,-12.54,-1.16,434.7
2025-02-21 01:00:00,-6.25,3.96,411.9
2025-02-21 02:00:00,-4.73,-1.1,425.6
2025-02-21 03:00:00,-3.91,1.34,374.9
2025-02-21 04:00:00,-9.62,0.79,406.4
2025-02-21 05:00:00,-6.57,-3.05,357.8
2025-02-21 06:00:00,-2.53,-1.36,451.3
2025-02-21 07:00:00,-5.05,1.64,339.6
2025-02-21 08:00:00,-8.89,-0.26,389.4
2025-02-21 09:00:00,-5.09,-2.93,372.0
2025-02-21 10:00:00,-9.64,0.79,420.2
2025-02-21 11:00:00,-3.32,-1.16,457.7
2025-02-21 12:00:00,-5.37,0.87,419.6
2025-02-21 13:00:00,-9.48,5.38,488.8
2025-02-21 14:00:00,-8.42,0.76,358.7
2025-02-21 15:00:00,-13.34,1.22,361.0
2025-02-21 16:00:00,-12.03,-0.51,373.2
2025-02-21 17:00:00,-10.4,-2.24,403.6
2025-02-21 18:00:00,-14.26,2.05,369.2
2025-02-21 19:00:00,-15.6,-1.21,377.5
2025-02-21 20:00:00,-19.44,-0.46,418.6
2025-02-21 21:00:00,-13.78,3.59,362.8
2025-02-21 22:00:00,-10.03,-0.68,366.0
2025-02-21 23:00:00,-8.46,2.43,388.0
2025-02-22 00:00:00,-8.49,0.77,390.9
2025-02-22 01:00:00,-10.33,-1.11,430.3
2025-02-22 02:00:00,-13.43,0.68,373.0
2025-02-22 03:00:00,-7.95,-1.43,378.4
2025-02-22 04:00:00,-6.58,1.81,417.5
2025-02-22 05:00:00,-6.11,2.49,424.0
2025-02-22 06:00:00,-3.14,0.1,442.9
2025-02-22 07:00:00,0.79,2.68,414.1
2025-02-22 08:00:00,-5.3,0.32,403.9
2025-02-22 09:00:00,-7.11,1.83,417.3
2025-02-22 10:00:00,-8.28,5.9,392.0
2025-02-22 11:00:00,-8.33,4.95,391.8
2025-02-22 12:00:00,-12.48,-0.37,346.8
2025-02-22 13:00:00,-10.93,0.59,426.8
2025-02-22 14:00:00,-11.15,-2.11,406.3
2025-02-22 15:00:00,-12.91,1.6,423.3
2025-02-22 16:00:00,-12.96,0.78,315.5
2025-02-22 17:00:00,-13.53,-1.55,398.6
2025-02-22 18:00:00,-20.32,2.37,374.3
2025-02-22 19:00:00,-12.92,-0.53,445.0
2025-02-22 20:00:00,-16.34,-1.04,418.4
2025-02-22 21:00:00,-16.82,0.8,407.0
2025-02-22 22:00:00,-15.81,-0.93,387.0
2025-02-22 23:00:00,-9.99,-0.06,411.9
2025-02-23 00:00:00,-10.67,3.49,372.2
2025-02-23 01:00:00,-13.75,-1.23,397.0
2025-02-23 02:00:00,-6.07,1.35,382.6
2025-02-23 03:00:00,-10.78,-1.17,468.0
2025-02-23 04:00:00,-5.25,-1.95,444.1
2025-02-23 05:00:00,-4.45,-0.16,431.9
2025-02-23 06:00:00,-2.34,5.37,355.3
2025-02-23 07:00:00,0.17,1.56,425.9
2025-02-23 08:00:00,-9.76,0.92,405.6
2025-02-23 09:00:00,-6.62,-1.05,436.7
2025-02-23 10:00:00,-8.33,-0.77,409.7
2025-02-23 11:00:00,-7.4,-2.97,399.8
2025-02-23 12:00:00,-9.35,3.59,407.0
2025-02-23 13:00:00,-12.35,0.54,345.8
2025-02-23 14:00:00,-13.82,0.36,377.0
2025-02-23 15:00:00,-16.88,0.41,411.2
2025-02-23 16:00:00,-11.37,4.18,434.2
2025-02-23 17:00:00,-13.45,0.6,383.5
2025-02-23 18:00:00,-12.25,-0.39,398.8
2025-02-23 19:00:00,-15.76,3.6,352.0
2025-02-23 20:00:00,-16.3,-0.26,443.8
2025-02-23 21:00:00,-16.77,-3.38,433.4
2025-02-23 22:00:00,-11.42,-3.05,419.6
2025-02-23 23:00:00,-14.41,-0.38,412.2
2025-02-24 00:00:00,-4.45,0.58,446.6
2025-02-24 01:00:00,-12.63,1.64,375.8
2025-02-24 02:00:00,-6.68,-1.84,372.6
2025-02-24 03:00:00,-1.76,-0.45,431.8
2025-02-24 04:00:00,-3.87,-1.62,429.8
2025-02-24 05:00:00,-4.64,2.23,364.2
2025-02-24 06:00:00,-7.91,2.56,384.1
2025-02-24 07:00:00,-9.32,3.92,450.7
2025-02-24 08:00:00,-3.36,0.7,412.4
2025-02-24 09:00:00,-1.95,3.73,423.6
2025-02-24 10:00:00,-8.82,-1.39,365.2
2025-02-24 11:00:00,-12.12,0.43,419.7
2025-02-24 12:00:00,-17.37,-2.12,357.4
2025-02-24 13:00:00,-14.24,1.15,340.6
2025-02-24 14:00:00,-12.84,0.57,421.8
2025-02-24 15:00:00,-8.74,-4.91,443.0
2025-02-24 16:00:00,-12.31,2.22,392.4
2025-02-24 17:00:00,-13.91,1.71,383.6
2025-02-24 18:00:00,-16.2,-1.11,451.3
2025-02-24 19:00:00,-16.58,0.56,394.2
2025-02-24 20:00:00,-10.11,-2.99,398.0
2025-02-24 21:00:00,-12.93,-1.54,450.8
2025-02-24 22:00:00,-18.81,3.34,389.4
2025-02-24 23:00:00,-13.31,-2.31,380.4
2025-02-25 00:00:00,-12.57,0.02,424.5
2025-02-25 01:00:00,-10.34,-2.79,378.6
2025-02-25 02:00:00,-5.81,0.68,395.7
2025-02-25 03:00:00,-6.79,1.13,360.4
2025-02-25 04:00:00,-5.9,1.45,405.6
2025-02-25 05:00:00,-1.23,0.94,402.0
2025-02-25 06:00:00,-7.09,2.85,429.0
2025-02-25 07:00:00,0.42,-1.11,425.7
2025-02-25 08:00:00,-7.68,-2.12,416.5
2025-02-25 09:00:00,-6.2,-1.17,411.8
2025-02-25 10:00:00,-8.34,-2.69,397.8
2025-02-25 11:00:00,-8.34,0.16,418.3
2025-02-25 12:00:00,-8.67,-0.28,366.6
2025-02-25 13:00:00,-9.99,0.96,329.5
2025-02-25 14:00:00,-14.76,-3.23,434.9
2025-02-25 15:00:00,-16.9,-0.03,420.2
2025-02-25 16:00:00,-6.82,2.43,396.2
2025-02-25 17:00:00,-16.28,1.14,432.2
2025-02-25 18:00:00,-12.9,-3.79,378.1
2025-02-25 19:00:00,-19.65,-0.02,378.8
2025-02-25 20:00:00,-15.17,-1.47,374.7
2025-02-25 21:00:00,-13.92,0.03,417.0
2025-02-25 22:00:00,-11.08,-0.76,352.5
2025-02-25 23:00:00,-19.46,3.48,377.0
2025-02-26 00:00:00,-9.5,0.17,408.7
2025-02-26 01:00:00,-12.16,0.63,363.9
2025-02-26 02:00:00,-6.53,-0.09,380.2
2025-02-26 03:00:00,-9.57,0.95,333.7
2025-02-26 04:00:00,-8.24,-0.43,418.2
2025-02-26 05:00:00,-5.99,1.55,379.4
2025-02-26 06:00:00,-8.16,-0.78,367.0
2025-02-26 07:00:00,-6.6,2.75,361.1
2025-02-26 08:00:00,-9.25,0.99,387.5
2025-02-26 09:00:00,-11.96,-0.31,352.6
2025-02-26 10:00:00,-4.45,1.68,458.3
2025-02-26 11:00:00,-12.59,0.99,328.5
2025-02-26 12:00:00,-10.54,1.65,386.5
2025-02-26 13:00:00,-9.04,0.17,403.2
2025-02-26 14:00:00,-14.34,-0.48,376.7
2025-02-26 15:00:00,-16.01,0.27,406.4
2025-02-26 16:00:00,-13.65,-1.0,376.0
2025-02-26 17:00:00,-11.48,1.96,445.9
2025-02-26 18:00:00,-18.51,2.94,366.4
2025-02-26 19:00:00,-15.28,1.16,329.5
2025-02-26 20:00:00,-19.53,2.84,361.0
2025-02-26 21:00:00,-14.72,2.25,411.6
2025-02-26 22:00:00,-12.4,-0.54,396.5
2025-02-26 23:00:00,-13.86,1.67,422.6
2025-02-27 00:00:00,-11.37,-2.57,415.1
2025-02-27 01:00:00,-12.93,0.37,380.9
2025-02-27 02:00:00,-7.27,-2.36,385.3
2025-02-27 03:00:00,-3.3,-0.22,388.4
2025-02-27 04:00:00,-8.96,-2.88,456.5
2025-02-27 05:00:00,-7.04,2.19,420.7
2025-02-27 06:00:00,-3.49,-0.79,456.8
2025-02-27 07:00:00,-1.53,1.81,425.2
2025-02-27 08:00:00,-10.15,-0.15,398.1
2025-02-27 09:00:00,-6.97,-3.69,369.4
2025-02-27 10:00:00,-6.65,-0.97,406.0
2025-02-27 11:00:00,-9.01,-1.06,398.2
2025-02-27 12:00:00,-17.43,-0.03,397.2
2025-02-27 13:00:00,-9.79,3.02,393.7
2025-02-27 14:00:00,-7.94,3.35,338.4
2025-02-27 15:00:00,-13.19,-0.46,437.8
2025-02-27 16:00:00,-17.42,-2.52,398.5
2025-02-27 17:00:00,-16.37,-1.49,357.6
2025-02-27 18:00:00,-9.69,0.96,414.5
2025-02-27 19:00:00,-12.1,-0.22,374.3
2025-02-27 20:00:00,-12.41,-3.15,416.9
2025-02-27 21:00:00,-12.47,-1.01,426.4
2025-02-27 22:00:00,-14.48,2.62,430.6
2025-02-27 23:00:00,-11.9,0.58,395.2
2025-02-28 00:00:00,-10.23,0.09,387.6
2025-02-28 01:00:00,-7.06,-0.78,381.2
2025-02-28 02:00:00,-2.97,-0.92,378.3
2025-02-28 03:00:00,-3.11,1.09,399.5
2025-02-28 04:00:00,-9.93,0.28,393.7
2025-02-28 05:00:00,-4.5,1.54,375.2
2025-02-28 06:00:00,-2.79,1.09,365.7
2025-02-28 07:00:00,-3.31,0.04,396.7
2025-02-28 08:00:00,-7.56,0.77,387.0
2025-02-28 09:00:00,2.28,-1.19,365.8
2025-02-28 10:00:00,-11.33,-0.1,424.9
2025-02-28 11:00:00,-11.96,2.68,453.2
2025-02-28 12:00:00,-9.3,0.02,428.9
2025-02-28 13:00:00,-4.94,-0.43,378.4
2025-02-28 14:00:00,-15.01,0.42,398.5
2025-02-28 15:00:00,-14.33,-2.33,446.2
2025-02-28 16:00:00,-11.1,0.44,364.8
2025-02-28 17:00:00,-14.88,3.39,423.5
2025-02-28 18:00:00,-16.0,-1.62,356.6
2025-02-28 19:00:00,-13.13,0.53,450.5
2025-02-28 20:00:00,-13.51,-0.05,387.1
2025-02-28 21:00:00,-10.44,-0.1,466.9
2025-02-28 22:00:00,-8.63,-0.13,451.8
2025-02-28 23:00:00,-10.37,1.43,396.8
2025-03-01 00:00:00,-9.12,-2.2,378.4
2025-03-01 01:00:00,-8.06,1.38,405.8
2025-03-01 02:00:00,-6.03,0.14,394.6
2025-03-01 03:00:00,-6.3,-3.53,388.0
2025-03-01 04:00:00,-5.67,0.76,350.3
2025-03-01 05:00:00,-1.58,0.23,384.6
2025-03-01 06:00:00,-0.45,-1.74,366.7
2025-03-01 07:00:00,-9.69,0.32,416.5
2025-03-01 08:00:00,-5.64,-2.63,429.7
2025-03-01 09:00:00,-8.53,-1.37,422.2
2025-03-01 10:00:00,-8.43,0.07,410.3
2025-03-01 11:00:00,-7.5,-3.37,374.4
2025-03-01 12:00:00,-7.99,-2.3,406.2
2025-03-01 13:00:00,-11.63,-2.0,423.8
2025-03-01 14:00:00,-18.24,0.16,382.4
2025-03-01 15:00:00,-16.43,0.88,403.6
2025-03-01 16:00:00,-11.64,-1.79,395.6
2025-03-01 17:00:00,-23.05,-1.9,449.9
2025-03-01 18:00:00,-11.44,0.28,425.5
2025-03-01 19:00:00,-13.27,0.22,418.3
2025-03-01 20:00:00,-10.38,-1.4,348.5
2025-03-01 21:00:00,-14.13,3.66,405.2
2025-03-01 22:00:00,-18.68,0.37,395.3
2025-03-01 23:00:00,-10.0,-0.34,395.1
2025-03-02 00:00:00,-6.18,-0.77,353.1
2025-03-02 01:00:00,-5.93,2.02,367.4
2025-03-02 02:00:00,-9.49,1.09,398.0
2025-03-02 03:00:00,-6.2,-3.48,433.4
2025-03-02 04:00:00,-7.27,-1.39,382.3
2025-03-02 05:00:00,-7.63,-0.89,388.0
2025-03-02 06:00:00,-2.13,-0.02,453.4
2025-03-02 07:00:00,-8.76,1.25,391.1
2025-03-02 08:00:00,-8.35,-2.14,396.1
2025-03-02 09:00:00,-9.78,-0.16,396.5
2025-03-02 10:00:00,-11.97,3.4,359.6
2025-03-02 11:00:00,-8.27,0.06,417.2
2025-03-02 12:00:00,-6.52,-1.39,380.4
2025-03-02 13:00:00,-11.85,-2.67,399.1
2025-03-02 14:00:00,-17.02,-0.97,413.3
2025-03-02 15:00:00,-11.02,-2.16,458.3
2025-03-02 16:00:00,-9.27,-0.79,360.5
2025-03-02 17:00:00,-16.77,1.08,425.9
2025-03-02 18:00:00,-16.44,0.07,426.1
2025-03-02 19:00:00,-13.28,-0.96,380.9
2025-03-02 20:00:00,-9.46,-3.58,418.0
2025-03-02 21:00:00,-15.1,1.66,449.3
2025-03-02 22:00:00,-16.5,-0.7,377.1
2025-03-02 23:00:00,-9.4,0.22,407.2
2025-03-03 00:00:00,-7.6,-1.82,412.1
2025-03-03 01:00:00,-8.69,-0.82,416.0
2025-03-03 02:00:00,-9.17,-1.16,423.1
2025-03-03 03:00:00,-3.48,-2.67,405.0
2025-03-03 04:00:00,-4.09,-1.82,415.4
2025-03-03 05:00:00,-7.48,-0.03,372.7
2025-03-03 06:00:00,-4.85,0.6,404.9
2025-03-03 07:00:00,-9.23,-1.37,385.7
2025-03-03 08:00:00,-3.61,-2.41,363.1
2025-03-03 09:00:00,-7.25,-0.71,384.7
2025-03-03 10:00:00,-8.81,1.56,408.1
2025-03-03 11:00:00,-8.8,-1.88,413.1
2025-03-03 12:00:00,-9.88,0.03,361.9
2025-03-03 13:00:00,-8.61,-1.32,371.9
2025-03-03 14:00:00,-10.73,2.26,421.7
2025-03-03 15:00:00,-14.0,-1.01,415.2
2025-03-03 16:00:00,-12.04,1.32,426.6
2025-03-03 17:00:00,-13.63,2.03,441.0
2025-03-03 18:00:00,-16.28,3.08,416.1
2025-03-03 19:00:00,-15.2,-2.71,387.6
2025-03-03 20:00:00,-14.77,-2.8,403.4
2025-03-03 21:00:00,-12.02,2.33,449.8
2025-03-03 22:00:00,-13.6,2.0,482.9
2025-03-03 23:00:00,-12.47,-1.23,413.9
2025-03-04 00:00:00,-4.09,-6.47,416.1
2025-03-04 01:00:00,-5.89,0.16,421.8
2025-03-04 02:00:00,-9.78,-3.03,400.7
2025-03-04 03:00:00,-4.75,-1.66,434.9
2025-03-04 04:00:00,-5.31,0.36,430.2
2025-03-04 05:00:00,-4.0,0.63,410.6
2025-03-04 06:00:00,-4.59,3.16,390.5
2025-03-04 07:00:00,-1.6,-0.75,354.4
2025-03-04 08:00:00,-4.63,-1.95,422.0
2025-03-04 09:00:00,-6.65,1.83,406.4
2025-03-04 10:00:00,-4.37,0.75,377.9
2025-03-04 11:00:00,-8.01,-0.73,366.1
2025-03-04 12:00:00,-9.64,0.06,419.8
2025-03-04 13:00:00,-10.35,-0.76,352.0
2025-03-04 14:00:00,-12.78,1.38,409.0
2025-03-04 15:00:00,-13.51,3.38,425.3
2025-03-04 16:00:00,-16.09,-1.45,416.5
2025-03-04 17:00:00,-17.08,0.84,388.3
2025-03-04 18:00:00,-18.0,-3.06,362.5
2025-03-04 19:00:00,-19.01,-2.15,417.6
2025-03-04 20:00:00,-16.97,1.13,436.0
2025-03-04 21:00:00,-14.06,-0.14,382.8
2025-03-04 22:00:00,-12.19,-2.22,415.2
2025-03-04 23:00:00,-12.11,0.02,447.4
2025-03-05 00:00:00,-17.07,1.76,410.2
2025-03-05 01:00:00,-3.98,-2.89,388.1
2025-03-05 02:00:00,-4.24,3.49,431.2
2025-03-05 03:00:00,-5.13,1.15,377.9
2025-03-05 04:00:00,0.05,1.19,361.1
2025-03-05 05:00:00,-8.1,-0.0,424.4
2025-03-05 06:00:00,0.66,3.49,387.8
2025-03-05 07:00:00,-8.07,1.92,390.5
2025-03-05 08:00:00,-4.95,-0.74,381.2
2025-03-05 09:00:00,-10.29,1.51,385.8
2025-03-05 10:00:00,-7.46,-1.47,442.1
2025-03-05 11:00:00,-7.55,-0.56,449.9
2025-03-05 12:00:00,-10.46,2.93,453.8
2025-03-05 13:00:00,-9.15,0.78,432.7
2025-03-05 14:00:00,-12.2,1.32,414.0
2025-03-05 15:00:00,-15.1,2.34,357.0
2025-03-05 16:00:00,-16.03,1.1,394.4
2025-03-05 17:00:00,-12.4,-1.62,464.7
2025-03-05 18:00:00,-16.96,3.32,386.9
2025-03-05 19:00:00,-12.08,1.03,445.4
2025-03-05 20:00:00,-10.66,1.17,401.7
2025-03-05 21:00:00,-18.54,0.11,319.7
2025-03-05 22:00:00,-9.1,2.22,419.2
2025-03-05 23:00:00,-5.11,3.83,438.0
2025-03-06 00:00:00,-9.24,-0.75,398.5
2025-03-06 01:00:00,-6.91,2.13,437.0
2025-03-06 02:00:00,-4.39,0.07,350.0
2025-03-06 03:00:00,-7.29,-4.0,358.4
2025-03-06 04:00:00,-5.12,-2.81,406.1
2025-03-06 05:00:00,-9.11,0.85,414.3
2025-03-06 06:00:00,-4.58,2.02,440.7
2025-03-06 07:00:00,-3.68,1.22,419.2
2025-03-06 08:00:00,-4.12,1.54,364.2
2025-03-06 09:00:00,-3.27,5.18,406.4
2025-03-06 10:00:00,-9.82,1.06,418.0
2025-03-06 11:00:00,-10.3,-0.53,343.8
2025-03-06 12:00:00,-4.31,-0.25,398.7
2025-03-06 13:00:00,-11.75,3.27,389.9
2025-03-06 14:00:00,-11.9,-2.54,380.4
2025-03-06 15:00:00,-13.74,2.48,415.0
2025-03-06 16:00:00,-16.8,0.03,365.5
2025-03-06 17:00:00,-9.96,-1.66,412.5
2025-03-06 18:00:00,-16.58,-2.9,416.8
2025-03-06 19:00:00,-18.21,2.96,432.5
2025-03-06 20:00:00,-15.68,-1.71,366.3
2025-03-06 21:00:00,-19.54,0.12,354.8
2025-03-06 22:00:00,-14.45,-1.95,408.4
2025-03-06 23:00:00,-14.2,3.93,391.4
2025-03-07 00:00:00,-8.15,0.2,487.1
2025-03-07 01:00:00,-10.73,-2.69,413.8
2025-03-07 02:00:00,-4.84,-0.86,401.7
2025-03-07 03:00:00,-2.27,2.79,394.8
2025-03-07 04:00:00,-3.33,-1.95,363.5
2025-03-07 05:00:00,-5.82,-0.72,416.9
2025-03-07 06:00:00,-4.58,2.37,397.6
2025-03-07 07:00:00,-9.75,0.68,397.7
2025-03-07 08:00:00,-6.07,-2.44,402.8
2025-03-07 09:00:00,-9.05,0.45,406.6
2025-03-07 10:00:00,-5.42,-0.31,347.8
2025-03-07 11:00:00,-0.99,0.1,425.1
2025-03-07 12:00:00,-8.5,1.89,374.6
2025-03-07 13:00:00,-17.27,0.48,395.9
2025-03-07 14:00:00,-13.58,-0.19,438.6
2025-03-07 15:00:00,-13.17,-0.28,453.4
2025-03-07 16:00:00,-14.07,2.15,349.0
2025-03-07 17:00:00,-17.02,-1.44,400.9
2025-03-07 18:00:00,-14.26,-4.34,408.2
2025-03-07 19:00:00,-18.56,-0.45,354.8
2025-03-07 20:00:00,-17.16,0.76,424.1
2025-03-07 21:00:00,-11.6,-0.83,403.5
2025-03-07 22:00:00,-15.55,-1.05,405.8
2025-03-07 23:00:00,-9.68,-0.73,372.5
2025-03-08 00:00:00,-14.11,-0.05,412.4
2025-03-08 01:00:00,-3.41,-2.6,425.1
2025-03-08 02:00:00,-9.82,1.32,403.8
2025-03-08 03:00:00,-7.14,-5.32,384.6
2025-03-08 04:00:00,-4.68,1.08,386.9
2025-03-08 05:00:00,-6.87,0.63,406.6
2025-03-08 06:00:00,-4.57,0.99,401.5
2025-03-08 07:00:00,-3.44,-3.86,427.1
2025-03-08 08:00:00,-2.79,0.59,385.6
2025-03-08 09:00:00,-4.09,-1.09,363.4
2025-03-08 10:00:00,-8.02,3.2,410.8
2025-03-08 11:00:00,-9.15,0.72,385.7
2025-03-08 12:00:00,-2.95,-2.35,423.5
2025-03-08 13:00:00,-8.44,-3.38,400.2
2025-03-08 14:00:00,-15.27,-1.23,419.6
2025-03-08 15:00:00,-13.24,1.62,369.6
2025-03-08 16:00:00,-15.34,2.3,404.3
2025-03-08 17:00:00,-15.24,0.36,379.0
2025-03-08 18:00:00,-18.69,0.16,363.4
2025-03-08 19:00:00,-16.07,-0.66,374.2
2025-03-08 20:00:00,-8.9,-0.04,383.7
2025-03-08 21:00:00,-11.8,2.43,437.3
2025-03-08 22:00:00,-19.97,-0.69,382.9
2025-03-08 23:00:00,-7.64,1.32,361.9
2025-03-09 00:00:00,-6.73,-1.06,403.9
2025-03-09 01:00:00,-9.78,2.03,400.9
2025-03-09 02:00:00,-5.35,1.16,385.2
2025-03-09 03:00:00,-9.04,1.94,395.2
2025-03-09 04:00:00,-7.08,3.76,429.3
2025-03-09 05:00:00,-0.67,-5.16,420.1
2025-03-09 06:00:00,-5.82,1.51,417.5
2025-03-09 07:00:00,-10.78,0.94,364.5
2025-03-09 08:00:00,-5.86,0.89,486.6
2025-03-09 09:00:00,-6.7,0.48,431.5
2025-03-09 10:00:00,-3.9,0.48,415.5
2025-03-09 11:00:00,-8.66,0.67,365.1
2025-03-09 12:00:00,-11.26,1.81,428.4
2025-03-09 13:00:00,-8.16,1.65,385.0
2025-03-09 14:00:00,-12.14,-0.05,394.2
2025-03-09 15:00:00,-15.79,-0.37,349.6
2025-03-09 16:00:00,-10.87,0.04,362.8
2025-03-09 17:00:00,-14.25,-0.83,413.2
2025-03-09 18:00:00,-14.99,3.56,430.2
2025-03-09 19:00:00,-14.3,-2.54,420.5
2025-03-09 20:00:00,-17.54,1.5,419.5
2025-03-09 21:00:00,-15.12,1.49,398.1
2025-03-09 22:00:00,-12.49,-1.06,387.8
2025-03-09 23:00:00,-11.88,0.59,408.7
2025-03-10 00:00:00,-6.18,2.53,424.6
2025-03-10 01:00:00,-8.05,-0.66,400.1
2025-03-10 02:00:00,-4.94,2.62,436.3
2025-03-10 03:00:00,-6.44,2.24,393.5
2025-03-10 04:00:00,-2.5,-1.42,370.6
2025-03-10 05:00:00,-3.98,-2.22,399.7
2025-03-10 06:00:00,-4.96,0.33,403.2
2025-03-10 07:00:00,-5.21,-2.48,397.5
2025-03-10 08:00:00,-8.53,-5.81,438.4
2025-03-10 09:00:00,-4.94,-0.98,424.2
2025-03-10 10:00:00,-7.62,4.35,357.1
2025-03-10 11:00:00,-10.21,-0.89,446.0
2025-03-10 12:00:00,-6.68,0.76,317.8
2025-03-10 13:00:00,-15.04,1.4,464.5
2025-03-10 14:00:00,-13.77,-0.08,391.4
2025-03-10 15:00:00,-10.45,-0.67,394.3
2025-03-10 16:00:00,-13.38,2.46,398.2
2025-03-10 17:00:00,-14.97,0.08,411.6
2025-03-10 18:00:00,-14.25,-0.18,400.0
2025-03-10 19:00:00,-14.29,1.59,396.0
2025-03-10 20:00:00,-18.88,-2.06,439.3
2025-03-10 21:00:00,-14.58,-2.53,417.0
2025-03-10 22:00:00,-7.65,-3.25,371.2
2025-03-10 23:00:00,-13.27,1.14,422.2
2025-03-11 00:00:00,-10.95,-0.33,415.7
2025-03-11 01:00:00,-10.33,1.65,383.6
2025-03-11 02:00:00,-7.76,0.1,423.8
2025-03-11 03:00:00,-8.21,-2.74,395.3
2025-03-11 04:00:00,-4.21,-0.71,393.3
2025-03-11 05:00:00,-4.58,1.79,392.5
2025-03-11 06:00:00,-2.68,-0.52,327.2
2025-03-11 07:00:00,-8.32,2.37,384.2
2025-03-11 08:00:00,-6.69,-0.91,421.4
2025-03-11 09:00:00,-7.14,1.44,399.3
2025-03-11 10:00:00,-6.13,-3.57,361.4
2025-03-11 11:00:00,-11.09,-0.45,428.9
2025-03-11 12:00:00,-7.25,-0.77,391.0
2025-03-11 13:00:00,-7.73,-2.8,363.4
2025-03-11 14:00:00,-15.47,2.22,466.2
2025-03-11 15:00:00,-15.01,-1.28,368.4
2025-03-11 16:00:00,-15.93,-1.49,426.4
2025-03-11 17:00:00,-6.93,2.6,376.9
2025-03-11 18:00:00,-16.29,0.32,404.1
2025-03-11 19:00:00,-9.8,1.56,372.9
2025-03-11 20:00:00,-18.13,-3.41,362.8
2025-03-11 21:00:00,-16.5,-1.6,415.7
2025-03-11 22:00:00,-14.56,4.17,412.2
2025-03-11 23:00:00,-13.83,1.71,434.3
2025-03-12 00:00:00,-10.8,-2.15,399.0
2025-03-12 01:00:00,-10.83,0.45,466.6
2025-03-12 02:00:00,-9.96,-1.99,408.1
2025-03-12 03:00:00,-2.99,2.79,417.0
2025-03-12 04:00:00,-2.0,-4.54,359.2
2025-03-12 05:00:00,-2.32,0.55,381.6
2025-03-12 06:00:00,-3.43,0.52,415.6
2025-03-12 07:00:00,-4.89,-2.23,397.5
2025-03-12 08:00:00,-7.16,-0.55,405.6
2025-03-12 09:00:00,-9.32,0.75,375.5
2025-03-12 10:00:00,-6.41,-3.56,403.7
2025-03-12 11:00:00,-12.23,-2.56,403.6
2025-03-12 12:00:00,-12.98,-0.31,364.6
2025-03-12 13:00:00,-7.84,-1.67,419.3
2025-03-12 14:00:00,-6.8,-0.93,349.0
2025-03-12 15:00:00,-12.36,-0.04,405.5
2025-03-12 16:00:00,-11.01,-1.82,453.0
2025-03-12 17:00:00,-15.57,-0.05,420.4
2025-03-12 18:00:00,-19.01,0.6,420.2
2025-03-12 19:00:00,-12.99,1.56,373.1
2025-03-12 20:00:00,-12.62,-2.49,453.1
2025-03-12 21:00:00,-13.32,-1.26,441.3
2025-03-12 22:00:00,-13.23,1.18,374.7
2025-03-12 23:00:00,-8.41,-2.96,385.8
2025-03-13 00:00:00,-12.96,0.21,437.6
2025-03-13 01:00:00,-11.03,0.06,453.9
2025-03-13 02:00:00,-10.52,-5.17,362.1
2025-03-13 03:00:00,-6.21,-0.99,369.9
2025-03-13 04:00:00,-8.93,0.66,395.7
2025-03-13 05:00:00,-7.22,-0.42,334.9
2025-03-13 06:00:00,-7.12,-0.95,400.6
2025-03-13 07:00:00,-5.95,0.31,435.6
2025-03-13 08:00:00,-10.13,1.98,356.8
2025-03-13 09:00:00,-6.2,1.08,403.8
2025-03-13 10:00:00,-3.76,-1.51,382.5
2025-03-13 11:00:00,-8.3,-2.92,449.2
2025-03-13 12:00:00,-5.38,1.04,382.9
2025-03-13 13:00:00,-7.29,-2.36,445.6
2025-03-13 14:00:00,-10.17,-1.06,382.1
2025-03-13 15:00:00,-13.31,0.4,423.1
2025-03-13 16:00:00,-14.26,2.29,407.6
2025-03-13 17:00:00,-12.54,2.57,395.9
2025-03-13 18:00:00,-16.18,0.12,376.3
2025-03-13 19:00:00,-20.48,-1.02,409.7
2025-03-13 20:00:00,-12.85,-2.4,386.8
2025-03-13 21:00:00,-16.93,3.92,379.3
2025-03-13 22:00:00,-15.39,-0.58,444.2
2025-03-13 23:00:00,-11.29,1.36,416.4
2025-03-14 00:00:00,-10.29,0.39,419.3
2025-03-14 01:00:00,-12.94,-0.99,388.3
2025-03-14 02:00:00,-7.0,-1.08,394.4
2025-03-14 03:00:00,-3.57,-2.77,392.5
2025-03-14 04:00:00,-9.05,2.24,410.1
2025-03-14 05:00:00,-1.35,-0.24,419.3
2025-03-14 06:00:00,-9.68,2.86,399.1
2025-03-14 07:00:00,1.18,-0.9,376.2
2025-03-14 08:00:00,-6.9,-0.6,422.8
2025-03-14 09:00:00,-6.03,-2.27,401.0
2025-03-14 10:00:00,-13.18,-0.62,356.8
2025-03-14 11:00:00,-8.89,-2.48,335.9
2025-03-14 12:00:00,-9.31,0.81,408.9
2025-03-14 13:00:00,-11.55,0.22,375.1
2025-03-14 14:00:00,-14.19,2.95,412.9
2025-03-14 15:00:00,-16.38,-2.92,376.7
2025-03-14 16:00:00,-10.94,2.43,404.0
2025-03-14 17:00:00,-14.74,-1.96,388.6
2025-03-14 18:00:00,-10.38,0.69,452.6
2025-03-14 19:00:00,-16.41,-2.29,428.5
2025-03-14 20:00:00,-15.63,0.41,440.4
2025-03-14 21:00:00,-11.09,-5.02,400.7
2025-03-14 22:00:00,-17.37,-1.34,424.7
2025-03-14 23:00:00,-14.93,0.21,402.7
2025-03-15 00:00:00,-6.71,3.51,444.1
2025-03-15 01:00:00,-12.22,-4.26,397.8
2025-03-15 02:00:00,-12.96,-0.0,358.1
2025-03-15 03:00:00,-0.86,-1.04,340.0
2025-03-15 04:00:00,-9.85,-3.83,450.0
2025-03-15 05:00:00,-4.62,-2.25,414.4
2025-03-15 06:00:00,-4.79,-0.94,416.3
2025-03-15 07:00:00,-13.6,0.93,444.7
2025-03-15 08:00:00,-6.47,0.18,350.4
2025-03-15 09:00:00,-5.12,-2.62,389.2
2025-03-15 10:00:00,-6.44,-3.67,392.9
2025-03-15 11:00:00,-6.0,0.84,422.3
2025-03-15 12:00:00,-11.16,-0.39,379.2
2025-03-15 13:00:00,-9.16,3.22,364.0
2025-03-15 14:00:00,-14.57,-0.71,363.7
2025-03-15 15:00:00,-17.77,2.29,434.5
2025-03-15 16:00:00,-18.22,1.09,377.7
2025-03-15 17:00:00,-19.22,1.64,383.4
2025-03-15 18:00:00,-11.97,0.86,419.0
2025-03-15 19:00:00,-19.37,0.91,379.0
2025-03-15 20:00:00,-13.51,-4.58,348.9
2025-03-15 21:00:00,-14.33,-0.47,352.5
2025-03-15 22:00:00,-12.81,-1.33,398.3
2025-03-15 23:00:00,-7.2,2.54,414.9
2025-03-16 00:00:00,-11.32,-2.0,393.9
2025-03-16 01:00:00,-6.87,-0.56,412.9
2025-03-16 02:00:00,-7.39,1.6,351.6
2025-03-16 03:00:00,-6.92,0.6,353.6
2025-03-16 04:00:00,1.23,0.33,467.6
2025-03-16 05:00:00,-9.49,2.22,437.0
2025-03-16 06:00:00,-1.13,0.52,423.1
2025-03-16 07:00:00,-3.2,-1.09,380.2
2025-03-16 08:00:00,-7.11,-2.59,392.9
2025-03-16 09:00:00,-1.58,0.97,399.9
2025-03-16 10:00:00,-13.04,-1.54,439.4
2025-03-16 11:00:00,-10.27,-0.48,412.1
2025-03-16 12:00:00,-13.63,2.16,415.8
2025-03-16 13:00:00,-10.06,-0.44,395.0
2025-03-16 14:00:00,-15.84,-0.89,423.8
2025-03-16 15:00:00,-12.24,-0.56,409.1
2025-03-16 16:00:00,-14.89,-0.51,401.3
2025-03-16 17:00:00,-16.27,-1.98,377.7
2025-03-16 18:00:00,-13.83,3.35,396.6
2025-03-16 19:00:00,-15.64,-1.1,367.6
2025-03-16 20:00:00,-17.6,1.57,398.8
2025-03-16 21:00:00,-5.13,-2.04,402.7
2025-03-16 22:00:00,-13.96,1.1,327.9
2025-03-16 23:00:00,-17.95,0.34,393.1
2025-03-17 00:00:00,-12.53,0.05,364.7
2025-03-17 01:00:00,-12.51,0.35,415.0
2025-03-17 02:00:00,-5.02,0.83,419.1
2025-03-17 03:00:00,-5.5,-0.45,387.2
2025-03-17 04:00:00,-4.47,-0.35,416.5
2025-03-17 05:00:00,-6.28,1.15,417.7
2025-03-17 06:00:00,-5.84,-2.28,393.1
2025-03-17 07:00:00,-6.28,-2.59,446.0
2025-03-17 08:00:00,-5.91,0.36,378.2
2025-03-17 09:00:00,-3.96,-4.02,444.1
2025-03-17 10:00:00,-6.49,-3.37,393.2
2025-03-17 11:00:00,-7.21,3.61,374.7
2025-03-17 12:00:00,-8.5,3.1,389.5
2025-03-17 13:00:00,-8.64,-1.14,367.0
2025-03-17 14:00:00,-11.64,2.0,423.5
2025-03-17 15:00:00,-12.46,2.07,351.9
2025-03-17 16:00:00,-10.76,0.94,441.7
2025-03-17 17:00:00,-16.82,-0.16,371.9
2025-03-17 18:00:00,-17.57,1.25,425.1
2025-03-17 19:00:00,-18.39,1.6,400.7
2025-03-17 20:00:00,-13.78,1.28,408.1
2025-03-17 21:00:00,-19.1,-3.1,382.3
2025-03-17 22:00:00,-11.11,4.07,410.6
2025-03-17 23:00:00,-11.62,4.81,404.0
2025-03-18 00:00:00,-6.6,-3.82,356.3
2025-03-18 01:00:00,-10.72,1.02,371.1
2025-03-18 02:00:00,-8.11,4.09,383.8
2025-03-18 03:00:00,-3.1,2.0,377.4
2025-03-18 04:00:00,-1.52,2.03,437.6
2025-03-18 05:00:00,-7.21,-2.88,400.2
2025-03-18 06:00:00,-4.45,1.58,376.6
2025-03-18 07:00:00,-4.29,0.48,385.3
2025-03-18 08:00:00,-4.55,1.56,384.9
2025-03-18 09:00:00,-7.25,-2.07,391.4
2025-03-18 10:00:00,-3.66,-2.14,367.7
2025-03-18 11:00:00,-14.38,-0.29,375.6
2025-03-18 12:00:00,-11.26,-0.76,423.0
2025-03-18 13:00:00,-9.95,-0.31,405.6
2025-03-18 14:00:00,-11.13,-0.96,395.4
2025-03-18 15:00:00,-9.48,-0.4,400.1
2025-03-18 16:00:00,-10.74,-1.33,398.6
2025-03-18 17:00:00,-15.69,-0.1,393.7
2025-03-18 18:00:00,-11.1,-2.85,415.5
2025-03-18 19:00:00,-16.97,1.03,413.3
2025-03-18 20:00:00,-11.54,0.52,352.8
2025-03-18 21:00:00,-8.1,-2.52,396.1
2025-03-18 22:00:00,-8.86,2.65,354.8
2025-03-18 23:00:00,-10.98,-1.65,419.1
2025-03-19 00:00:00,-11.0,2.38,423.0
2025-03-19 01:00:00,-13.29,0.66,381.7
2025-03-19 02:00:00,-6.57,2.0,396.5
2025-03-19 03:00:00,-9.81,0.35,336.7
2025-03-19 04:00:00,-8.05,1.13,429.2
2025-03-19 05:00:00,-8.74,1.98,421.3
2025-03-19 06:00:00,-6.38,3.81,434.5
2025-03-19 07:00:00,-5.25,2.15,444.6
2025-03-19 08:00:00,-4.85,0.9,363.3
2025-03-19 09:00:00,-8.27,-2.7,426.6
2025-03-19 10:00:00,-4.29,-4.83,444.4
2025-03-19 11:00:00,-9.33,-0.26,355.2
2025-03-19 12:00:00,-12.36,-1.43,394.9
2025-03-19 13:00:00,-10.62,-1.36,389.1
2025-03-19 14:00:00,-6.61,-0.16,425.7
2025-03-19 15:00:00,-12.53,1.33,328.2
2025-03-19 16:00:00,-15.42,-1.24,454.5
2025-03-19 17:00:00,-19.41,1.79,396.6
2025-03-19 18:00:00,-15.66,0.07,427.5
2025-03-19 19:00:00,-14.12,0.08,398.2
2025-03-19 20:00:00,-15.49,3.75,414.8
2025-03-19 21:00:00,-18.53,0.36,330.4
2025-03-19 22:00:00,-15.05,-0.11,388.5
2025-03-19 23:00:00,-6.93,1.05,425.4
2025-03-20 00:00:00,-5.7,3.59,408.7
2025-03-20 01:00:00,-11.37,-0.09,350.9
2025-03-20 02:00:00,-5.48,0.88,401.8
2025-03-20 03:00:00,-10.0,-0.22,375.4
2025-03-20 04:00:00,-1.46,-0.21,372.8
2025-03-20 05:00:00,-4.43,-0.98,354.4
2025-03-20 06:00:00,-2.15,-1.12,418.6
2025-03-20 07:00:00,-10.32,3.39,433.4
2025-03-20 08:00:00,-3.64,-1.11,463.6
2025-03-20 09:00:00,-6.49,-3.08,355.8
2025-03-20 10:00:00,-4.94,0.25,423.0
2025-03-20 11:00:00,-5.96,2.04,425.0
2025-03-20 12:00:00,-9.8,2.49,382.6
2025-03-20 13:00:00,-13.1,-2.39,372.5
2025-03-20 14:00:00,-10.16,2.23,367.4
2025-03-20 15:00:00,-13.72,4.12,384.2
2025-03-20 16:00:00,-16.95,-1.37,406.1
2025-03-20 17:00:00,-17.59,-0.35,440.8
2025-03-20 18:00:00,-19.43,-2.46,433.2
2025-03-20 19:00:00,-16.36,3.71,351.5
2025-03-20 20:00:00,-11.02,-2.98,376.3
2025-03-20 21:00:00,-13.0,-0.8,439.0
2025-03-20 22:00:00,-14.09,1.57,378.1
2025-03-20 23:00:00,-8.88,-1.37,398.3
2025-03-21 00:00:00,-12.5,-1.98,348.8
2025-03-21 01:00:00,-8.42,-0.1,434.6
2025-03-21 02:00:00,-8.04,4.78,342.6
2025-03-21 03:00:00,-4.13,-0.51,350.7
2025-03-21 04:00:00,-10.4,-0.41,431.5
2025-03-21 05:00:00,-7.72,-2.23,457.6
2025-03-21 06:00:00,-9.91,0.77,391.3
2025-03-21 07:00:00,-5.95,1.77,398.6
2025-03-21 08:00:00,-2.04,-1.21,427.2
2025-03-21 09:00:00,-7.98,1.07,408.7
2025-03-21 10:00:00,-9.03,-1.2,388.8
2025-03-21 11:00:00,-6.09,-3.79,385.4
2025-03-21 12:00:00,-6.79,0.91,353.0
2025-03-21 13:00:00,-11.56,4.15,407.0
2025-03-21 14:00:00,-10.45,-2.39,397.2
2025-03-21 15:00:00,-16.77,0.36,386.9
2025-03-21 16:00:00,-10.2,2.62,369.9
2025-03-21 17:00:00,-8.38,-0.2,373.0
2025-03-21 18:00:00,-13.44,-2.85,418.6
2025-03-21 19:00:00,-21.08,0.09,426.4
2025-03-21 20:00:00,-16.0,2.98,390.2
2025-03-21 21:00:00,-11.7,-1.01,387.0
2025-03-21 22:00:00,-13.76,0.46,374.4
2025-03-21 23:00:00,-7.48,-2.11,428.1
2025-03-22 00:00:00,-8.24,-0.2,400.9
2025-03-22 01:00:00,-10.83,0.77,411.0
2025-03-22 02:00:00,-7.4,0.25,410.8
2025-03-22 03:00:00,-9.15,-0.86,390.8
2025-03-22 04:00:00,-6.22,0.89,365.0
2025-03-22 05:00:00,-6.83,1.34,370.1
2025-03-22 06:00:00,-1.48,1.47,433.8
2025-03-22 07:00:00,1.18,-0.59,378.2
2025-03-22 08:00:00,-9.96,-1.24,387.7
2025-03-22 09:00:00,-12.23,3.93,366.0
2025-03-22 10:00:00,-8.24,0.28,363.5
2025-03-22 11:00:00,-13.26,-0.51,376.9
2025-03-22 12:00:00,-9.86,-2.95,450.7
2025-03-22 13:00:00,-9.05,-1.86,419.7
2025-03-22 14:00:00,-8.02,-1.28,384.2
2025-03-22 15:00:00,-12.93,0.88,432.5
2025-03-22 16:00:00,-14.91,-0.71,395.4
2025-03-22 17:00:00,-20.76,0.03,440.6
2025-03-22 18:00:00,-14.92,-2.87,466.4
2025-03-22 19:00:00,-14.62,2.81,430.8
2025-03-22 20:00:00,-12.41,-1.47,402.8
2025-03-22 21:00:00,-15.66,0.47,421.0
2025-03-22 22:00:00,-13.81,-1.06,400.5
2025-03-22 23:00:00,-15.73,-0.64,344.9
2025-03-23 00:00:00,-16.87,-1.59,380.4
2025-03-23 01:00:00,-12.03,0.59,371.5
2025-03-23 02:00:00,-12.21,-1.96,379.7
2025-03-23 03:00:00,-5.45,0.63,453.8
2025-03-23 04:00:00,-7.22,-0.24,433.7
2025-03-23 05:00:00,-6.79,1.26,413.2
2025-03-23 06:00:00,-7.95,1.46,424.4
2025-03-23 07:00:00,-14.87,-0.64,343.2
2025-03-23 08:00:00,-1.14,0.73,421.8
2025-03-23 09:00:00,-9.47,-0.9,428.2
2025-03-23 10:00:00,-8.74,2.63,332.8
2025-03-23 11:00:00,-13.07,-0.72,423.0
2025-03-23 12:00:00,-7.08,-0.4,357.3
2025-03-23 13:00:00,-10.86,-0.94,340.9
2025-03-23 14:00:00,-14.98,-1.47,439.8
2025-03-23 15:00:00,-14.71,4.07,369.8
2025-03-23 16:00:00,-9.3,0.97,378.5
2025-03-23 17:00:00,-15.05,0.14,429.7
2025-03-23 18:00:00,-15.55,-0.95,390.8
2025-03-23 19:00:00,-17.65,2.23,394.6
2025-03-23 20:00:00,-20.01,-1.09,393.9
2025-03-23 21:00:00,-14.02,0.24,410.4
2025-03-23 22:00:00,-11.52,4.41,393.2
2025-03-23 23:00:00,-8.0,-1.91,403.4
2025-03-24 00:00:00,-16.75,1.08,384.9
2025-03-24 01:00:00,-12.08,0.58,410.6
2025-03-24 02:00:00,-9.24,1.06,409.4
2025-03-24 03:00:00,-6.47,-0.57,456.9
2025-03-24 04:00:00,-6.1,-1.18,388.6
2025-03-24 05:00:00,-5.54,0.45,394.5
2025-03-24 06:00:00,-3.78,-0.91,407.2
2025-03-24 07:00:00,-7.88,-4.66,428.9
2025-03-24 08:00:00,-2.87,-1.65,367.3
2025-03-24 09:00:00,-5.16,-0.63,403.1
2025-03-24 10:00:00,-8.46,-2.16,324.8
2025-03-24 11:00:00,-3.9,0.3,391.9
2025-03-24 12:00:00,-5.33,-1.52,432.2
2025-03-24 13:00:00,-8.5,-0.09,378.2
2025-03-24 14:00:00,-21.56,4.34,405.3
2025-03-24 15:00:00,-8.8,2.45,384.1
2025-03-24 16:00:00,-11.95,1.18,374.2
2025-03-24 17:00:00,-8.81,3.62,429.1
2025-03-24 18:00:00,-11.29,-0.15,368.6
2025-03-24 19:00:00,-10.09,-0.12,408.8
2025-03-24 20:00:00,-11.69,-2.11,409.3
2025-03-24 21:00:00,-9.49,2.56,374.4
2025-03-24 22:00:00,-6.52,3.91,404.7
2025-03-24 23:00:00,-10.64,1.81,372.0
2025-03-25 00:00:00,-14.72,2.85,415.7
2025-03-25 01:00:00,-9.63,-5.47,360.6
2025-03-25 02:00:00,-6.33,4.68,389.8
2025-03-25 03:00:00,-6.24,-0.21,392.4
2025-03-25 04:00:00,-9.41,4.71,433.4
2025-03-25 05:00:00,-10.06,3.46,404.2
2025-03-25 06:00:00,-7.22,1.54,428.7
2025-03-25 07:00:00,-2.75,-0.69,416.6
2025-03-25 08:00:00,-0.93,0.32,416.4
2025-03-25 09:00:00,-3.71,-3.82,390.0
2025-03-25 10:00:00,-4.33,1.86,430.6
2025-03-25 11:00:00,-8.95,-5.11,389.3
2025-03-25 12:00:00,-15.23,-0.6,348.1
2025-03-25 13:00:00,-12.66,3.09,393.6
2025-03-25 14:00:00,-13.28,1.44,413.6
2025-03-25 15:00:00,-15.03,-3.06,351.8
2025-03-25 16:00:00,-14.17,-2.68,373.4
2025-03-25 17:00:00,-13.51,-1.19,363.1
2025-03-25 18:00:00,-12.44,0.16,423.6
2025-03-25 19:00:00,-15.66,1.75,450.2
2025-03-25 20:00:00,-20.04,1.21,393.7
2025-03-25 21:00:00,-14.98,-2.12,415.9
2025-03-25 22:00:00,-12.37,1.24,415.2
2025-03-25 23:00:00,-7.63,1.45,446.6
2025-03-26 00:00:00,-11.7,0.98,380.4
2025-03-26 01:00:00,-7.17,4.96,393.4
2025-03-26 02:00:00,-6.63,1.45,389.8
2025-03-26 03:00:00,-6.33,1.94,402.3
2025-03-26 04:00:00,-2.88,3.75,475.1
2025-03-26 05:00:00,-7.15,1.7,400.9
2025-03-26 06:00:00,-6.73,-1.1,374.4
2025-03-26 07:00:00,-5.21,2.49,365.4
2025-03-26 08:00:00,-7.59,-0.8,437.6
2025-03-26 09:00:00,-4.94,-1.97,374.2
2025-03-26 10:00:00,-9.64,-1.79,419.9
2025-03-26 11:00:00,-8.03,2.46,379.6
2025-03-26 12:00:00,-10.3,1.24,362.0
2025-03-26 13:00:00,-10.65,2.12,418.2
2025-03-26 14:00:00,-13.88,1.25,381.1
2025-03-26 15:00:00,-14.55,0.38,412.8
2025-03-26 16:00:00,-14.04,0.64,415.0
2025-03-26 17:00:00,-14.22,1.18,416.4
2025-03-26 18:00:00,-15.01,-1.2,392.0
2025-03-26 19:00:00,-9.71,-2.58,420.6
2025-03-26 20:00:00,-17.3,-0.97,372.3
2025-03-26 21:00:00,-13.73,1.09,326.4
2025-03-26 22:00:00,-17.22,-1.3,421.2
2025-03-26 23:00:00,-10.18,4.26,405.0
2025-03-27 00:00:00,-13.35,0.88,381.7
2025-03-27 01:00:00,-9.54,0.24,355.9
2025-03-27 02:00:00,-8.62,-1.21,338.9
2025-03-27 03:00:00,-5.62,1.83,401.6
2025-03-27 04:00:00,-7.33,-2.42,449.5
2025-03-27 05:00:00,-6.96,0.63,395.8
2025-03-27 06:00:00,-0.69,-0.87,389.2
2025-03-27 07:00:00,-4.32,0.24,399.3
2025-03-27 08:00:00,-7.35,0.97,465.4
2025-03-27 09:00:00,-7.22,-2.29,422.6
2025-03-27 10:00:00,-2.56,-3.34,372.0
2025-03-27 11:00:00,-9.41,-1.86,400.8
2025-03-27 12:00:00,-12.07,1.76,410.0
2025-03-27 13:00:00,-13.35,0.75,368.3
2025-03-27 14:00:00,-14.15,-0.81,422.8
2025-03-27 15:00:00,-15.32,3.94,375.5
2025-03-27 16:00:00,-18.17,2.57,354.7
2025-03-27 17:00:00,-18.2,2.09,402.3
2025-03-27 18:00:00,-17.49,-1.45,397.5
2025-03-27 19:00:00,-13.05,2.06,400.0
2025-03-27 20:00:00,-15.47,0.68,377.1
2025-03-27 21:00:00,-14.16,-1.44,381.2
2025-03-27 22:00:00,-8.69,-0.21,433.9
2025-03-27 23:00:00,-7.41,-2.08,413.2
2025-03-28 00:00:00,-10.85,-1.43,371.3
2025-03-28 01:00:00,-10.6,-2.29,341.5
2025-03-28 02:00:00,-10.09,1.91,372.6
2025-03-28 03:00:00,-4.39,-0.14,404.7
2025-03-28 04:00:00,-6.28,-1.88,381.0
2025-03-28 05:00:00,-6.33,1.03,378.7
2025-03-28 06:00:00,-7.44,0.0,382.3
2025-03-28 07:00:00,-7.48,2.1,397.8
2025-03-28 08:00:00,-4.71,0.27,423.5
2025-03-28 09:00:00,-10.41,-2.87,400.0
2025-03-28 10:00:00,-4.52,-0.99,401.9
2025-03-28 11:00:00,-10.31,-2.31,393.3
2025-03-28 12:00:00,-10.45,1.13,385.0
2025-03-28 13:00:00,-15.31,2.17,426.8
2025-03-28 14:00:00,-12.54,-3.09,422.3
2025-03-28 15:00:00,-14.52,-0.25,461.4
2025-03-28 16:00:00,-14.48,2.31,418.3
2025-03-28 17:00:00,-10.41,-3.12,385.0
2025-03-28 18:00:00,-14.47,-0.87,372.9
2025-03-28 19:00:00,-17.21,-0.0,428.6
2025-03-28 20:00:00,-16.46,2.13,375.6
2025-03-28 21:00:00,-11.75,1.09,424.3
2025-03-28 22:00:00,-8.6,1.5,377.2
2025-03-28 23:00:00,-10.45,1.2,410.5
2025-03-29 00:00:00,-7.93,-0.75,368.2
2025-03-29 01:00:00,-6.88,3.29,423.4
2025-03-29 02:00:00,-3.24,-1.34,363.0
2025-03-29 03:00:00,-12.31,-5.56,408.2
2025-03-29 04:00:00,-3.67,-3.6,394.1
2025-03-29 05:00:00,-2.22,-0.23,403.1
2025-03-29 06:00:00,-9.02,-0.66,388.1
2025-03-29 07:00:00,-7.83,-1.07,387.4
2025-03-29 08:00:00,-8.22,0.3,404.6
2025-03-29 09:00:00,-8.65,2.4,369.9
2025-03-29 10:00:00,-8.95,0.91,369.8
2025-03-29 11:00:00,-7.98,1.3,389.2
2025-03-29 12:00:00,-7.4,-2.16,388.1
2025-03-29 13:00:00,-8.05,-1.04,369.8
2025-03-29 14:00:00,-15.01,1.4,427.7
2025-03-29 15:00:00,-16.07,0.22,390.0
2025-03-29 16:00:00,-10.38,0.95,393.2
2025-03-29 17:00:00,-12.89,1.23,360.2
2025-03-29 18:00:00,-14.75,0.33,462.1
2025-03-29 19:00:00,-13.41,3.16,472.8
2025-03-29 20:00:00,-14.42,-1.06,376.6
2025-03-29 21:00:00,-11.96,-1.64,436.8
2025-03-29 22:00:00,-13.51,-3.53,397.2
2025-03-29 23:00:00,-10.49,1.5,448.1
2025-03-30 00:00:00,-14.53,-1.14,410.1
2025-03-30 01:00:00,-10.77,2.53,403.0
2025-03-30 02:00:00,-9.53,0.5,325.0
2025-03-30 03:00:00,-7.59,-0.68,373.6
2025-03-30 04:00:00,-8.45,-2.11,400.6
2025-03-30 05:00:00,-6.77,1.69,406.0
2025-03-30 06:00:00,-9.54,-0.11,363.6
2025-03-30 07:00:00,-3.52,0.54,378.1
2025-03-30 08:00:00,-5.92,1.21,416.6
2025-03-30 09:00:00,-11.58,0.53,358.5
2025-03-30 10:00:00,-10.0,-1.7,404.0
2025-03-30 11:00:00,-7.7,1.04,437.1
2025-03-30 12:00:00,-11.63,1.64,411.6
2025-03-30 13:00:00,-13.38,0.72,410.1
2025-03-30 14:00:00,-12.72,1.26,339.4
2025-03-30 15:00:00,-12.5,1.45,375.3
2025-03-30 16:00:00,-18.64,-0.79,461.6
2025-03-30 17:00:00,-13.18,-0.87,382.0
2025-03-30 18:00:00,-17.4,4.45,437.9
2025-03-30 19:00:00,-14.88,2.65,381.7
2025-03-30 20:00:00,-14.44,-0.1,391.7
2025-03-30 21:00:00,-15.12,1.37,415.5
2025-03-30 22:00:00,-15.57,-1.88,403.0
2025-03-30 23:00:00,-12.15,-1.2,411.4
2025-03-31 00:00:00,-5.12,-2.49,375.4
2025-03-31 01:00:00,-12.79,0.57,365.9
2025-03-31 02:00:00,-2.42,0.59,373.4
2025-03-31 03:00:00,-7.24,2.17,384.0
2025-03-31 04:00:00,-5.56,-0.42,393.1
2025-03-31 05:00:00,-8.43,2.13,431.1
2025-03-31 06:00:00,-7.31,1.31,402.6
2025-03-31 07:00:00,-6.68,4.92,414.5
2025-03-31 08:00:00,-8.81,3.33,404.2
2025-03-31 09:00:00,-7.09,2.98,366.5
2025-03-31 10:00:00,-8.72,1.67,400.5
2025-03-31 11:00:00,-3.15,-1.79,403.9
2025-03-31 12:00:00,-13.5,0.59,422.8
2025-03-31 13:00:00,-10.99,4.5,367.9
2025-03-31 14:00:00,-11.76,1.01,338.8
2025-03-31 15:00:00,-16.75,-1.64,405.3
2025-03-31 16:00:00,-12.27,0.67,410.6
2025-03-31 17:00:00,-16.02,-1.98,394.6
2025-03-31 18:00:00,-22.48,-1.71,400.8
2025-03-31 19:00:00,-12.85,0.83,426.4
2025-03-31 20:00:00,-17.68,1.48,386.2
2025-03-31 21:00:00,-16.68,-1.6,391.6
2025-03-31 22:00:00,-10.44,-1.12,402.4
2025-03-31 23:00:00,-12.34,-2.85,363.4
2025-04-01 00:00:00,-7.25,-0.26,395.4
2025-04-01 01:00:00,-5.08,-3.89,398.1
2025-04-01 02:00:00,-9.43,-0.6,449.1
2025-04-01 03:00:00,-4.08,0.16,391.1
2025-04-01 04:00:00,-7.94,-3.51,406.0
2025-04-01 05:00:00,1.53,-2.01,427.6
2025-04-01 06:00:00,-7.08,-0.12,374.9
2025-04-01 07:00:00,-2.09,-0.39,441.3
2025-04-01 08:00:00,-3.14,-0.3,452.9
2025-04-01 09:00:00,-5.52,0.58,399.1
2025-04-01 10:00:00,-9.51,-3.34,383.8
2025-04-01 11:00:00,-9.16,1.42,448.8
2025-04-01 12:00:00,-16.46,-0.64,423.9
2025-04-01 13:00:00,-10.62,-1.19,402.5
2025-04-01 14:00:00,-11.45,-3.73,442.8
2025-04-01 15:00:00,-13.14,-0.54,439.6
2025-04-01 16:00:00,-23.25,1.02,389.9
2025-04-01 17:00:00,-18.63,0.28,407.5
2025-04-01 18:00:00,-17.24,0.34,417.3
2025-04-01 19:00:00,-13.95,-0.68,400.9
2025-04-01 20:00:00,-13.46,-0.12,358.3
2025-04-01 21:00:00,-14.05,-2.21,371.9
2025-04-01 22:00:00,-10.59,-0.01,359.3
2025-04-01 23:00:00,-14.37,-0.98,414.8
2025-04-02 00:00:00,-8.17,-2.25,364.5
2025-04-02 01:00:00,-7.28,1.51,405.8
2025-04-02 02:00:00,-6.37,-3.15,455.0
2025-04-02 03:00:00,-7.01,1.05,442.8
2025-04-02 04:00:00,-0.18,1.17,344.9
2025-04-02 05:00:00,-3.69,-1.05,361.6
2025-04-02 06:00:00,-7.91,2.06,376.7
2025-04-02 07:00:00,-4.43,-1.1,364.9
2025-04-02 08:00:00,-3.41,-1.22,350.4
2025-04-02 09:00:00,-8.23,-2.4,399.7
2025-04-02 10:00:00,-4.23,-0.02,421.2
2025-04-02 11:00:00,-7.56,-1.92,428.6
2025-04-02 12:00:00,-17.03,-1.58,385.8
2025-04-02 13:00:00,-10.4,-0.13,391.8
2025-04-02 14:00:00,-13.72,-0.05,410.7
2025-04-02 15:00:00,-11.92,2.51,396.7
2025-04-02 16:00:00,-11.5,1.86,424.3
2025-04-02 17:00:00,-14.24,1.1,412.9
2025-04-02 18:00:00,-10.0,-0.29,388.7
2025-04-02 19:00:00,-15.37,-0.81,344.3
2025-04-02 20:00:00,-12.46,-0.05,445.0
2025-04-02 21:00:00,-11.12,-1.11,379.4
2025-04-02 22:00:00,-12.79,-1.4,410.7
2025-04-02 23:00:00,-8.96,-0.16,342.5
2025-04-03 00:00:00,-11.78,-1.76,399.7
2025-04-03 01:00:00,-9.97,-1.63,403.0
2025-04-03 02:00:00,-11.44,1.91,404.5
2025-04-03 03:00:00,-5.74,-2.76,490.4
2025-04-03 04:00:00,-4.69,-2.08,381.1
2025-04-03 05:00:00,-1.63,2.55,424.6
2025-04-03 06:00:00,-2.63,-0.78,415.7
2025-04-03 07:00:00,-6.02,2.75,379.6
2025-04-03 08:00:00,-9.2,-2.33,424.2
2025-04-03 09:00:00,-5.17,0.15,395.1
2025-04-03 10:00:00,-4.17,1.54,426.3
2025-04-03 11:00:00,-6.44,-1.81,458.8
2025-04-03 12:00:00,-6.75,3.35,404.5
2025-04-03 13:00:00,-11.93,-0.78,391.6
2025-04-03 14:00:00,-13.9,1.02,431.5
2025-04-03 15:00:00,-15.75,-1.36,441.9
2025-04-03 16:00:00,-14.5,2.98,373.5
2025-04-03 17:00:00,-15.07,0.61,386.4
2025-04-03 18:00:00,-14.38,4.19,420.3
2025-04-03 19:00:00,-15.22,2.36,396.0
2025-04-03 20:00:00,-14.73,1.67,371.4
2025-04-03 21:00:00,-15.87,-1.91,416.2
2025-04-03 22:00:00,-9.68,0.17,420.1
2025-04-03 23:00:00,-11.06,-0.63,390.0
2025-04-04 00:00:00,-10.52,0.05,401.8
2025-04-04 01:00:00,-10.95,0.3,382.7
2025-04-04 02:00:00,-11.5,-1.8,367.1
2025-04-04 03:00:00,-2.54,-0.31,385.1
2025-04-04 04:00:00,-4.01,-0.19,402.2
2025-04-04 05:00:00,-10.04,-2.02,355.7
2025-04-04 06:00:00,-2.71,1.6,387.3
2025-04-04 07:00:00,-2.4,0.44,402.6
2025-04-04 08:00:00,-5.3,1.63,435.8
2025-04-04 09:00:00,-1.67,0.97,390.6
2025-04-04 10:00:00,-6.85,-3.43,362.6
2025-04-04 11:00:00,-12.96,-1.67,393.7
2025-04-04 12:00:00,-8.9,3.31,383.0
2025-04-04 13:00:00,-10.56,1.57,416.6
2025-04-04 14:00:00,-14.31,-3.24,389.9
2025-04-04 15:00:00,-11.81,0.94,318.7
2025-04-04 16:00:00,-19.33,-1.66,510.7
2025-04-04 17:00:00,-11.86,-4.19,404.3
2025-04-04 18:00:00,-17.63,3.31,402.7
2025-04-04 19:00:00,-17.78,0.15,353.8
2025-04-04 20:00:00,-14.67,0.43,356.1
2025-04-04 21:00:00,-12.24,-2.51,397.2
2025-04-04 22:00:00,-12.01,-2.31,410.1
2025-04-04 23:00:00,-13.52,-3.18,421.1
2025-04-05 00:00:00,-11.52,2.83,407.1
2025-04-05 01:00:00,-12.11,-3.29,364.4
2025-04-05 02:00:00,-8.17,3.23,324.9
2025-04-05 03:00:00,-3.24,-1.97,397.0
2025-04-05 04:00:00,-5.68,-2.46,384.0
2025-04-05 05:00:00,-2.59,-0.11,362.1
2025-04-05 06:00:00,-0.63,-1.37,424.8
2025-04-05 07:00:00,-6.93,0.19,352.7
2025-04-05 08:00:00,-6.23,-1.75,418.5
2025-04-05 09:00:00,0.05,-0.63,357.7
2025-04-05 10:00:00,-3.17,-1.52,404.0
2025-04-05 11:00:00,-13.72,1.72,428.0
2025-04-05 12:00:00,-8.84,1.03,389.9
2025-04-05 13:00:00,-11.29,0.5,450.7
2025-04-05 14:00:00,-10.02,2.11,457.5
2025-04-05 15:00:00,-15.77,0.53,407.1
2025-04-05 16:00:00,-16.85,0.36,416.2
2025-04-05 17:00:00,-16.86,-0.24,431.8
2025-04-05 18:00:00,-16.72,-1.43,416.3
2025-04-05 19:00:00,-12.38,-1.43,413.1
2025-04-05 20:00:00,-17.87,0.29,384.3
2025-04-05 21:00:00,-15.4,2.04,349.4
2025-04-05 22:00:00,-17.87,1.14,358.3
2025-04-05 23:00:00,-8.27,1.13,471.5
2025-04-06 00:00:00,-6.19,-2.21,409.7
2025-04-06 01:00:00,-9.69,1.05,392.6
2025-04-06 02:00:00,-8.39,-0.8,437.9
2025-04-06 03:00:00,-5.1,0.35,377.5
2025-04-06 04:00:00,-1.25,1.1,417.5
2025-04-06 05:00:00,-3.94,-2.31,402.3
2025-04-06 06:00:00,-7.09,0.31,413.8
2025-04-06 07:00:00,-10.03,0.47,389.9
2025-04-06 08:00:00,-9.02,2.0,371.1
2025-04-06 09:00:00,-6.24,-1.03,375.3
2025-04-06 10:00:00,-9.47,-0.12,376.5
2025-04-06 11:00:00,-8.12,0.34,399.9
2025-04-06 12:00:00,-11.66,-1.03,353.3
2025-04-06 13:00:00,-14.47,-1.07,362.6
2025-04-06 14:00:00,-16.03,-1.15,404.1
2025-04-06 15:00:00,-8.85,-0.26,396.2
2025-04-06 16:00:00,-11.66,3.49,405.7
2025-04-06 17:00:00,-9.64,-0.18,398.6
2025-04-06 18:00:00,-13.38,0.98,475.6
2025-04-06 19:00:00,-16.12,0.06,403.8
2025-04-06 20:00:00,-10.36,-0.62,388.6
2025-04-06 21:00:00,-13.63,-0.05,403.0
2025-04-06 22:00:00,-11.84,-11.37,719.4
2025-04-06 23:00:00,-35.23,-13.02,687.3
2025-04-07 00:00:00,-66.46,-13.23,709.4
2025-04-07 01:00:00,-75.33,-13.38,700.7
2025-04-07 02:00:00,-101.28,-14.9,680.1
2025-04-07 03:00:00,-100.72,2.08,692.1
2025-04-07 04:00:00,-91.43,-0.89,736.8
2025-04-07 05:00:00,-81.56,2.94,696.1
2025-04-07 06:00:00,-75.86,0.49,659.2
2025-04-07 07:00:00,-65.37,2.81,679.2
2025-04-07 08:00:00,-65.34,-0.4,625.4
2025-04-07 09:00:00,-55.99,-1.47,692.9
2025-04-07 10:00:00,-50.81,2.09,728.2
2025-04-07 11:00:00,-49.72,-1.12,648.6
2025-04-07 12:00:00,-45.2,2.57,693.3
2025-04-07 13:00:00,-46.89,1.16,718.4
2025-04-07 14:00:00,-44.71,2.93,721.6
2025-04-07 15:00:00,-39.16,-1.95,438.4
2025-04-07 16:00:00,-35.95,1.91,344.0
2025-04-07 17:00:00,-41.71,-1.49,415.1
2025-04-07 18:00:00,-32.53,-4.79,354.8
2025-04-07 19:00:00,-33.61,1.79,370.1
2025-04-07 20:00:00,-30.32,-0.01,424.6
2025-04-07 21:00:00,-31.4,1.92,404.7
2025-04-07 22:00:00,-27.49,0.18,421.8
2025-04-07 23:00:00,-19.57,0.04,372.1
2025-04-08 00:00:00,-19.94,3.0,444.2
2025-04-08 01:00:00,-18.87,0.24,420.7
2025-04-08 02:00:00,-15.95,-0.95,426.7
2025-04-08 03:00:00,-12.28,-0.18,367.6
2025-04-08 04:00:00,-10.89,0.32,435.1
2025-04-08 05:00:00,-11.27,-5.69,390.5
2025-04-08 06:00:00,-7.0,0.98,381.7
2025-04-08 07:00:00,-7.0,2.72,418.8
2025-04-08 08:00:00,-4.43,-0.1,417.5
2025-04-08 09:00:00,-6.3,-0.84,374.6
2025-04-08 10:00:00,-5.53,0.78,461.7
2025-04-08 11:00:00,-7.76,3.49,454.4
2025-04-08 12:00:00,-6.82,0.94,418.2
2025-04-08 13:00:00,-8.6,0.43,412.9
2025-04-08 14:00:00,-15.55,-0.78,409.9
2025-04-08 15:00:00,-16.79,-2.14,353.5
2025-04-08 16:00:00,-16.43,0.05,403.4
2025-04-08 17:00:00,-11.9,0.08,403.0
2025-04-08 18:00:00,-19.73,-3.86,382.7
2025-04-08 19:00:00,-13.65,-1.45,390.7
2025-04-08 20:00:00,-13.24,2.32,328.6
2025-04-08 21:00:00,-10.05,-0.52,367.1
2025-04-08 22:00:00,-11.96,-4.91,427.7
2025-04-08 23:00:00,-15.32,3.2,451.9
2025-04-09 00:00:00,-12.88,-1.78,371.7
2025-04-09 01:00:00,-12.25,-0.94,405.5
2025-04-09 02:00:00,-9.11,2.12,433.0
2025-04-09 03:00:00,-7.01,-1.48,384.4
2025-04-09 04:00:00,-9.17,-3.94,420.3
2025-04-09 05:00:00,-0.76,0.44,399.0
2025-04-09 06:00:00,-8.98,1.59,435.7
2025-04-09 07:00:00,-1.13,-0.94,361.5
2025-04-09 08:00:00,-2.11,-0.25,366.9
2025-04-09 09:00:00,-3.77,-2.36,408.4
2025-04-09 10:00:00,-9.58,-1.99,402.9
2025-04-09 11:00:00,-7.68,-0.64,398.3
2025-04-09 12:00:00,-13.83,1.3,417.3
2025-04-09 13:00:00,-8.56,0.2,372.1
2025-04-09 14:00:00,-12.72,2.04,358.9
2025-04-09 15:00:00,-14.76,3.31,385.0
2025-04-09 16:00:00,-18.0,1.77,388.4
2025-04-09 17:00:00,-22.26,-3.18,391.5
2025-04-09 18:00:00,-18.12,-0.57,438.1
2025-04-09 19:00:00,-11.49,1.75,423.1
2025-04-09 20:00:00,-15.54,-0.24,416.0
2025-04-09 21:00:00,-14.04,-3.24,406.7
2025-04-09 22:00:00,-10.53,-1.1,387.0
2025-04-09 23:00:00,-5.88,-4.54,374.4
2025-04-10 00:00:00,-6.02,-0.55,364.1
2025-04-10 01:00:00,-11.62,-1.37,379.2
2025-04-10 02:00:00,-13.33,-0.72,398.7
2025-04-10 03:00:00,0.61,2.36,365.4
2025-04-10 04:00:00,1.14,-2.66,405.1
2025-04-10 05:00:00,-4.61,-1.44,394.2
2025-04-10 06:00:00,-8.81,-2.28,388.1
2025-04-10 07:00:00,-2.28,2.14,434.8
2025-04-10 08:00:00,-5.99,2.26,326.2
2025-04-10 09:00:00,-6.8,0.72,388.5
2025-04-10 10:00:00,-4.82,0.62,329.4
2025-04-10 11:00:00,-7.7,-2.4,407.2
2025-04-10 12:00:00,-13.56,0.4,422.9
2025-04-10 13:00:00,-12.27,-2.24,359.5
2025-04-10 14:00:00,-10.52,0.08,363.3
2025-04-10 15:00:00,-12.0,-0.69,349.1
2025-04-10 16:00:00,-13.54,-1.19,401.9
2025-04-10 17:00:00,-12.03,0.06,389.8
2025-04-10 18:00:00,-16.09,1.35,391.6
2025-04-10 19:00:00,-14.29,3.55,389.0
2025-04-10 20:00:00,-24.46,1.1,370.8
2025-04-10 21:00:00,-14.88,4.56,434.0
2025-04-10 22:00:00,-10.21,0.4,408.2
2025-04-10 23:00:00,-12.47,3.57,364.5
2025-04-11 00:00:00,-11.4,0.87,379.0
2025-04-11 01:00:00,-11.83,0.48,373.8
2025-04-11 02:00:00,-4.49,-0.34,442.2
2025-04-11 03:00:00,-4.82,0.6,421.3
2025-04-11 04:00:00,-3.19,0.86,396.2
2025-04-11 05:00:00,-10.35,-2.83,451.2
2025-04-11 06:00:00,-5.48,1.4,443.6
2025-04-11 07:00:00,-6.01,-2.97,393.1
2025-04-11 08:00:00,-6.51,1.4,387.7
2025-04-11 09:00:00,-8.31,1.2,389.1
2025-04-11 10:00:00,-8.54,2.84,371.4
2025-04-11 11:00:00,-6.16,-1.72,452.0
2025-04-11 12:00:00,-15.74,-1.97,369.8
2025-04-11 13:00:00,-5.96,2.21,426.0
2025-04-11 14:00:00,-11.05,-2.15,420.7
2025-04-11 15:00:00,-13.66,-2.35,390.9
2025-04-11 16:00:00,-11.61,0.42,454.3
2025-04-11 17:00:00,-19.19,-0.09,353.2
2025-04-11 18:00:00,-16.99,0.31,397.6
2025-04-11 19:00:00,-15.19,1.08,385.3
2025-04-11 20:00:00,-10.23,1.09,428.8
2025-04-11 21:00:00,-13.68,-0.16,410.6
2025-04-11 22:00:00,-11.15,0.1,348.2
2025-04-11 23:00:00,-13.06,-0.13,437.2
2025-04-12 00:00:00,-8.54,0.07,414.6
2025-04-12 01:00:00,-3.67,-2.77,368.9
2025-04-12 02:00:00,-4.51,1.51,389.5
2025-04-12 03:00:00,-6.71,2.1,361.0
2025-04-12 04:00:00,-3.64,1.27,394.9
2025-04-12 05:00:00,-3.44,1.12,404.5
2025-04-12 06:00:00,-3.48,-1.98,390.0
2025-04-12 07:00:00,-1.83,-2.83,386.5
2025-04-12 08:00:00,-2.36,1.66,351.6
2025-04-12 09:00:00,-6.85,0.06,410.1
2025-04-12 10:00:00,-5.57,0.34,342.3
2025-04-12 11:00:00,-9.86,0.43,400.9
2025-04-12 12:00:00,-12.77,0.51,346.0
2025-04-12 13:00:00,-12.1,1.29,401.5
2025-04-12 14:00:00,-12.73,-0.19,399.8
2025-04-12 15:00:00,-18.52,-3.81,412.1
2025-04-12 16:00:00,-11.75,1.38,425.9
2025-04-12 17:00:00,-23.13,1.16,431.4
2025-04-12 18:00:00,-6.86,-2.59,351.7
2025-04-12 19:00:00,-10.32,-2.33,398.3
2025-04-12 20:00:00,-15.11,1.77,460.3
2025-04-12 21:00:00,-13.51,2.24,403.6
2025-04-12 22:00:00,-11.59,-5.33,375.1
2025-04-12 23:00:00,-13.06,0.88,397.6
2025-04-13 00:00:00,-9.42,-0.44,388.5
2025-04-13 01:00:00,-9.14,0.15,364.7
2025-04-13 02:00:00,-7.78,0.26,426.1
2025-04-13 03:00:00,-5.92,-1.52,417.5
2025-04-13 04:00:00,-9.61,1.31,360.0
2025-04-13 05:00:00,-5.05,-1.38,397.2
2025-04-13 06:00:00,-4.51,1.49,383.0
2025-04-13 07:00:00,-4.78,1.94,352.0
2025-04-13 08:00:00,-6.32,-1.74,357.6
2025-04-13 09:00:00,-3.05,-1.7,362.0
2025-04-13 10:00:00,-8.56,0.23,398.2
2025-04-13 11:00:00,-8.02,3.01,386.3
2025-04-13 12:00:00,-6.11,-1.19,371.2
2025-04-13 13:00:00,-11.53,-0.81,388.2
2025-04-13 14:00:00,-11.86,0.64,422.4
2025-04-13 15:00:00,-13.82,1.31,410.7
2025-04-13 16:00:00,-10.62,1.05,430.1
2025-04-13 17:00:00,-15.6,0.06,393.2
2025-04-13 18:00:00,-11.15,-0.61,448.1
2025-04-13 19:00:00,-15.14,0.66,410.4
2025-04-13 20:00:00,-16.91,-6.4,385.3
2025-04-13 21:00:00,-11.5,3.74,402.8
2025-04-13 22:00:00,-13.41,-0.37,362.6
2025-04-13 23:00:00,-9.43,0.36,390.8
2025-04-14 00:00:00,-18.19,4.2,412.9
2025-04-14 01:00:00,-8.69,-1.48,418.4
2025-04-14 02:00:00,-8.88,4.66,387.7
2025-04-14 03:00:00,-9.65,1.48,482.0
2025-04-14 04:00:00,-7.33,0.89,394.8
2025-04-14 05:00:00,-6.89,1.29,349.6
2025-04-14 06:00:00,-5.14,-1.68,436.4
2025-04-14 07:00:00,-9.27,-3.3,418.2
2025-04-14 08:00:00,-4.72,-2.36,407.0
2025-04-14 09:00:00,-2.37,2.17,386.1
2025-04-14 10:00:00,-6.66,-1.87,411.8
2025-04-14 11:00:00,-6.28,-3.31,448.6
2025-04-14 12:00:00,-6.72,-0.16,406.0
2025-04-14 13:00:00,-7.58,1.15,355.9
2025-04-14 14:00:00,-6.89,0.08,296.4
2025-04-14 15:00:00,-15.03,1.21,411.5
2025-04-14 16:00:00,-16.49,2.31,370.4
2025-04-14 17:00:00,-12.48,1.14,397.0
2025-04-14 18:00:00,-12.88,-0.31,375.7
2025-04-14 19:00:00,-12.5,-1.09,373.6
2025-04-14 20:00:00,-8.66,1.54,377.0
2025-04-14 21:00:00,-13.5,0.55,379.8
2025-04-14 22:00:00,-11.22,-1.72,423.3
2025-04-14 23:00:00,-14.24,2.6,417.2
2025-04-15 00:00:00,-3.59,0.52,363.8
2025-04-15 01:00:00,-9.72,1.31,367.8
2025-04-15 02:00:00,-8.42,-0.78,411.4
2025-04-15 03:00:00,-7.5,2.26,431.6
2025-04-15 04:00:00,-7.6,-3.17,431.1
2025-04-15 05:00:00,-7.36,3.35,369.9
2025-04-15 06:00:00,-6.57,-3.88,429.7
2025-04-15 07:00:00,-9.27,-2.75,346.7
2025-04-15 08:00:00,-8.03,0.5,393.9
2025-04-15 09:00:00,-0.62,-1.06,414.6
2025-04-15 10:00:00,-5.29,-0.66,337.6
2025-04-15 11:00:00,-5.93,-1.06,462.8
2025-04-15 12:00:00,-6.47,-1.57,439.8
2025-04-15 13:00:00,-5.79,0.63,419.4
2025-04-15 14:00:00,-17.81,-0.1,371.0
2025-04-15 15:00:00,-17.23,1.77,398.0
2025-04-15 16:00:00,-16.74,0.16,423.7
2025-04-15 17:00:00,-16.24,-0.83,366.3
2025-04-15 18:00:00,-15.9,1.55,394.6
2025-04-15 19:00:00,-16.17,-3.66,427.3
2025-04-15 20:00:00,-13.67,-16.77,636.2
2025-04-15 21:00:00,-36.71,-14.78,691.0
2025-04-15 22:00:00,-61.23,-12.3,628.4
2025-04-15 23:00:00,-87.66,-10.83,652.7
2025-04-16 00:00:00,-106.09,-16.95,665.9
2025-04-16 01:00:00,-126.75,-11.63,696.5
2025-04-16 02:00:00,-147.91,-12.32,660.0
2025-04-16 03:00:00,-149.53,0.27,684.8
2025-04-16 04:00:00,-136.21,-3.82,660.4
2025-04-16 05:00:00,-127.83,5.23,665.1
2025-04-16 06:00:00,-115.59,0.07,718.6
2025-04-16 07:00:00,-110.24,-2.43,646.6
2025-04-16 08:00:00,-102.34,0.26,703.8
2025-04-16 09:00:00,-97.36,2.99,681.0
2025-04-16 10:00:00,-88.33,-2.57,663.8
2025-04-16 11:00:00,-85.58,-2.99,644.5
2025-04-16 12:00:00,-75.91,-0.24,646.7
2025-04-16 13:00:00,-73.5,-0.07,658.9
2025-04-16 14:00:00,-71.32,1.42,676.6
2025-04-16 15:00:00,-70.09,2.95,418.1
2025-04-16 16:00:00,-63.24,1.56,391.0
2025-04-16 17:00:00,-59.01,-2.78,393.0
2025-04-16 18:00:00,-57.31,-2.14,397.5
2025-04-16 19:00:00,-49.51,-1.6,414.3
2025-04-16 20:00:00,-49.45,1.56,419.3
2025-04-16 21:00:00,-44.52,1.21,358.4
2025-04-16 22:00:00,-43.26,2.52,391.5
2025-04-16 23:00:00,-38.07,1.12,436.8
2025-04-17 00:00:00,-39.0,-1.25,360.5
2025-04-17 01:00:00,-34.67,-0.39,402.2
2025-04-17 02:00:00,-29.18,-2.92,394.9
2025-04-17 03:00:00,-26.44,1.26,383.0
2025-04-17 04:00:00,-23.55,-1.25,447.7
2025-04-17 05:00:00,-19.8,2.45,401.1
2025-04-17 06:00:00,-25.85,1.2,445.3
2025-04-17 07:00:00,-23.41,3.88,400.2
2025-04-17 08:00:00,-19.13,0.84,413.8
2025-04-17 09:00:00,-21.71,0.8,382.7
2025-04-17 10:00:00,-9.45,-0.37,383.0
2025-04-17 11:00:00,-18.33,-0.77,412.3
2025-04-17 12:00:00,-20.55,-0.52,412.8
2025-04-17 13:00:00,-22.38,2.0,417.9
2025-04-17 14:00:00,-22.75,-2.7,411.3
2025-04-17 15:00:00,-21.59,0.13,359.9
2025-04-17 16:00:00,-21.52,-3.33,375.8
2025-04-17 17:00:00,-23.15,0.75,425.5
2025-04-17 18:00:00,-15.82,-0.92,341.2
2025-04-17 19:00:00,-10.8,1.01,408.8
2025-04-17 20:00:00,-10.18,-1.48,396.6
2025-04-17 21:00:00,-12.78,-0.51,425.5
2025-04-17 22:00:00,-16.52,1.26,412.5
2025-04-17 23:00:00,-9.68,0.25,380.1
2025-04-18 00:00:00,-5.34,3.09,378.7
2025-04-18 01:00:00,-4.6,-0.96,384.3
2025-04-18 02:00:00,-5.3,-1.14,417.4
2025-04-18 03:00:00,-2.2,2.47,330.9
2025-04-18 04:00:00,-5.51,-0.73,404.7
2025-04-18 05:00:00,-3.29,-0.83,373.5
2025-04-18 06:00:00,-7.04,0.77,405.7
2025-04-18 07:00:00,-4.29,-0.33,410.3
2025-04-18 08:00:00,-1.68,-0.62,350.1
2025-04-18 09:00:00,-8.23,-1.39,393.2
2025-04-18 10:00:00,-10.08,2.72,404.7
2025-04-18 11:00:00,-8.41,-0.3,402.6
2025-04-18 12:00:00,-10.68,-1.12,396.3
2025-04-18 13:00:00,-9.35,-0.59,363.4
2025-04-18 14:00:00,-13.86,0.71,367.9
2025-04-18 15:00:00,-8.38,2.92,358.7
2025-04-18 16:00:00,-18.2,-0.34,416.6
2025-04-18 17:00:00,-11.07,-1.73,396.5
2025-04-18 18:00:00,-17.29,3.84,398.4
2025-04-18 19:00:00,-20.22,0.27,348.8
2025-04-18 20:00:00,-13.62,-0.21,399.0
2025-04-18 21:00:00,-14.3,0.14,419.0
2025-04-18 22:00:00,-15.83,-2.49,344.7
2025-04-18 23:00:00,-16.34,-0.09,383.9
2025-04-19 00:00:00,-10.03,1.52,352.9
2025-04-19 01:00:00,-5.78,2.44,387.4
2025-04-19 02:00:00,-5.75,-0.72,373.0
2025-04-19 03:00:00,-6.29,0.38,411.4
2025-04-19 04:00:00,-4.23,2.48,405.1
2025-04-19 05:00:00,-5.25,0.08,438.7
2025-04-19 06:00:00,-9.29,1.44,398.4
2025-04-19 07:00:00,-9.43,0.85,410.2
2025-04-19 08:00:00,-6.28,-1.33,383.3
2025-04-19 09:00:00,-6.95,-1.83,366.9
2025-04-19 10:00:00,-4.95,2.12,425.0
2025-04-19 11:00:00,-6.43,-5.35,437.3
2025-04-19 12:00:00,-8.18,-1.34,421.2
2025-04-19 13:00:00,-12.13,-2.79,403.9
2025-04-19 14:00:00,-16.64,2.12,370.8
2025-04-19 15:00:00,-12.3,2.73,434.2
2025-04-19 16:00:00,-12.75,-1.45,417.4
2025-04-19 17:00:00,-22.0,5.53,460.7
2025-04-19 18:00:00,-17.5,2.75,365.4
2025-04-19 19:00:00,-16.9,0.39,425.9
2025-04-19 20:00:00,-13.98,3.0,416.5
2025-04-19 21:00:00,-15.95,-1.28,389.7
2025-04-19 22:00:00,-12.61,-0.55,440.9
2025-04-19 23:00:00,-11.93,0.93,412.1
2025-04-20 00:00:00,-10.48,-1.38,371.9
2025-04-20 01:00:00,-10.86,-2.57,396.4
2025-04-20 02:00:00,-9.42,-1.88,371.5
2025-04-20 03:00:00,-9.71,-0.39,385.9
2025-04-20 04:00:00,-4.53,0.94,421.1
2025-04-20 05:00:00,-3.46,-0.68,429.7
2025-04-20 06:00:00,-7.31,-3.28,406.6
2025-04-20 07:00:00,-0.61,0.94,377.5
2025-04-20 08:00:00,-6.61,2.55,411.4
2025-04-20 09:00:00,-1.87,-1.32,421.7
2025-04-20 10:00:00,-9.43,3.33,340.8
2025-04-20 11:00:00,-14.79,1.74,403.5
2025-04-20 12:00:00,-8.79,-2.11,394.3
2025-04-20 13:00:00,-10.55,-1.3,428.6
2025-04-20 14:00:00,-12.4,-0.63,411.6
2025-04-20 15:00:00,-15.46,-0.37,414.5
2025-04-20 16:00:00,-14.43,-4.88,385.5
2025-04-20 17:00:00,-16.36,-1.51,400.0
2025-04-20 18:00:00,-15.91,-1.11,428.3
2025-04-20 19:00:00,-12.3,3.78,398.1
2025-04-20 20:00:00,-13.78,0.45,405.2
2025-04-20 21:00:00,-11.71,-1.6,353.9
2025-04-20 22:00:00,-13.2,-0.88,397.9
2025-04-20 23:00:00,-12.32,0.85,339.6
2025-04-21 00:00:00,-13.46,-0.76,384.5
2025-04-21 01:00:00,-9.82,-1.17,401.9
2025-04-21 02:00:00,-17.46,-1.11,423.0
2025-04-21 03:00:00,-8.24,0.96,370.0
2025-04-21 04:00:00,-5.92,-2.76,411.2
2025-04-21 05:00:00,-3.48,-2.17,444.1
2025-04-21 06:00:00,-5.81,-1.86,380.8
2025-04-21 07:00:00,-4.13,-2.21,353.6
2025-04-21 08:00:00,-12.21,-1.65,408.7
2025-04-21 09:00:00,-6.63,1.79,364.2
2025-04-21 10:00:00,-12.54,2.07,375.4
2025-04-21 11:00:00,-12.33,0.54,427.7
2025-04-21 12:00:00,-10.56,0.43,456.3
2025-04-21 13:00:00,-7.47,-1.34,370.0
2025-04-21 14:00:00,-11.39,-4.16,377.9
2025-04-21 15:00:00,-13.48,0.29,386.8
2025-04-21 16:00:00,-14.39,0.6,383.6
2025-04-21 17:00:00,-16.97,-1.35,458.0
2025-04-21 18:00:00,-16.63,-2.15,384.1
2025-04-21 19:00:00,-13.55,-2.55,388.4
2025-04-21 20:00:00,-18.49,0.34,448.5
2025-04-21 21:00:00,-11.76,0.16,417.3
2025-04-21 22:00:00,-13.67,2.39,429.6
2025-04-21 23:00:00,-8.82,-1.61,372.8
2025-04-22 00:00:00,-7.12,-0.58,384.1
2025-04-22 01:00:00,-13.73,0.03,368.8
2025-04-22 02:00:00,-9.24,-1.1,424.0
2025-04-22 03:00:00,-9.03,1.68,436.8
2025-04-22 04:00:00,-11.11,2.48,382.0
2025-04-22 05:00:00,-8.27,-2.21,389.1
2025-04-22 06:00:00,2.32,-0.92,390.4
2025-04-22 07:00:00,-3.34,2.65,353.6
2025-04-22 08:00:00,0.08,0.65,379.8
2025-04-22 09:00:00,-3.98,0.23,423.2
2025-04-22 10:00:00,-9.73,0.68,373.7
2025-04-22 11:00:00,-9.85,1.31,402.8
2025-04-22 12:00:00,-8.23,0.78,360.8
2025-04-22 13:00:00,-9.98,0.43,395.7
2025-04-22 14:00:00,-14.23,0.02,383.1
2025-04-22 15:00:00,-18.07,2.7,363.3
2025-04-22 16:00:00,-4.47,-0.53,423.7
2025-04-22 17:00:00,-15.25,0.0,425.4
2025-04-22 18:00:00,-15.98,3.1,370.9
2025-04-22 19:00:00,-14.49,0.65,393.5
2025-04-22 20:00:00,-15.06,-0.13,401.3
2025-04-22 21:00:00,-13.17,1.26,345.6
2025-04-22 22:00:00,-8.64,0.45,358.1
2025-04-22 23:00:00,-11.67,-1.48,438.6
2025-04-23 00:00:00,-13.49,0.49,368.0
2025-04-23 01:00:00,-9.19,-1.62,437.7
2025-04-23 02:00:00,-8.89,3.65,359.6
2025-04-23 03:00:00,-2.19,0.48,419.8
2025-04-23 04:00:00,-2.16,-1.88,390.7
2025-04-23 05:00:00,-4.85,-0.79,394.9
2025-04-23 06:00:00,-8.84,1.52,455.7
2025-04-23 07:00:00,-8.85,-2.18,362.4
2025-04-23 08:00:00,-5.62,5.44,417.8
2025-04-23 09:00:00,-5.46,-2.91,416.6
2025-04-23 10:00:00,-8.62,1.85,500.6
2025-04-23 11:00:00,-10.15,-0.97,367.7
2025-04-23 12:00:00,-11.78,-1.62,381.2
2025-04-23 13:00:00,-11.36,1.08,424.5
2025-04-23 14:00:00,-19.65,-0.91,394.0
2025-04-23 15:00:00,-16.84,3.18,386.1
2025-04-23 16:00:00,-16.21,-2.8,428.7
2025-04-23 17:00:00,-11.21,1.12,392.0
2025-04-23 18:00:00,-17.44,-0.55,373.2
2025-04-23 19:00:00,-14.29,0.59,421.8
2025-04-23 20:00:00,-13.65,1.03,411.3
2025-04-23 21:00:00,-9.64,-3.46,390.6
2025-04-23 22:00:00,-8.71,0.47,389.2
2025-04-23 23:00:00,-11.47,2.18,372.6
2025-04-24 00:00:00,-11.43,0.93,421.8
2025-04-24 01:00:00,-10.7,-0.74,389.2
2025-04-24 02:00:00,-8.22,-2.83,376.9
2025-04-24 03:00:00,-7.77,1.02,361.4
2025-04-24 04:00:00,-4.01,3.75,411.8
2025-04-24 05:00:00,-3.91,1.32,384.7
2025-04-24 06:00:00,-3.22,2.32,339.6
2025-04-24 07:00:00,-1.39,1.87,363.9
2025-04-24 08:00:00,-0.08,-0.79,393.0
2025-04-24 09:00:00,-6.09,0.18,393.8
2025-04-24 10:00:00,-4.2,1.74,392.7
2025-04-24 11:00:00,-9.76,-3.16,388.5
2025-04-24 12:00:00,-6.44,1.3,355.7
2025-04-24 13:00:00,-8.11,2.52,373.8
2025-04-24 14:00:00,-9.47,-0.1,435.5
2025-04-24 15:00:00,-13.25,1.63,431.1
2025-04-24 16:00:00,-16.34,-1.11,417.3
2025-04-24 17:00:00,-19.01,0.08,414.7
2025-04-24 18:00:00,-15.12,-0.55,427.1
2025-04-24 19:00:00,-10.23,0.92,366.4
2025-04-24 20:00:00,-15.26,-0.21,401.0
2025-04-24 21:00:00,-11.18,-3.35,366.4
2025-04-24 22:00:00,-9.97,-1.44,366.9
2025-04-24 23:00:00,-12.15,3.89,411.0
2025-04-25 00:00:00,-6.05,1.14,428.4
2025-04-25 01:00:00,-17.43,-4.2,394.2
2025-04-25 02:00:00,-11.17,2.42,449.5
2025-04-25 03:00:00,-9.21,-2.31,406.4
2025-04-25 04:00:00,-8.13,1.79,376.7
2025-04-25 05:00:00,-4.16,2.58,367.4
2025-04-25 06:00:00,-4.13,0.2,430.5
2025-04-25 07:00:00,-3.99,-1.99,403.9
2025-04-25 08:00:00,-3.88,-1.43,420.3
2025-04-25 09:00:00,-9.31,1.26,320.3
2025-04-25 10:00:00,-11.15,-2.27,407.3
2025-04-25 11:00:00,-7.52,-1.16,384.6
2025-04-25 12:00:00,-11.89,1.03,358.2
2025-04-25 13:00:00,-16.01,-1.3,398.1
2025-04-25 14:00:00,-9.59,2.84,432.8
2025-04-25 15:00:00,-9.35,-2.08,468.0
2025-04-25 16:00:00,-9.66,-6.58,407.3
2025-04-25 17:00:00,-14.27,-1.56,378.7
2025-04-25 18:00:00,-13.12,0.62,376.9
2025-04-25 19:00:00,-10.72,1.73,428.9
2025-04-25 20:00:00,-16.25,-0.82,370.1
2025-04-25 21:00:00,-10.2,-0.55,418.7
2025-04-25 22:00:00,-11.67,-0.06,408.8
2025-04-25 23:00:00,-8.55,3.48,405.5
2025-04-26 00:00:00,-9.44,0.76,353.0
2025-04-26 01:00:00,-4.82,-0.99,389.3
2025-04-26 02:00:00,-6.83,4.1,356.3
2025-04-26 03:00:00,-10.92,0.02,382.4
2025-04-26 04:00:00,-1.31,-4.15,427.5
2025-04-26 05:00:00,-8.01,-2.77,436.9
2025-04-26 06:00:00,-1.24,1.12,406.4
2025-04-26 07:00:00,-5.44,-3.55,382.9
2025-04-26 08:00:00,-2.14,1.0,447.6
2025-04-26 09:00:00,-3.06,-1.56,382.5
2025-04-26 10:00:00,-6.21,2.36,365.9
2025-04-26 11:00:00,-7.18,0.34,420.9
2025-04-26 12:00:00,-8.73,-3.27,413.7
2025-04-26 13:00:00,-17.34,1.83,383.7
2025-04-26 14:00:00,-12.15,2.73,403.0
2025-04-26 15:00:00,-16.88,-2.55,413.3
2025-04-26 16:00:00,-13.82,-1.61,406.1
2025-04-26 17:00:00,-18.26,1.0,413.8
2025-04-26 18:00:00,-18.55,1.36,384.8
2025-04-26 19:00:00,-10.01,4.71,415.8
2025-04-26 20:00:00,-11.12,1.78,400.5
2025-04-26 21:00:00,-13.55,4.8,385.8
2025-04-26 22:00:00,-11.95,0.04,392.6
2025-04-26 23:00:00,-12.04,0.77,397.1
2025-04-27 00:00:00,-8.29,-1.14,356.6
2025-04-27 01:00:00,-10.73,-1.05,380.9
2025-04-27 02:00:00,-4.52,0.29,401.9
2025-04-27 03:00:00,-7.22,-1.17,359.5
2025-04-27 04:00:00,-6.93,-5.13,381.4
2025-04-27 05:00:00,-5.11,-1.33,471.5
2025-04-27 06:00:00,-6.77,2.15,366.1
2025-04-27 07:00:00,-4.18,0.15,388.5
2025-04-27 08:00:00,-7.28,0.16,375.0
2025-04-27 09:00:00,-5.06,-1.53,396.5
2025-04-27 10:00:00,-3.85,0.67,375.6
2025-04-27 11:00:00,-10.86,3.32,392.7
2025-04-27 12:00:00,-10.39,2.8,378.4
2025-04-27 13:00:00,-9.91,0.73,431.7
2025-04-27 14:00:00,-13.81,-1.71,402.4
2025-04-27 15:00:00,-12.14,3.53,369.9
2025-04-27 16:00:00,-12.66,2.12,425.2
2025-04-27 17:00:00,-11.58,-2.96,371.3
2025-04-27 18:00:00,-16.82,-3.51,353.1
2025-04-27 19:00:00,-17.66,-2.85,399.9
2025-04-27 20:00:00,-15.25,-0.99,457.2
2025-04-27 21:00:00,-16.44,1.8,345.2
2025-04-27 22:00:00,-10.81,1.76,360.1
2025-04-27 23:00:00,-14.78,0.68,422.6
2025-04-28 00:00:00,-3.0,-0.28,380.7
2025-04-28 01:00:00,-4.82,4.74,418.4
2025-04-28 02:00:00,-7.46,0.07,374.9
2025-04-28 03:00:00,-3.86,-0.17,404.3
2025-04-28 04:00:00,-10.58,-1.02,452.3
2025-04-28 05:00:00,2.4,4.42,364.2
2025-04-28 06:00:00,-6.77,1.44,430.7
2025-04-28 07:00:00,-5.53,-2.07,420.4
2025-04-28 08:00:00,-11.24,-2.31,355.3
2025-04-28 09:00:00,-5.01,-3.36,416.8
2025-04-28 10:00:00,-10.82,-0.19,402.2
2025-04-28 11:00:00,-8.4,-3.0,402.7
2025-04-28 12:00:00,-11.63,-2.34,410.1
2025-04-28 13:00:00,-14.53,2.14,389.5
2025-04-28 14:00:00,-14.91,1.78,402.1
2025-04-28 15:00:00,-12.86,2.98,407.2
2025-04-28 16:00:00,-18.17,-2.94,422.4
2025-04-28 17:00:00,-17.08,-2.0,354.2
2025-04-28 18:00:00,-13.01,-1.26,438.7
2025-04-28 19:00:00,-7.02,3.28,365.3
2025-04-28 20:00:00,-12.9,0.13,422.8
2025-04-28 21:00:00,-16.29,3.64,402.4
2025-04-28 22:00:00,-13.6,1.25,361.6
2025-04-28 23:00:00,-11.2,-0.22,415.8
2025-04-29 00:00:00,-11.05,1.15,371.6
2025-04-29 01:00:00,-6.0,-3.46,432.1
2025-04-29 02:00:00,-6.85,-4.11,378.7
2025-04-29 03:00:00,-3.74,0.52,355.2
2025-04-29 04:00:00,-6.61,0.03,446.0
2025-04-29 05:00:00,-1.19,3.87,405.4
2025-04-29 06:00:00,-5.5,-2.76,426.0
2025-04-29 07:00:00,-8.08,0.74,374.5
2025-04-29 08:00:00,0.86,1.39,343.2
2025-04-29 09:00:00,-11.94,0.69,450.3
2025-04-29 10:00:00,-9.72,2.2,399.8
2025-04-29 11:00:00,-10.59,-1.26,414.7
2025-04-29 12:00:00,-2.48,1.66,419.7
2025-04-29 13:00:00,-5.87,1.12,389.9
2025-04-29 14:00:00,-8.02,2.33,406.8
2025-04-29 15:00:00,-14.53,-1.02,447.8
2025-04-29 16:00:00,-7.05,-2.37,399.0
2025-04-29 17:00:00,-13.72,-1.26,428.3
2025-04-29 18:00:00,-12.07,-2.13,340.3
2025-04-29 19:00:00,-14.29,-1.13,433.7
2025-04-29 20:00:00,-14.48,-0.67,354.3
2025-04-29 21:00:00,-14.29,-1.82,430.3
2025-04-29 22:00:00,-13.13,0.02,411.7
2025-04-29 23:00:00,-9.47,-2.36,397.1
2025-04-30 00:00:00,-8.9,-0.15,397.0
2025-04-30 01:00:00,-8.8,-0.99,392.4
2025-04-30 02:00:00,-2.97,-0.24,375.4
2025-04-30 03:00:00,-15.36,0.79,393.8
2025-04-30 04:00:00,-4.14,-0.84,466.2
2025-04-30 05:00:00,-3.02,-1.56,439.1
2025-04-30 06:00:00,-1.56,-1.31,373.9
2025-04-30 07:00:00,-5.36,2.05,408.0
2025-04-30 08:00:00,-5.05,2.55,402.9
2025-04-30 09:00:00,-3.51,-1.03,395.7
2025-04-30 10:00:00,-3.03,-0.31,369.9
2025-04-30 11:00:00,-9.61,-3.41,413.4
2025-04-30 12:00:00,-9.2,-0.36,425.4
2025-04-30 13:00:00,-6.26,-2.9,375.0
2025-04-30 14:00:00,-18.87,-0.98,458.7
2025-04-30 15:00:00,-15.61,2.15,445.7
2025-04-30 16:00:00,-9.93,-3.0,416.4
2025-04-30 17:00:00,-11.55,-1.8,363.0
2025-04-30 18:00:00,-13.43,-1.79,412.0
2025-04-30 19:00:00,-16.18,-3.34,408.5
2025-04-30 20:00:00,-16.98,1.73,415.4
2025-04-30 21:00:00,-15.31,0.55,447.7
2025-04-30 22:00:00,-7.86,3.62,394.7
2025-04-30 23:00:00,-13.18,-1.99,461.4
2025-05-01 00:00:00,-9.7,-3.54,412.2
2025-05-01 01:00:00,-10.97,1.88,391.3
2025-05-01 02:00:00,-4.97,-0.72,472.0
2025-05-01 03:00:00,-8.08,-0.93,424.9
2025-05-01 04:00:00,-5.96,2.96,386.4
2025-05-01 05:00:00,-10.22,0.34,402.5
2025-05-01 06:00:00,-9.84,1.81,419.1
2025-05-01 07:00:00,-5.15,-1.25,395.5
2025-05-01 08:00:00,-9.65,-1.45,404.0
2025-05-01 09:00:00,-0.15,-0.73,375.5
2025-05-01 10:00:00,-13.68,1.34,349.4
2025-05-01 11:00:00,-11.11,0.1,403.2
2025-05-01 12:00:00,-9.95,0.94,404.2
2025-05-01 13:00:00,-12.39,-5.21,415.8
2025-05-01 14:00:00,-15.81,-3.76,382.7
2025-05-01 15:00:00,-16.41,-4.31,359.8
2025-05-01 16:00:00,-17.3,-0.76,371.0
2025-05-01 17:00:00,-15.69,-2.8,431.7
2025-05-01 18:00:00,-9.14,3.38,380.0
2025-05-01 19:00:00,-14.6,-0.04,386.7
2025-05-01 20:00:00,-10.78,0.43,390.6
2025-05-01 21:00:00,-12.01,-2.18,381.4
2025-05-01 22:00:00,-9.16,-2.24,379.2
2025-05-01 23:00:00,-19.69,3.1,373.9
2025-05-02 00:00:00,-10.91,3.56,442.0
2025-05-02 01:00:00,-4.78,0.83,420.4
2025-05-02 02:00:00,-9.22,-4.06,437.4
2025-05-02 03:00:00,-1.18,-0.85,443.5
2025-05-02 04:00:00,-1.22,0.63,329.5
2025-05-02 05:00:00,-6.58,-0.46,410.3
2025-05-02 06:00:00,-6.51,-4.24,382.4
2025-05-02 07:00:00,-8.21,3.7,433.5
2025-05-02 08:00:00,-7.56,-1.67,377.8
2025-05-02 09:00:00,-10.16,-2.68,368.4
2025-05-02 10:00:00,-6.21,-0.06,357.0
2025-05-02 11:00:00,-13.07,2.37,390.9
2025-05-02 12:00:00,-8.19,1.03,427.4
2025-05-02 13:00:00,-9.41,-2.63,407.7
2025-05-02 14:00:00,-17.48,-2.96,363.9
2025-05-02 15:00:00,-8.89,-4.38,464.6
2025-05-02 16:00:00,-12.79,-0.58,419.5
2025-05-02 17:00:00,-12.58,-0.95,423.3
2025-05-02 18:00:00,-17.28,1.03,438.6
2025-05-02 19:00:00,-12.96,-1.37,350.8
2025-05-02 20:00:00,-10.95,1.95,372.7
2025-05-02 21:00:00,-13.83,1.31,424.7
2025-05-02 22:00:00,-6.49,-1.46,375.7
2025-05-02 23:00:00,-11.16,0.78,391.7
2025-05-03 00:00:00,-6.58,2.66,397.7
2025-05-03 01:00:00,-7.83,-1.92,361.7
2025-05-03 02:00:00,-5.74,-0.43,389.2
2025-05-03 03:00:00,-11.48,-0.47,427.4
2025-05-03 04:00:00,-4.56,-0.72,421.9
2025-05-03 05:00:00,-7.38,1.6,433.4
2025-05-03 06:00:00,-7.54,1.76,430.3
2025-05-03 07:00:00,0.06,0.81,412.2
2025-05-03 08:00:00,-6.31,0.72,409.8
2025-05-03 09:00:00,-9.47,-1.12,407.6
2025-05-03 10:00:00,-8.58,0.66,381.2
2025-05-03 11:00:00,-12.61,-2.57,369.1
2025-05-03 12:00:00,-5.7,4.96,379.3
2025-05-03 13:00:00,-13.38,2.7,390.2
2025-05-03 14:00:00,-10.91,1.91,380.3
2025-05-03 15:00:00,-9.47,0.82,412.4
2025-05-03 16:00:00,-15.83,0.82,406.1
2025-05-03 17:00:00,-13.23,-3.38,409.3
2025-05-03 18:00:00,-18.09,-2.52,410.5
2025-05-03 19:00:00,-7.49,-2.27,435.9
2025-05-03 20:00:00,-11.52,0.12,399.7
2025-05-03 21:00:00,-14.11,-0.56,430.3
2025-05-03 22:00:00,-14.82,1.62,415.5
2025-05-03 23:00:00,-11.64,-1.93,433.9
2025-05-04 00:00:00,-11.02,2.05,448.4
2025-05-04 01:00:00,-2.85,-1.64,417.3
2025-05-04 02:00:00,-11.18,-0.84,403.1
2025-05-04 03:00:00,-6.06,1.79,402.9
2025-05-04 04:00:00,-5.72,1.01,385.9
2025-05-04 05:00:00,-5.52,-2.5,384.9
2025-05-04 06:00:00,-5.33,2.13,427.1
2025-05-04 07:00:00,-5.52,0.18,371.1
2025-05-04 08:00:00,-3.05,-4.28,448.4
2025-05-04 09:00:00,-4.64,-1.69,395.4
2025-05-04 10:00:00,-6.24,-0.82,485.9
2025-05-04 11:00:00,-17.81,-2.34,379.2
2025-05-04 12:00:00,-9.1,2.69,407.5
2025-05-04 13:00:00,-16.26,-0.75,389.4
2025-05-04 14:00:00,-10.56,0.92,376.2
2025-05-04 15:00:00,-9.11,0.41,431.9
2025-05-04 16:00:00,-17.11,1.41,366.8
2025-05-04 17:00:00,-15.61,3.35,379.7
2025-05-04 18:00:00,-16.8,1.35,417.6
2025-05-04 19:00:00,-11.12,3.49,422.3
2025-05-04 20:00:00,-14.05,1.4,358.2
2025-05-04 21:00:00,-8.35,0.26,417.5
2025-05-04 22:00:00,-11.26,0.64,403.9
2025-05-04 23:00:00,-10.57,-5.25,372.5
2025-05-05 00:00:00,-9.8,-0.91,376.3
2025-05-05 01:00:00,-6.25,-0.29,339.0
2025-05-05 02:00:00,-12.71,0.88,451.5
2025-05-05 03:00:00,-6.21,-0.05,430.5
2025-05-05 04:00:00,-5.88,0.67,361.3
2025-05-05 05:00:00,-2.99,-2.65,424.0
2025-05-05 06:00:00,-5.56,-3.16,382.8
2025-05-05 07:00:00,-8.29,-2.37,427.4
2025-05-05 08:00:00,-5.65,3.14,385.1
2025-05-05 09:00:00,-9.71,-2.54,389.1
2025-05-05 10:00:00,-13.28,-1.58,391.3
2025-05-05 11:00:00,-6.52,0.21,380.3
2025-05-05 12:00:00,-8.26,-3.18,442.0
2025-05-05 13:00:00,-9.89,-1.74,427.0
2025-05-05 14:00:00,-8.59,1.35,403.3
2025-05-05 15:00:00,-15.53,-0.88,430.7
2025-05-05 16:00:00,-18.62,3.37,351.2
2025-05-05 17:00:00,-15.04,-3.4,363.1
2025-05-05 18:00:00,-16.04,-0.69,414.2
2025-05-05 19:00:00,-17.36,-0.88,422.1
2025-05-05 20:00:00,-14.57,-0.02,408.4
2025-05-05 21:00:00,-15.37,-2.45,343.5
2025-05-05 22:00:00,-18.01,-1.16,368.1
2025-05-05 23:00:00,-12.62,1.58,412.5
2025-05-06 00:00:00,-13.41,-0.54,472.8
2025-05-06 01:00:00,-8.01,-2.14,436.5
2025-05-06 02:00:00,-9.47,4.16,447.3
2025-05-06 03:00:00,-3.13,0.1,410.2
2025-05-06 04:00:00,-0.86,1.23,410.0
2025-05-06 05:00:00,-3.13,1.53,369.0
2025-05-06 06:00:00,-9.65,-0.14,428.6
2025-05-06 07:00:00,-0.65,-1.58,397.8
2025-05-06 08:00:00,-0.94,0.4,420.8
2025-05-06 09:00:00,-6.41,-1.4,400.9
2025-05-06 10:00:00,-3.53,0.74,408.4
2025-05-06 11:00:00,-10.36,-0.33,397.4
2025-05-06 12:00:00,-15.6,2.06,406.7
2025-05-06 13:00:00,-13.57,-2.28,430.0
2025-05-06 14:00:00,-7.31,1.44,362.0
2025-05-06 15:00:00,-18.01,1.23,355.2
2025-05-06 16:00:00,-14.33,-0.48,412.8
2025-05-06 17:00:00,-14.73,1.46,443.2
2025-05-06 18:00:00,-16.54,0.84,450.8
2025-05-06 19:00:00,-16.16,1.33,363.3
2025-05-06 20:00:00,-14.11,1.21,387.9
2025-05-06 21:00:00,-15.22,0.1,355.6
2025-05-06 22:00:00,-16.77,-1.19,383.5
2025-05-06 23:00:00,-10.65,-1.22,433.7
2025-05-07 00:00:00,-6.78,-0.43,399.6
2025-05-07 01:00:00,-6.1,1.69,388.8
2025-05-07 02:00:00,-9.93,1.26,416.4
2025-05-07 03:00:00,-10.22,2.01,376.1
2025-05-07 04:00:00,-6.52,2.21,447.8
2025-05-07 05:00:00,-0.47,-0.43,400.2
2025-05-07 06:00:00,-3.06,3.92,387.9
2025-05-07 07:00:00,-3.06,-0.21,417.6
2025-05-07 08:00:00,-3.0,-0.99,428.2
2025-05-07 09:00:00,-5.2,0.67,447.9
2025-05-07 10:00:00,-7.14,0.97,393.7
2025-05-07 11:00:00,-6.72,-1.48,432.6
2025-05-07 12:00:00,-11.64,-0.32,403.0
2025-05-07 13:00:00,-15.54,-0.89,381.7
2025-05-07 14:00:00,-10.33,0.28,376.7
2025-05-07 15:00:00,-9.82,1.59,367.1
2025-05-07 16:00:00,-17.68,-0.53,377.7
2025-05-07 17:00:00,-12.36,1.15,433.5
2025-05-07 18:00:00,-9.96,-2.78,421.2
2025-05-07 19:00:00,-14.84,1.78,362.8
2025-05-07 20:00:00,-16.78,-0.91,347.6
2025-05-07 21:00:00,-13.17,-0.94,366.6
2025-05-07 22:00:00,-14.15,0.8,376.7
2025-05-07 23:00:00,-13.14,0.91,390.9
2025-05-08 00:00:00,-8.7,-0.22,435.2
2025-05-08 01:00:00,-13.52,-1.78,383.6
2025-05-08 02:00:00,-11.83,-0.96,450.4
2025-05-08 03:00:00,-6.41,0.19,349.6
2025-05-08 04:00:00,-5.74,0.98,389.5
2025-05-08 05:00:00,-4.14,-1.65,423.6
2025-05-08 06:00:00,0.63,-1.28,425.4
2025-05-08 07:00:00,-4.86,0.53,389.9
2025-05-08 08:00:00,-3.88,-0.17,430.1
2025-05-08 09:00:00,-9.39,0.29,424.4
2025-05-08 10:00:00,-5.2,-5.23,379.5
2025-05-08 11:00:00,-10.29,-0.59,409.4
2025-05-08 12:00:00,-9.79,1.71,421.1
2025-05-08 13:00:00,-11.62,-1.23,381.7
2025-05-08 14:00:00,-9.4,0.97,450.8
2025-05-08 15:00:00,-17.47,-2.42,374.9
2025-05-08 16:00:00,-21.18,-3.13,404.3
2025-05-08 17:00:00,-15.47,0.84,362.5
2025-05-08 18:00:00,-13.59,-0.11,403.1
2025-05-08 19:00:00,-14.37,-0.67,368.0
2025-05-08 20:00:00,-10.63,1.69,391.2
2025-05-08 21:00:00,-12.22,-0.62,352.4
2025-05-08 22:00:00,-14.19,-1.27,424.0
2025-05-08 23:00:00,-18.27,-1.48,410.7
2025-05-09 00:00:00,-10.71,-1.9,432.6
2025-05-09 01:00:00,-5.62,0.93,389.6
2025-05-09 02:00:00,-8.68,-0.62,434.0
2025-05-09 03:00:00,-6.38,2.29,401.2
2025-05-09 04:00:00,-4.41,-5.9,403.4
2025-05-09 05:00:00,-8.22,1.85,463.4
2025-05-09 06:00:00,-3.13,0.72,385.5
2025-05-09 07:00:00,-0.26,-0.18,436.8
2025-05-09 08:00:00,-6.19,-2.58,414.4
2025-05-09 09:00:00,-9.85,-3.32,382.8
2025-05-09 10:00:00,-7.7,1.5,360.5
2025-05-09 11:00:00,-15.38,0.48,369.0
2025-05-09 12:00:00,-8.99,0.45,433.9
2025-05-09 13:00:00,-9.94,-0.2,452.0
2025-05-09 14:00:00,-7.47,1.7,402.7
2025-05-09 15:00:00,-14.12,-1.17,404.3
2025-05-09 16:00:00,-13.1,-0.67,423.3
2025-05-09 17:00:00,-17.41,-0.35,402.2
2025-05-09 18:00:00,-16.07,-0.43,433.0
2025-05-09 19:00:00,-19.41,2.67,408.7
2025-05-09 20:00:00,-14.91,-2.51,404.1
2025-05-09 21:00:00,-14.45,-3.91,379.0
2025-05-09 22:00:00,-11.6,-2.91,371.6
2025-05-09 23:00:00,-13.16,1.37,305.2
2025-05-10 00:00:00,-9.75,-0.2,437.0
2025-05-10 01:00:00,-9.71,-3.2,395.6
2025-05-10 02:00:00,-8.49,0.2,388.0
2025-05-10 03:00:00,-6.22,-0.65,341.4
2025-05-10 04:00:00,-5.55,1.12,380.8
2025-05-10 05:00:00,-2.89,1.59,376.8
2025-05-10 06:00:00,-5.36,5.04,376.2
2025-05-10 07:00:00,-6.22,-2.36,410.0
2025-05-10 08:00:00,-6.21,-3.73,403.7
2025-05-10 09:00:00,-8.61,1.18,359.2
2025-05-10 10:00:00,-8.58,1.97,361.1
2025-05-10 11:00:00,-2.61,-2.55,361.0
2025-05-10 12:00:00,-12.74,-2.55,454.3
2025-05-10 13:00:00,-12.13,0.69,444.8
2025-05-10 14:00:00,-13.66,3.43,374.4
2025-05-10 15:00:00,-14.28,-1.75,340.7
2025-05-10 16:00:00,-15.32,0.17,403.8
2025-05-10 17:00:00,-13.99,-3.8,401.4
2025-05-10 18:00:00,-20.13,-0.4,409.5
2025-05-10 19:00:00,-11.72,-0.23,422.2
2025-05-10 20:00:00,-12.43,2.94,413.6
2025-05-10 21:00:00,-17.26,-1.41,366.5
2025-05-10 22:00:00,-19.31,1.37,408.8
2025-05-10 23:00:00,-14.23,-1.54,425.6
2025-05-11 00:00:00,-10.73,0.18,378.3
2025-05-11 01:00:00,-0.97,4.15,409.0
2025-05-11 02:00:00,-5.87,3.59,383.4
2025-05-11 03:00:00,-11.89,3.92,459.9
2025-05-11 04:00:00,-7.74,0.8,360.2
2025-05-11 05:00:00,-5.33,-0.42,434.7
2025-05-11 06:00:00,-4.24,0.57,349.9
2025-05-11 07:00:00,-9.11,0.93,453.8
2025-05-11 08:00:00,-6.07,0.78,365.8
2025-05-11 09:00:00,-8.62,-1.42,405.7
2025-05-11 10:00:00,-10.81,-1.5,351.1
2025-05-11 11:00:00,-7.93,-1.19,359.5
2025-05-11 12:00:00,-7.68,2.14,426.9
2025-05-11 13:00:00,-8.77,2.36,430.8
2025-05-11 14:00:00,-10.78,6.37,407.2
2025-05-11 15:00:00,-15.03,0.85,422.2
2025-05-11 16:00:00,-12.19,-1.58,431.3
2025-05-11 17:00:00,-13.9,-0.96,379.5
2025-05-11 18:00:00,-14.6,-0.32,358.0
2025-05-11 19:00:00,-16.66,3.01,399.6
2025-05-11 20:00:00,-15.82,1.47,382.7
2025-05-11 21:00:00,-13.31,-2.69,411.7
2025-05-11 22:00:00,-5.18,-0.11,416.4
2025-05-11 23:00:00,-10.39,-2.94,379.6
2025-05-12 00:00:00,-11.83,1.18,421.1
2025-05-12 01:00:00,-11.2,-1.41,419.6
2025-05-12 02:00:00,-8.98,-1.22,421.7
2025-05-12 03:00:00,0.07,-3.76,387.8
2025-05-12 04:00:00,-6.87,1.51,423.4
2025-05-12 05:00:00,-2.45,2.42,415.6
2025-05-12 06:00:00,-6.13,-1.39,419.2
2025-05-12 07:00:00,-4.39,-0.32,450.3
2025-05-12 08:00:00,-3.29,-0.96,409.8
2025-05-12 09:00:00,-8.18,-0.44,381.8
2025-05-12 10:00:00,-9.42,-1.64,366.7
2025-05-12 11:00:00,-3.73,-2.2,433.8
2025-05-12 12:00:00,-7.05,2.74,410.7
2025-05-12 13:00:00,-8.92,-5.28,450.1
2025-05-12 14:00:00,-10.14,1.01,339.1
2025-05-12 15:00:00,-12.16,0.57,427.3
2025-05-12 16:00:00,-8.28,3.31,392.2
2025-05-12 17:00:00,-14.7,-0.47,389.4
2025-05-12 18:00:00,-13.27,-0.74,377.1
2025-05-12 19:00:00,-19.18,-1.62,427.0
2025-05-12 20:00:00,-16.81,0.71,418.4
2025-05-12 21:00:00,-17.14,-1.42,365.7
2025-05-12 22:00:00,-8.68,-2.26,404.9
2025-05-12 23:00:00,-18.95,-1.47,421.2
2025-05-13 00:00:00,-11.21,-1.89,405.3
2025-05-13 01:00:00,-17.69,-2.01,433.2
2025-05-13 02:00:00,-9.99,0.17,391.3
2025-05-13 03:00:00,-7.94,-0.39,332.4
2025-05-13 04:00:00,-1.52,1.1,405.6
2025-05-13 05:00:00,-3.98,0.29,405.4
2025-05-13 06:00:00,-7.5,-2.41,409.3
2025-05-13 07:00:00,-1.97,-4.25,433.2
2025-05-13 08:00:00,-5.62,-2.11,341.4
2025-05-13 09:00:00,-6.35,1.53,392.8
2025-05-13 10:00:00,-11.11,1.48,372.3
2025-05-13 11:00:00,-11.68,1.97,363.8
2025-05-13 12:00:00,-12.48,1.68,397.8
2025-05-13 13:00:00,-11.15,2.17,421.1
2025-05-13 14:00:00,-12.27,0.81,409.0
2025-05-13 15:00:00,-8.9,3.61,379.4
2025-05-13 16:00:00,-13.17,0.59,395.6
2025-05-13 17:00:00,-22.95,4.0,427.9
2025-05-13 18:00:00,-14.21,-1.25,420.5
2025-05-13 19:00:00,-19.18,-1.3,383.4
2025-05-13 20:00:00,-17.23,-0.38,381.5
2025-05-13 21:00:00,-15.97,-0.07,348.5
2025-05-13 22:00:00,-14.49,-0.64,387.1
2025-05-13 23:00:00,-15.42,1.08,347.9
2025-05-14 00:00:00,-9.39,-0.2,462.0
2025-05-14 01:00:00,-12.94,-1.21,374.3
2025-05-14 02:00:00,-6.43,-0.79,433.3
2025-05-14 03:00:00,0.25,2.44,454.5
2025-05-14 04:00:00,-9.66,0.63,406.5
2025-05-14 05:00:00,-6.02,-3.35,397.0
2025-05-14 06:00:00,-12.57,3.02,360.3
2025-05-14 07:00:00,-6.07,0.87,384.9
2025-05-14 08:00:00,-3.74,1.28,448.1
2025-05-14 09:00:00,-4.3,1.86,410.5
2025-05-14 10:00:00,-7.27,1.96,400.9
2025-05-14 11:00:00,-6.04,-1.84,439.4
2025-05-14 12:00:00,-2.36,-2.14,420.9
2025-05-14 13:00:00,-6.16,4.79,395.6
2025-05-14 14:00:00,-14.07,-1.4,406.5
2025-05-14 15:00:00,-17.89,0.76,377.0
2025-05-14 16:00:00,-15.55,3.26,383.2
2025-05-14 17:00:00,-17.67,-0.89,393.8
2025-05-14 18:00:00,-13.65,-0.72,416.7
2025-05-14 19:00:00,-18.37,1.85,362.6
2025-05-14 20:00:00,-14.55,0.43,402.3
2025-05-14 21:00:00,-11.02,0.99,388.3
2025-05-14 22:00:00,-12.8,-0.16,373.0
2025-05-14 23:00:00,-14.13,-1.05,388.5
2025-05-15 00:00:00,-6.48,-0.67,330.4
2025-05-15 01:00:00,-14.34,2.39,377.3
2025-05-15 02:00:00,-8.48,-0.59,367.0
2025-05-15 03:00:00,-6.59,0.86,391.6
2025-05-15 04:00:00,-5.62,-1.94,331.6
2025-05-15 05:00:00,-4.63,4.08,405.7
2025-05-15 06:00:00,-3.17,0.64,427.3
2025-05-15 07:00:00,-5.28,0.68,396.5
2025-05-15 08:00:00,-6.77,1.85,415.0
2025-05-15 09:00:00,-7.69,-0.96,384.6
2025-05-15 10:00:00,-9.33,2.39,353.4
2025-05-15 11:00:00,-6.34,-3.03,400.1
2025-05-15 12:00:00,-11.94,-1.23,420.4
2025-05-15 13:00:00,-8.75,-1.6,360.3
2025-05-15 14:00:00,-12.44,-3.76,386.0
2025-05-15 15:00:00,-15.1,-1.06,392.6
2025-05-15 16:00:00,-12.47,-0.1,485.5
2025-05-15 17:00:00,-17.01,-2.18,406.7
2025-05-15 18:00:00,-13.09,-2.47,342.8
2025-05-15 19:00:00,-14.19,0.08,335.4
2025-05-15 20:00:00,-16.12,-0.16,421.9
2025-05-15 21:00:00,-11.95,-0.53,474.6
2025-05-15 22:00:00,-10.86,-2.53,391.6
2025-05-15 23:00:00,-7.82,-0.79,389.8
2025-05-16 00:00:00,-7.1,-1.33,412.9
2025-05-16 01:00:00,-7.23,0.17,376.1
2025-05-16 02:00:00,-10.88,-1.12,323.7
2025-05-16 03:00:00,0.88,-0.08,431.1
2025-05-16 04:00:00,-9.88,-2.62,381.6
2025-05-16 05:00:00,-2.32,-2.79,431.5
2025-05-16 06:00:00,-3.71,1.12,377.2
2025-05-16 07:00:00,-8.69,1.53,403.7
2025-05-16 08:00:00,-6.04,-0.79,425.6
2025-05-16 09:00:00,-6.7,0.06,432.1
2025-05-16 10:00:00,-3.58,-0.9,407.0
2025-05-16 11:00:00,-10.85,2.19,405.5
2025-05-16 12:00:00,-10.79,-0.41,418.6
2025-05-16 13:00:00,-18.3,-1.0,413.9
2025-05-16 14:00:00,-7.3,1.93,361.3
2025-05-16 15:00:00,-16.75,-1.55,361.8
2025-05-16 16:00:00,-13.35,0.31,336.7
2025-05-16 17:00:00,-15.13,-2.1,423.0
2025-05-16 18:00:00,-15.29,1.33,388.1
2025-05-16 19:00:00,-12.4,1.63,424.6
2025-05-16 20:00:00,-9.32,-2.58,412.1
2025-05-16 21:00:00,-12.78,-2.89,369.9
2025-05-16 22:00:00,-10.53,0.58,396.4
2025-05-16 23:00:00,-10.31,3.88,386.4
2025-05-17 00:00:00,-6.95,1.77,381.7
2025-05-17 01:00:00,-10.09,-0.42,427.5
2025-05-17 02:00:00,-4.27,-1.71,475.3
2025-05-17 03:00:00,-3.13,-2.43,433.5
2025-05-17 04:00:00,-2.42,1.43,399.2
2025-05-17 05:00:00,-7.15,1.85,437.8
2025-05-17 06:00:00,-5.51,-1.26,451.4
2025-05-17 07:00:00,-4.45,-0.49,358.2
2025-05-17 08:00:00,-9.78,0.09,436.7
2025-05-17 09:00:00,-1.68,3.63,423.1
2025-05-17 10:00:00,-7.54,0.13,435.6
2025-05-17 11:00:00,-7.85,-1.96,424.4
2025-05-17 12:00:00,-11.73,-2.31,393.2
2025-05-17 13:00:00,-15.27,-1.82,461.0
2025-05-17 14:00:00,-14.31,2.53,410.2
2025-05-17 15:00:00,-12.88,1.03,387.0
2025-05-17 16:00:00,-12.31,-0.69,415.2
2025-05-17 17:00:00,-14.34,-5.85,429.2
2025-05-17 18:00:00,-13.96,-1.71,402.8
2025-05-17 19:00:00,-15.84,0.69,411.8
2025-05-17 20:00:00,-12.84,0.7,402.7
2025-05-17 21:00:00,-9.09,0.69,380.2
2025-05-17 22:00:00,-10.39,-2.69,375.3
2025-05-17 23:00:00,-8.87,0.35,357.9
2025-05-18 00:00:00,-9.12,-1.95,445.5
2025-05-18 01:00:00,-13.22,0.0,393.3
2025-05-18 02:00:00,-10.63,-1.54,297.2
2025-05-18 03:00:00,-5.1,2.14,411.9
2025-05-18 04:00:00,-5.7,0.67,411.3
2025-05-18 05:00:00,-3.85,-0.29,344.0
2025-05-18 06:00:00,0.03,2.76,375.0
2025-05-18 07:00:00,-2.99,-0.74,373.7
2025-05-18 08:00:00,-1.89,-2.83,377.7
2025-05-18 09:00:00,-6.18,2.11,436.4
2025-05-18 10:00:00,-9.92,0.5,395.5
2025-05-18 11:00:00,-8.88,-0.64,387.2
2025-05-18 12:00:00,-12.41,-1.29,433.7
2025-05-18 13:00:00,-6.62,1.02,414.9
2025-05-18 14:00:00,-10.13,1.63,347.8
2025-05-18 15:00:00,-11.97,-1.53,381.5
2025-05-18 16:00:00,-10.62,1.13,409.7
2025-05-18 17:00:00,-20.89,0.5,372.0
2025-05-18 18:00:00,-13.24,-1.66,460.9
2025-05-18 19:00:00,-18.76,0.01,403.4
2025-05-18 20:00:00,-14.35,-1.09,377.4
2025-05-18 21:00:00,-14.47,2.48,366.3
2025-05-18 22:00:00,-10.51,-1.3,427.8
2025-05-18 23:00:00,-10.61,3.02,380.6
2025-05-19 00:00:00,-5.96,0.26,411.4
2025-05-19 01:00:00,-10.51,-3.49,365.5
2025-05-19 02:00:00,-5.37,-4.35,402.1
2025-05-19 03:00:00,-5.98,-0.42,380.9
2025-05-19 04:00:00,-10.58,2.67,390.5
2025-05-19 05:00:00,-7.93,2.46,376.1
2025-05-19 06:00:00,-5.45,0.33,430.8
2025-05-19 07:00:00,-1.83,-1.47,385.3
2025-05-19 08:00:00,-4.28,-0.83,395.7
2025-05-19 09:00:00,-9.97,0.41,397.1
2025-05-19 10:00:00,-7.92,2.17,448.4
2025-05-19 11:00:00,-2.65,1.14,426.7
2025-05-19 12:00:00,-9.67,1.94,423.7
2025-05-19 13:00:00,-12.28,1.29,352.7
2025-05-19 14:00:00,-11.02,1.88,380.3
2025-05-19 15:00:00,-11.25,-4.52,435.7
2025-05-19 16:00:00,-15.7,-1.79,364.9
2025-05-19 17:00:00,-13.32,-2.21,402.5
2025-05-19 18:00:00,-15.99,-2.4,368.0
2025-05-19 19:00:00,-12.67,0.01,371.1
2025-05-19 20:00:00,-13.82,-2.89,450.4
2025-05-19 21:00:00,-12.09,-1.89,421.6
2025-05-19 22:00:00,-14.78,-0.2,429.5
2025-05-19 23:00:00,-13.76,-3.21,423.5
2025-05-20 00:00:00,-7.16,-0.97,395.8
2025-05-20 01:00:00,-8.94,1.28,379.3
2025-05-20 02:00:00,-6.64,-2.45,387.9
2025-05-20 03:00:00,-7.38,1.59,394.2
2025-05-20 04:00:00,-2.97,-1.61,453.3
2025-05-20 05:00:00,-6.99,0.54,359.9
2025-05-20 06:00:00,-5.41,-2.21,383.4
2025-05-20 07:00:00,-2.81,0.91,372.6
2025-05-20 08:00:00,-2.15,-0.61,431.7
2025-05-20 09:00:00,-8.04,0.93,455.6
2025-05-20 10:00:00,-1.62,-1.09,409.3
2025-05-20 11:00:00,-7.77,1.11,411.7
2025-05-20 12:00:00,-13.13,1.69,402.7
2025-05-20 13:00:00,-10.19,0.24,413.1
2025-05-20 14:00:00,-13.65,-0.96,423.2
2025-05-20 15:00:00,-12.23,-0.47,412.8
2025-05-20 16:00:00,-14.46,-2.53,415.0
2025-05-20 17:00:00,-14.61,0.41,423.3
2025-05-20 18:00:00,-17.73,1.25,346.7
2025-05-20 19:00:00,-11.86,3.13,400.1
2025-05-20 20:00:00,-17.8,2.62,409.2
2025-05-20 21:00:00,-16.86,-1.95,412.5
2025-05-20 22:00:00,-11.4,0.42,394.9
2025-05-20 23:00:00,-6.49,-0.27,404.8
2025-05-21 00:00:00,-11.06,2.44,378.4
2025-05-21 01:00:00,-6.6,-1.42,346.8
2025-05-21 02:00:00,-4.28,1.76,429.5
2025-05-21 03:00:00,-4.02,-1.97,366.0
2025-05-21 04:00:00,-6.6,-0.21,395.2
2025-05-21 05:00:00,-8.44,-1.77,377.5
2025-05-21 06:00:00,-11.62,-3.93,447.6
2025-05-21 07:00:00,-5.96,-1.81,397.6
2025-05-21 08:00:00,-2.14,-0.52,390.7
2025-05-21 09:00:00,-9.84,2.85,422.4
2025-05-21 10:00:00,-5.4,-2.17,464.7
2025-05-21 11:00:00,-11.56,-1.21,412.2
2025-05-21 12:00:00,-9.68,-2.88,388.7
2025-05-21 13:00:00,-9.17,2.31,420.9
2025-05-21 14:00:00,-14.48,-0.92,352.8
2025-05-21 15:00:00,-13.02,-0.68,401.4
2025-05-21 16:00:00,-15.58,-0.7,459.8
2025-05-21 17:00:00,-12.71,-3.9,404.7
2025-05-21 18:00:00,-14.29,-2.93,403.2
2025-05-21 19:00:00,-14.66,-1.9,400.6
2025-05-21 20:00:00,-9.66,1.23,388.1
2025-05-21 21:00:00,-11.55,-5.0,409.4
2025-05-21 22:00:00,-14.57,1.08,423.3
2025-05-21 23:00:00,-11.55,0.69,390.0
2025-05-22 00:00:00,-10.23,-3.63,325.3
2025-05-22 01:00:00,-8.46,-0.63,414.0
2025-05-22 02:00:00,0.07,2.33,464.0
2025-05-22 03:00:00,-5.35,-2.14,388.7
2025-05-22 04:00:00,-11.78,-1.1,355.9
2025-05-22 05:00:00,-6.8,5.52,420.3
2025-05-22 06:00:00,-10.8,0.65,452.3
2025-05-22 07:00:00,-6.16,-0.52,415.9
2025-05-22 08:00:00,-11.63,-0.95,451.7
2025-05-22 09:00:00,-9.08,0.75,423.8
2025-05-22 10:00:00,-12.06,1.37,421.2
2025-05-22 11:00:00,-7.55,-4.31,384.5
2025-05-22 12:00:00,-10.0,-4.47,408.6
2025-05-22 13:00:00,-10.39,-2.0,399.1
2025-05-22 14:00:00,-12.81,-0.31,398.1
2025-05-22 15:00:00,-17.72,0.15,392.4
2025-05-22 16:00:00,-12.79,-3.41,406.8
2025-05-22 17:00:00,-9.06,-0.41,361.1
2025-05-22 18:00:00,-13.77,-0.14,424.4
2025-05-22 19:00:00,-16.11,-1.7,373.7
2025-05-22 20:00:00,-18.61,-1.07,392.5
2025-05-22 21:00:00,-16.26,-1.45,409.9
2025-05-22 22:00:00,-11.14,0.93,372.2
2025-05-22 23:00:00,-8.07,0.01,341.0
2025-05-23 00:00:00,-9.22,-2.28,388.5
2025-05-23 01:00:00,-6.31,1.91,357.1
2025-05-23 02:00:00,-5.38,-2.73,421.4
2025-05-23 03:00:00,-4.94,-3.43,365.4
2025-05-23 04:00:00,-7.65,-0.49,444.6
2025-05-23 05:00:00,-4.65,-0.5,399.8
2025-05-23 06:00:00,-7.55,0.15,401.8
2025-05-23 07:00:00,-5.12,-2.36,340.6
2025-05-23 08:00:00,-4.68,1.79,404.3
2025-05-23 09:00:00,-1.43,3.43,397.6
2025-05-23 10:00:00,-11.43,-0.04,361.0
2025-05-23 11:00:00,-7.26,0.63,402.6
2025-05-23 12:00:00,-5.56,-4.23,388.1
2025-05-23 13:00:00,-9.02,-0.87,393.5
2025-05-23 14:00:00,-10.0,-1.39,400.8
2025-05-23 15:00:00,-11.77,-1.72,385.9
2025-05-23 16:00:00,-10.44,-1.32,407.4
2025-05-23 17:00:00,-18.09,-1.12,397.4
2025-05-23 18:00:00,-19.16,-2.91,414.2
2025-05-23 19:00:00,-14.85,-0.97,384.1
2025-05-23 20:00:00,-20.81,-2.08,368.1
2025-05-23 21:00:00,-9.84,1.58,378.7
2025-05-23 22:00:00,-8.84,0.66,443.3
2025-05-23 23:00:00,-12.59,0.66,428.7
2025-05-24 00:00:00,-11.11,1.95,436.4
2025-05-24 01:00:00,-8.92,-1.65,438.5
2025-05-24 02:00:00,-7.34,0.54,386.0
2025-05-24 03:00:00,-6.08,2.14,408.9
2025-05-24 04:00:00,-4.0,-1.79,402.3
2025-05-24 05:00:00,-5.69,-4.06,419.8
2025-05-24 06:00:00,-2.17,-1.38,391.3
2025-05-24 07:00:00,-3.83,1.91,402.8
2025-05-24 08:00:00,-7.49,-1.91,402.2
2025-05-24 09:00:00,-2.46,-0.93,416.0
2025-05-24 10:00:00,-11.57,-1.56,419.7
2025-05-24 11:00:00,-8.98,-0.38,402.8
2025-05-24 12:00:00,-7.1,-2.1,403.7
2025-05-24 13:00:00,-13.46,-2.97,406.8
2025-05-24 14:00:00,-11.57,-0.88,449.4
2025-05-24 15:00:00,-11.91,-0.54,348.1
2025-05-24 16:00:00,-16.91,2.23,370.9
2025-05-24 17:00:00,-15.05,0.13,420.2
2025-05-24 18:00:00,-15.47,-2.34,408.1
2025-05-24 19:00:00,-16.48,-1.46,407.9
2025-05-24 20:00:00,-7.43,1.43,420.0
2025-05-24 21:00:00,-15.82,-0.85,406.4
2025-05-24 22:00:00,-9.49,-2.19,383.2
2025-05-24 23:00:00,-12.47,0.16,418.9
2025-05-25 00:00:00,-13.26,-1.58,400.6
2025-05-25 01:00:00,-8.4,0.96,386.6
2025-05-25 02:00:00,-5.55,0.73,420.7
2025-05-25 03:00:00,-3.7,-2.29,419.5
2025-05-25 04:00:00,-0.98,3.57,406.4
2025-05-25 05:00:00,3.67,-0.25,451.5
2025-05-25 06:00:00,-4.25,-5.33,439.8
2025-05-25 07:00:00,-7.16,0.76,430.1
2025-05-25 08:00:00,-4.31,-5.2,477.0
2025-05-25 09:00:00,-7.26,2.08,395.6
2025-05-25 10:00:00,-4.72,0.11,386.1
2025-05-25 11:00:00,-12.6,-0.29,425.8
2025-05-25 12:00:00,-2.89,-0.17,392.4
2025-05-25 13:00:00,-8.73,1.0,400.4
2025-05-25 14:00:00,-17.55,-1.13,370.4
2025-05-25 15:00:00,-15.66,-0.19,418.2
2025-05-25 16:00:00,-11.88,0.07,355.9
2025-05-25 17:00:00,-11.3,-5.93,397.1
2025-05-25 18:00:00,-18.82,1.02,399.5
2025-05-25 19:00:00,-12.69,1.36,386.9
2025-05-25 20:00:00,-20.17,0.73,347.3
2025-05-25 21:00:00,-13.8,0.59,347.1
2025-05-25 22:00:00,-9.16,3.02,377.6
2025-05-25 23:00:00,-12.95,-0.26,416.2
2025-05-26 00:00:00,-14.52,-0.19,408.7
2025-05-26 01:00:00,-8.27,-1.47,399.5
2025-05-26 02:00:00,-9.31,-4.0,373.5
2025-05-26 03:00:00,-4.58,0.75,410.2
2025-05-26 04:00:00,-8.33,-1.26,346.0
2025-05-26 05:00:00,-7.49,-4.02,328.1
2025-05-26 06:00:00,-11.06,-0.32,392.7
2025-05-26 07:00:00,-4.66,-0.38,383.6
2025-05-26 08:00:00,-6.15,-0.63,430.4
2025-05-26 09:00:00,-10.03,0.1,404.7
2025-05-26 10:00:00,-6.92,-3.29,449.5
2025-05-26 11:00:00,-5.62,1.81,383.6
2025-05-26 12:00:00,-10.65,0.7,414.6
2025-05-26 13:00:00,-10.49,2.32,392.4
2025-05-26 14:00:00,-11.68,-1.28,441.5
2025-05-26 15:00:00,-17.15,0.69,393.9
2025-05-26 16:00:00,-8.16,-3.91,425.6
2025-05-26 17:00:00,-16.24,-1.84,367.7
2025-05-26 18:00:00,-13.03,-2.91,387.5
2025-05-26 19:00:00,-12.52,0.35,397.5
2025-05-26 20:00:00,-14.75,-2.38,437.9
2025-05-26 21:00:00,-11.72,-1.04,334.1
2025-05-26 22:00:00,-11.76,-0.18,390.0
2025-05-26 23:00:00,-15.55,-0.98,389.0
2025-05-27 00:00:00,-11.0,-2.8,337.7
2025-05-27 01:00:00,-10.54,3.12,386.1
2025-05-27 02:00:00,-8.89,0.06,353.8
2025-05-27 03:00:00,-10.38,3.14,330.1
2025-05-27 04:00:00,-2.29,-2.23,392.1
2025-05-27 05:00:00,-0.36,-0.92,391.1
2025-05-27 06:00:00,-2.07,0.0,392.7
2025-05-27 07:00:00,-1.36,2.89,407.6
2025-05-27 08:00:00,-6.7,3.13,373.6
2025-05-27 09:00:00,-8.37,-1.04,453.7
2025-05-27 10:00:00,-9.84,-1.63,399.0
2025-05-27 11:00:00,-6.77,-0.18,438.6
2025-05-27 12:00:00,-9.32,2.23,349.6
2025-05-27 13:00:00,-11.53,0.1,375.0
2025-05-27 14:00:00,-8.61,0.47,420.6
2025-05-27 15:00:00,-12.32,2.21,393.2
2025-05-27 16:00:00,-16.85,1.89,367.8
2025-05-27 17:00:00,-16.87,1.97,344.8
2025-05-27 18:00:00,-12.95,1.24,422.0
2025-05-27 19:00:00,-11.7,2.7,419.5
2025-05-27 20:00:00,-12.68,-2.43,407.3
2025-05-27 21:00:00,-7.84,4.5,385.1
2025-05-27 22:00:00,-7.59,2.12,366.6
2025-05-27 23:00:00,-9.97,-0.32,398.4
2025-05-28 00:00:00,-12.52,2.22,360.5
2025-05-28 01:00:00,-12.64,-0.69,377.5
2025-05-28 02:00:00,-8.66,0.95,437.8
2025-05-28 03:00:00,-4.2,1.18,344.5
2025-05-28 04:00:00,-0.19,1.72,420.3
2025-05-28 05:00:00,-3.92,-0.92,444.8
2025-05-28 06:00:00,-1.49,1.77,424.5
2025-05-28 07:00:00,-5.91,-0.88,411.9
2025-05-28 08:00:00,-3.8,1.46,386.1
2025-05-28 09:00:00,-3.99,-0.04,380.6
2025-05-28 10:00:00,-13.44,-3.65,332.6
2025-05-28 11:00:00,-9.95,-1.47,401.1
2025-05-28 12:00:00,-7.15,1.7,387.9
2025-05-28 13:00:00,-10.47,-0.61,379.1
2025-05-28 14:00:00,-16.09,2.43,399.4
2025-05-28 15:00:00,-20.83,-2.43,401.9
2025-05-28 16:00:00,-15.43,1.39,380.9
2025-05-28 17:00:00,-15.04,-0.1,448.4
2025-05-28 18:00:00,-17.65,-0.49,421.9
2025-05-28 19:00:00,-14.4,-2.36,426.9
2025-05-28 20:00:00,-12.81,0.42,396.9
2025-05-28 21:00:00,-11.52,-2.02,415.3
2025-05-28 22:00:00,-19.57,-1.27,373.1
2025-05-28 23:00:00,-15.24,-0.28,420.0
2025-05-29 00:00:00,-10.91,-0.73,393.9
2025-05-29 01:00:00,-6.99,2.06,369.3
2025-05-29 02:00:00,-6.03,-5.18,399.3
2025-05-29 03:00:00,-5.05,-0.36,391.2
2025-05-29 04:00:00,-6.82,-0.73,469.7
2025-05-29 05:00:00,-6.15,-0.02,413.1
2025-05-29 06:00:00,-7.18,-1.09,447.4
2025-05-29 07:00:00,-2.87,2.05,433.9
2025-05-29 08:00:00,-8.43,-0.52,401.1
2025-05-29 09:00:00,-3.91,0.27,386.7
2025-05-29 10:00:00,-6.88,1.78,347.8
2025-05-29 11:00:00,-8.84,0.1,373.9
2025-05-29 12:00:00,-11.97,-2.54,419.9
2025-05-29 13:00:00,-15.36,-0.85,390.9
2025-05-29 14:00:00,-14.44,-0.25,411.3
2025-05-29 15:00:00,-14.53,-3.29,339.1
2025-05-29 16:00:00,-21.44,-1.42,413.6
2025-05-29 17:00:00,-15.42,-0.14,432.9
2025-05-29 18:00:00,-12.23,4.02,346.7
2025-05-29 19:00:00,-13.13,0.74,411.1
2025-05-29 20:00:00,-15.82,0.32,440.3
2025-05-29 21:00:00,-13.39,3.38,450.4
2025-05-29 22:00:00,-14.17,1.18,384.9
2025-05-29 23:00:00,-10.85,1.46,423.4
2025-05-30 00:00:00,-5.38,-0.81,442.9
2025-05-30 01:00:00,-5.8,-2.53,412.0
2025-05-30 02:00:00,-5.94,0.52,438.6
2025-05-30 03:00:00,-7.94,3.64,398.9
2025-05-30 04:00:00,-3.42,3.03,411.8
2025-05-30 05:00:00,-10.23,1.32,381.4
2025-05-30 06:00:00,-5.76,-1.37,395.1
2025-05-30 07:00:00,-3.42,-3.1,413.0
2025-05-30 08:00:00,-3.45,-1.64,379.1
2025-05-30 09:00:00,-4.45,0.44,393.3
2025-05-30 10:00:00,-6.62,-0.94,422.8
2025-05-30 11:00:00,-9.29,2.0,461.6
2025-05-30 12:00:00,-8.39,-2.98,338.5
2025-05-30 13:00:00,-14.15,-0.26,459.3
2025-05-30 14:00:00,-15.03,-1.53,392.2
2025-05-30 15:00:00,-13.35,1.98,428.9
2025-05-30 16:00:00,-13.81,1.09,434.8
2025-05-30 17:00:00,-20.31,-1.66,446.9
2025-05-30 18:00:00,-13.63,1.71,378.2
2025-05-30 19:00:00,-12.51,-3.25,393.2
2025-05-30 20:00:00,-14.56,-3.57,398.4
2025-05-30 21:00:00,-6.41,-1.77,389.3
2025-05-30 22:00:00,-14.55,-3.97,439.6
2025-05-30 23:00:00,-12.38,-0.23,397.7
2025-05-31 00:00:00,-11.19,-0.16,351.4
2025-05-31 01:00:00,-8.93,-0.81,381.0
2025-05-31 02:00:00,-8.49,1.08,352.6
2025-05-31 03:00:00,-10.68,-1.45,393.1
2025-05-31 04:00:00,-7.31,-2.6,420.2
2025-05-31 05:00:00,-5.46,-1.59,380.4
2025-05-31 06:00:00,-1.31,-2.44,387.9
2025-05-31 07:00:00,1.44,-1.22,391.8
2025-05-31 08:00:00,-1.66,1.19,404.2
2025-05-31 09:00:00,-8.79,-3.51,415.5
2025-05-31 10:00:00,-9.59,-0.68,424.2
2025-05-31 11:00:00,-9.18,1.92,467.7
2025-05-31 12:00:00,-4.65,2.14,403.7
2025-05-31 13:00:00,-11.79,-1.36,422.1
2025-05-31 14:00:00,-16.48,4.43,352.4
2025-05-31 15:00:00,-15.04,-2.1,388.6
2025-05-31 16:00:00,-12.06,-0.46,391.9
2025-05-31 17:00:00,-12.76,-2.34,369.5
2025-05-31 18:00:00,-15.6,0.87,383.9
2025-05-31 19:00:00,-12.78,5.6,396.8
2025-05-31 20:00:00,-21.15,3.69,384.9
2025-05-31 21:00:00,-13.22,1.69,478.1
2025-05-31 22:00:00,-9.92,-1.21,415.4
2025-05-31 23:00:00,-13.79,-0.34,460.0
2025-06-01 00:00:00,-12.51,2.23,444.8
2025-06-01 01:00:00,-14.31,1.5,380.8
2025-06-01 02:00:00,-2.73,0.17,401.1
2025-06-01 03:00:00,-8.62,0.28,387.0
2025-06-01 04:00:00,-4.95,2.11,395.1
2025-06-01 05:00:00,-3.36,2.61,370.7
2025-06-01 06:00:00,-0.46,-3.0,386.8
2025-06-01 07:00:00,-5.63,0.45,410.8
2025-06-01 08:00:00,-7.29,1.16,410.0
2025-06-01 09:00:00,-5.95,-1.06,407.6
2025-06-01 10:00:00,-3.65,2.56,398.2
2025-06-01 11:00:00,-9.22,-0.58,425.8
2025-06-01 12:00:00,-12.86,2.61,392.3
2025-06-01 13:00:00,-15.92,-0.74,441.7
2025-06-01 14:00:00,-16.16,0.52,344.6
2025-06-01 15:00:00,-10.94,0.47,419.7
2025-06-01 16:00:00,-15.29,3.33,414.7
2025-06-01 17:00:00,-16.65,1.48,379.8
2025-06-01 18:00:00,-17.15,-0.92,389.3
2025-06-01 19:00:00,-14.57,-0.54,413.9
2025-06-01 20:00:00,-15.05,-0.55,427.5
2025-06-01 21:00:00,-14.35,0.04,347.5
2025-06-01 22:00:00,-8.45,-1.89,418.8
2025-06-01 23:00:00,-6.68,-0.16,386.3
2025-06-02 00:00:00,-14.83,2.74,433.8
2025-06-02 01:00:00,-7.72,2.65,344.8
2025-06-02 02:00:00,-9.83,-3.13,473.4
2025-06-02 03:00:00,-7.21,-3.45,373.4
2025-06-02 04:00:00,-4.74,-1.19,442.9
2025-06-02 05:00:00,-5.81,-3.56,397.9
2025-06-02 06:00:00,-4.31,-2.53,375.4
2025-06-02 07:00:00,-3.15,0.7,408.0
2025-06-02 08:00:00,-4.79,-0.08,430.9
2025-06-02 09:00:00,-8.4,-3.44,353.4
2025-06-02 10:00:00,-9.39,2.34,421.0
2025-06-02 11:00:00,-13.03,-0.84,399.6
2025-06-02 12:00:00,-12.56,-1.04,417.3
2025-06-02 13:00:00,-5.41,2.03,400.3
2025-06-02 14:00:00,-14.88,0.82,382.8
2025-06-02 15:00:00,-17.12,-0.08,366.6
2025-06-02 16:00:00,-13.37,-0.99,420.2
2025-06-02 17:00:00,-15.16,1.14,420.0
2025-06-02 18:00:00,-15.59,-0.87,419.9
2025-06-02 19:00:00,-10.6,-0.46,412.8
2025-06-02 20:00:00,-12.68,-2.35,428.3
2025-06-02 21:00:00,-15.13,2.29,442.2
2025-06-02 22:00:00,-13.77,3.11,343.7
2025-06-02 23:00:00,-12.8,0.42,329.7
2025-06-03 00:00:00,-7.38,-0.97,451.5
2025-06-03 01:00:00,-9.63,1.87,359.8
2025-06-03 02:00:00,-12.88,1.18,367.4
2025-06-03 03:00:00,-6.61,-0.89,391.4
2025-06-03 04:00:00,-10.28,2.3,350.4
2025-06-03 05:00:00,1.38,-0.85,388.6
2025-06-03 06:00:00,-7.9,-2.57,371.6
2025-06-03 07:00:00,-5.66,-0.13,393.0
2025-06-03 08:00:00,-4.9,2.17,408.4
2025-06-03 09:00:00,-7.33,0.21,389.7
2025-06-03 10:00:00,-8.37,-2.35,388.2
2025-06-03 11:00:00,-7.44,-0.81,407.7
2025-06-03 12:00:00,-5.42,2.39,431.3
2025-06-03 13:00:00,-8.99,0.55,448.1
2025-06-03 14:00:00,-8.06,-0.04,393.4
2025-06-03 15:00:00,-16.68,-0.26,454.7
2025-06-03 16:00:00,-13.38,2.16,426.3
2025-06-03 17:00:00,-14.36,2.03,363.0
2025-06-03 18:00:00,-13.95,-2.8,362.2
2025-06-03 19:00:00,-10.7,1.88,382.7
2025-06-03 20:00:00,-14.99,1.03,443.3
2025-06-03 21:00:00,-14.75,3.19,385.0
2025-06-03 22:00:00,-10.9,-0.14,343.2
2025-06-03 23:00:00,-16.63,2.27,393.1
2025-06-04 00:00:00,-10.71,0.94,340.6
2025-06-04 01:00:00,-9.11,-2.23,368.4
2025-06-04 02:00:00,-10.26,2.04,382.4
2025-06-04 03:00:00,-3.29,1.62,404.5
2025-06-04 04:00:00,-8.86,-1.3,430.7
2025-06-04 05:00:00,-5.58,0.58,420.8
2025-06-04 06:00:00,-4.12,4.22,364.6
2025-06-04 07:00:00,-1.11,-0.97,388.8
2025-06-04 08:00:00,-5.7,1.45,402.3
2025-06-04 09:00:00,-3.66,-2.19,392.1
2025-06-04 10:00:00,-5.4,-1.14,391.9
2025-06-04 11:00:00,-8.34,1.62,348.3
2025-06-04 12:00:00,-13.27,0.51,365.4
2025-06-04 13:00:00,-15.6,-0.4,387.9
2025-06-04 14:00:00,-12.18,3.4,307.2
2025-06-04 15:00:00,-15.16,-1.84,419.2
2025-06-04 16:00:00,-11.57,-0.29,358.8
2025-06-04 17:00:00,-12.59,0.98,420.6
2025-06-04 18:00:00,-15.55,-1.74,418.0
2025-06-04 19:00:00,-18.3,1.02,383.7
2025-06-04 20:00:00,-12.8,2.15,430.0
2025-06-04 21:00:00,-16.59,-0.23,422.3
2025-06-04 22:00:00,-14.78,-1.37,390.7
2025-06-04 23:00:00,-14.23,-0.62,387.3
2025-06-05 00:00:00,-10.42,-5.36,432.9
2025-06-05 01:00:00,-5.2,2.01,407.0
2025-06-05 02:00:00,-7.52,0.53,431.3
2025-06-05 03:00:00,-7.79,-0.35,328.3
2025-06-05 04:00:00,-10.25,-3.33,403.0
2025-06-05 05:00:00,-3.51,2.22,352.7
2025-06-05 06:00:00,-7.34,-0.88,399.2
2025-06-05 07:00:00,-4.82,1.13,421.4
2025-06-05 08:00:00,-6.73,-0.02,452.2
2025-06-05 09:00:00,-3.95,-3.23,371.9
2025-06-05 10:00:00,-7.97,2.54,384.2
2025-06-05 11:00:00,-8.88,2.16,397.1
2025-06-05 12:00:00,-8.54,1.53,370.8
2025-06-05 13:00:00,-4.97,0.63,429.4
2025-06-05 14:00:00,-9.83,-2.39,397.9
2025-06-05 15:00:00,-13.8,1.74,403.7
2025-06-05 16:00:00,-14.32,4.41,418.6
2025-06-05 17:00:00,-16.4,0.23,397.8
2025-06-05 18:00:00,-17.85,0.27,375.5
2025-06-05 19:00:00,-16.49,-2.2,398.1
2025-06-05 20:00:00,-16.65,-4.14,374.3
2025-06-05 21:00:00,-11.58,-0.72,403.2
2025-06-05 22:00:00,-15.71,2.96,429.9
2025-06-05 23:00:00,-7.29,2.69,364.8
2025-06-06 00:00:00,-7.74,-0.13,354.0
2025-06-06 01:00:00,-8.64,0.86,401.5
2025-06-06 02:00:00,-7.5,-2.44,377.0
2025-06-06 03:00:00,-8.14,0.22,401.0
2025-06-06 04:00:00,-4.86,-1.05,409.6
2025-06-06 05:00:00,-1.91,0.11,335.7
2025-06-06 06:00:00,-7.11,-0.55,420.7
2025-06-06 07:00:00,-9.77,-0.59,364.9
2025-06-06 08:00:00,-3.56,1.99,399.3
2025-06-06 09:00:00,-5.49,3.93,380.2
2025-06-06 10:00:00,-10.86,-0.34,383.4
2025-06-06 11:00:00,-10.91,2.84,450.8
2025-06-06 12:00:00,-12.58,-2.48,409.6
2025-06-06 13:00:00,-13.47,-0.18,427.1
2025-06-06 14:00:00,-13.47,-2.59,404.5
2025-06-06 15:00:00,-14.34,-0.62,418.6
2025-06-06 16:00:00,-16.28,1.43,412.5
2025-06-06 17:00:00,-17.1,2.24,407.6
2025-06-06 18:00:00,-15.69,-1.56,433.2
2025-06-06 19:00:00,-14.33,0.92,404.7
2025-06-06 20:00:00,-15.28,2.46,468.6
2025-06-06 21:00:00,-10.06,2.18,428.8
2025-06-06 22:00:00,-10.98,0.52,365.8
2025-06-06 23:00:00,-16.07,-1.18,394.7
2025-06-07 00:00:00,-8.43,-1.38,411.9
2025-06-07 01:00:00,-6.89,-1.69,401.3
2025-06-07 02:00:00,-8.8,-0.06,420.6
2025-06-07 03:00:00,-10.95,-1.65,423.9
2025-06-07 04:00:00,-5.65,1.36,359.2
2025-06-07 05:00:00,-5.19,0.46,438.4
2025-06-07 06:00:00,-8.36,0.37,385.1
2025-06-07 07:00:00,-9.52,-3.68,382.1
2025-06-07 08:00:00,-5.93,0.06,382.0
2025-06-07 09:00:00,-7.16,-0.92,424.3
2025-06-07 10:00:00,-8.75,4.33,392.0
2025-06-07 11:00:00,-8.96,-2.56,380.1
2025-06-07 12:00:00,-13.31,-0.41,387.3
2025-06-07 13:00:00,-12.6,0.77,346.2
2025-06-07 14:00:00,-10.9,-1.95,374.7
2025-06-07 15:00:00,-14.59,3.86,362.8
2025-06-07 16:00:00,-19.35,3.9,391.9
2025-06-07 17:00:00,-16.25,-1.72,419.9
2025-06-07 18:00:00,-18.21,-1.18,416.6
2025-06-07 19:00:00,-14.03,4.29,437.7
2025-06-07 20:00:00,-13.37,2.79,431.0
2025-06-07 21:00:00,-18.51,-0.74,384.1
2025-06-07 22:00:00,-10.22,0.86,400.6
2025-06-07 23:00:00,-14.63,-2.77,399.0
2025-06-08 00:00:00,-5.32,4.39,335.5
2025-06-08 01:00:00,-8.85,0.15,363.5
2025-06-08 02:00:00,-11.24,1.17,395.0
2025-06-08 03:00:00,-9.89,-1.87,394.8
2025-06-08 04:00:00,-4.63,-2.27,415.4
2025-06-08 05:00:00,-6.34,0.9,413.9
2025-06-08 06:00:00,-5.29,3.83,346.9
2025-06-08 07:00:00,-0.33,-1.08,415.6
2025-06-08 08:00:00,-7.77,-1.96,405.4
2025-06-08 09:00:00,-6.28,0.61,418.7
2025-06-08 10:00:00,-3.24,3.27,432.0
2025-06-08 11:00:00,-7.89,-1.28,395.7
2025-06-08 12:00:00,-14.82,-0.5,437.4
2025-06-08 13:00:00,-9.78,1.67,373.3
2025-06-08 14:00:00,-15.99,1.89,371.6
2025-06-08 15:00:00,-9.32,-0.57,412.9
2025-06-08 16:00:00,-16.8,2.19,388.9
2025-06-08 17:00:00,-5.92,1.06,407.8
2025-06-08 18:00:00,-10.6,0.03,459.8
2025-06-08 19:00:00,-17.22,1.8,411.8
2025-06-08 20:00:00,-14.27,1.53,406.4
2025-06-08 21:00:00,-11.27,-2.09,373.9
2025-06-08 22:00:00,-10.15,2.97,349.0
2025-06-08 23:00:00,-9.97,0.69,397.8
2025-06-09 00:00:00,-6.24,2.75,432.0
2025-06-09 01:00:00,-9.07,0.1,390.3
2025-06-09 02:00:00,-8.6,0.5,412.0
2025-06-09 03:00:00,-7.51,0.8,442.8
2025-06-09 04:00:00,-3.09,1.09,442.0
2025-06-09 05:00:00,-4.07,3.06,412.9
2025-06-09 06:00:00,-4.13,0.93,405.1
2025-06-09 07:00:00,-2.78,-0.06,354.4
2025-06-09 08:00:00,-11.82,2.02,381.1
2025-06-09 09:00:00,-5.53,0.86,391.6
2025-06-09 10:00:00,-6.84,5.91,374.4
2025-06-09 11:00:00,-3.7,0.58,407.5
2025-06-09 12:00:00,-14.59,2.48,457.3
2025-06-09 13:00:00,-6.62,1.76,445.5
2025-06-09 14:00:00,-12.27,-4.1,407.3
2025-06-09 15:00:00,-12.07,-1.47,423.4
2025-06-09 16:00:00,-9.3,-0.88,378.1
2025-06-09 17:00:00,-13.15,-3.0,443.9
2025-06-09 18:00:00,-13.8,-0.79,353.1
2025-06-09 19:00:00,-14.1,-2.74,427.4
2025-06-09 20:00:00,-15.78,-2.22,414.9
2025-06-09 21:00:00,-13.62,0.48,377.3
2025-06-09 22:00:00,-14.65,3.84,393.7
2025-06-09 23:00:00,-11.43,-2.72,366.0
2025-06-10 00:00:00,-17.01,-2.43,367.3
2025-06-10 01:00:00,-7.42,-1.07,352.3
2025-06-10 02:00:00,-7.87,-0.29,423.0
2025-06-10 03:00:00,-7.47,-3.08,436.2
2025-06-10 04:00:00,-5.01,-1.4,335.1
2025-06-10 05:00:00,-9.47,-1.58,455.1
2025-06-10 06:00:00,0.79,0.64,399.6
2025-06-10 07:00:00,-5.48,0.85,408.7
2025-06-10 08:00:00,-6.11,-0.31,355.8
2025-06-10 09:00:00,-9.36,-0.76,439.6
2025-06-10 10:00:00,-7.43,-1.42,406.0
2025-06-10 11:00:00,-4.55,0.1,434.2
2025-06-10 12:00:00,-6.89,-1.95,436.6
2025-06-10 13:00:00,-8.73,3.09,440.0
2025-06-10 14:00:00,-10.86,-3.0,380.6
2025-06-10 15:00:00,-14.61,-1.31,393.8
2025-06-10 16:00:00,-18.68,1.74,381.6
2025-06-10 17:00:00,-15.43,-0.8,426.9
2025-06-10 18:00:00,-15.71,1.34,410.0
2025-06-10 19:00:00,-11.68,3.43,432.1
2025-06-10 20:00:00,-13.4,1.67,433.4
2025-06-10 21:00:00,-8.7,-2.4,348.2
2025-06-10 22:00:00,-8.91,-2.31,440.5
2025-06-10 23:00:00,-12.66,-0.37,428.5
2025-06-11 00:00:00,-15.39,0.89,388.9
2025-06-11 01:00:00,-4.55,2.41,410.5
2025-06-11 02:00:00,-3.42,-1.57,396.3
2025-06-11 03:00:00,-10.56,-0.97,418.5
2025-06-11 04:00:00,-1.14,-0.5,388.9
2025-06-11 05:00:00,-4.02,-0.54,414.4
2025-06-11 06:00:00,-4.52,2.99,402.0
2025-06-11 07:00:00,-0.33,-0.21,387.0
2025-06-11 08:00:00,-1.64,0.31,405.7
2025-06-11 09:00:00,-4.51,1.82,481.2
2025-06-11 10:00:00,-6.08,3.18,379.4
2025-06-11 11:00:00,-6.86,-0.07,392.5
2025-06-11 12:00:00,-11.2,2.52,380.0
2025-06-11 13:00:00,-11.46,3.66,383.1
2025-06-11 14:00:00,-15.21,-0.22,424.5
2025-06-11 15:00:00,-14.53,-1.13,421.5
2025-06-11 16:00:00,-15.43,4.37,399.8
2025-06-11 17:00:00,-16.74,2.24,430.8
2025-06-11 18:00:00,-14.59,0.02,423.8
2025-06-11 19:00:00,-15.8,1.3,395.1
2025-06-11 20:00:00,-12.82,-2.09,354.0
2025-06-11 21:00:00,-18.4,2.22,424.9
2025-06-11 22:00:00,-12.84,-3.6,405.1
2025-06-11 23:00:00,-10.9,2.14,400.7
2025-06-12 00:00:00,-10.93,-1.44,386.0
2025-06-12 01:00:00,-9.22,-3.31,422.3
2025-06-12 02:00:00,-12.26,-4.0,410.5
2025-06-12 03:00:00,-5.4,-0.95,392.9
2025-06-12 04:00:00,-3.73,1.42,363.2
2025-06-12 05:00:00,-3.69,-2.78,432.0
2025-06-12 06:00:00,-1.88,-2.47,418.1
2025-06-12 07:00:00,-4.57,-0.99,407.7
2025-06-12 08:00:00,-4.23,1.62,320.3
2025-06-12 09:00:00,-6.0,1.87,398.9
2025-06-12 10:00:00,-5.44,0.28,392.8
2025-06-12 11:00:00,-13.44,1.97,381.4
2025-06-12 12:00:00,-12.68,1.38,422.6
2025-06-12 13:00:00,-6.53,-0.83,421.4
2025-06-12 14:00:00,-19.88,1.82,413.1
2025-06-12 15:00:00,-13.96,-2.57,431.1
2025-06-12 16:00:00,-10.81,0.97,369.3
2025-06-12 17:00:00,-15.11,-2.33,386.4
2025-06-12 18:00:00,-16.22,0.29,402.2
2025-06-12 19:00:00,-14.44,2.44,381.3
2025-06-12 20:00:00,-15.39,0.43,421.8
2025-06-12 21:00:00,-13.44,-0.03,384.3
2025-06-12 22:00:00,-14.55,0.45,439.0
2025-06-12 23:00:00,-7.97,1.33,372.1
2025-06-13 00:00:00,-5.73,4.27,464.0
2025-06-13 01:00:00,-9.11,1.3,460.9
2025-06-13 02:00:00,-11.66,-1.01,397.2
2025-06-13 03:00:00,-8.04,-0.42,434.4
2025-06-13 04:00:00,-6.22,-1.8,388.0
2025-06-13 05:00:00,-3.65,-2.48,430.4
2025-06-13 06:00:00,-8.02,-4.86,394.7
2025-06-13 07:00:00,-7.48,-0.92,361.4
2025-06-13 08:00:00,-4.14,-2.81,294.0
2025-06-13 09:00:00,-3.65,0.19,391.9
2025-06-13 10:00:00,-9.36,-1.02,408.4
2025-06-13 11:00:00,-12.71,-2.17,439.9
2025-06-13 12:00:00,-0.15,-4.21,401.1
2025-06-13 13:00:00,-8.94,-0.7,430.1
2025-06-13 14:00:00,-13.3,-3.5,386.4
2025-06-13 15:00:00,-10.93,1.41,389.9
2025-06-13 16:00:00,-14.7,0.51,431.6
2025-06-13 17:00:00,-12.23,-16.33,684.4
2025-06-13 18:00:00,-38.33,-12.97,758.7
2025-06-13 19:00:00,-62.17,-15.85,746.3
2025-06-13 20:00:00,-86.09,-15.1,799.1
2025-06-13 21:00:00,-113.11,-14.5,742.4
2025-06-13 22:00:00,-125.72,-16.91,773.8
2025-06-13 23:00:00,-133.15,-1.02,785.9
2025-06-14 00:00:00,-126.05,0.08,713.5
2025-06-14 01:00:00,-114.66,-2.69,754.1
2025-06-14 02:00:00,-109.45,3.57,745.3
2025-06-14 03:00:00,-99.8,0.32,786.7
2025-06-14 04:00:00,-91.25,-0.4,778.5
2025-06-14 05:00:00,-84.63,4.17,751.3
2025-06-14 06:00:00,-80.1,-2.2,726.9
2025-06-14 07:00:00,-79.03,3.07,789.4
2025-06-14 08:00:00,-74.13,1.63,756.3
2025-06-14 09:00:00,-69.77,2.23,709.7
2025-06-14 10:00:00,-73.47,-0.35,712.3
2025-06-14 11:00:00,-64.09,0.11,413.1
2025-06-14 12:00:00,-68.08,-0.69,361.7
2025-06-14 13:00:00,-55.69,1.99,455.8
2025-06-14 14:00:00,-61.23,0.78,371.9
2025-06-14 15:00:00,-58.78,-1.12,400.0
2025-06-14 16:00:00,-58.68,-1.03,404.8
2025-06-14 17:00:00,-56.26,-0.03,378.1
2025-06-14 18:00:00,-45.37,-0.66,332.8
2025-06-14 19:00:00,-46.99,2.88,405.7
2025-06-14 20:00:00,-51.89,1.62,377.4
2025-06-14 21:00:00,-39.98,1.61,403.5
2025-06-14 22:00:00,-38.04,0.47,396.3
2025-06-14 23:00:00,-39.52,-1.65,407.9
2025-06-15 00:00:00,-34.84,1.39,446.9
2025-06-15 01:00:00,-32.98,-4.2,383.6
2025-06-15 02:00:00,-24.37,0.35,385.9
2025-06-15 03:00:00,-30.29,-1.62,350.0
2025-06-15 04:00:00,-25.4,-1.78,394.1
2025-06-15 05:00:00,-25.42,-0.93,412.3
2025-06-15 06:00:00,-27.14,-0.17,385.5
2025-06-15 07:00:00,-15.38,-0.05,412.5
2025-06-15 08:00:00,-25.0,1.58,394.7
2025-06-15 09:00:00,-20.65,-0.35,360.9
2025-06-15 10:00:00,-26.69,-0.2,409.4
2025-06-15 11:00:00,-23.04,-2.79,393.8
2025-06-15 12:00:00,-21.09,-2.53,403.7
2025-06-15 13:00:00,-25.39,0.57,383.0
2025-06-15 14:00:00,-21.67,1.26,380.3
2025-06-15 15:00:00,-24.63,-0.52,404.7
2025-06-15 16:00:00,-20.52,1.87,393.1
2025-06-15 17:00:00,-19.84,-2.82,451.7
2025-06-15 18:00:00,-25.32,0.8,424.0
2025-06-15 19:00:00,-22.65,-1.7,416.4
2025-06-15 20:00:00,-21.35,-1.86,394.7
2025-06-15 21:00:00,-18.8,-1.53,339.2
2025-06-15 22:00:00,-19.16,-0.16,375.8
2025-06-15 23:00:00,-17.02,0.88,380.6
2025-06-16 00:00:00,-16.66,0.73,391.8
2025-06-16 01:00:00,-8.36,-0.58,399.0
2025-06-16 02:00:00,-3.61,1.26,419.7
2025-06-16 03:00:00,-4.53,3.37,408.2
2025-06-16 04:00:00,-3.57,-0.24,434.8
2025-06-16 05:00:00,-3.0,0.19,390.6
2025-06-16 06:00:00,-5.46,-1.22,407.7
2025-06-16 07:00:00,-4.21,-0.78,410.3
2025-06-16 08:00:00,-8.93,2.5,407.4
2025-06-16 09:00:00,-2.66,2.52,438.5
2025-06-16 10:00:00,-15.85,-0.4,424.1
2025-06-16 11:00:00,-8.97,0.98,360.4
2025-06-16 12:00:00,-6.58,1.84,396.6
2025-06-16 13:00:00,-15.39,-0.89,399.6
2025-06-16 14:00:00,-11.3,-2.61,464.5
2025-06-16 15:00:00,-15.58,1.38,390.1
2025-06-16 16:00:00,-15.44,1.79,370.5
2025-06-16 17:00:00,-11.99,1.5,413.1
2025-06-16 18:00:00,-14.41,-0.75,414.9
2025-06-16 19:00:00,-20.93,3.05,397.8
2025-06-16 20:00:00,-17.26,0.57,393.4
2025-06-16 21:00:00,-10.61,-2.3,428.5
2025-06-16 22:00:00,-11.15,-3.19,374.4
2025-06-16 23:00:00,-6.05,-0.59,389.8
2025-06-17 00:00:00,-4.95,0.45,384.3
2025-06-17 01:00:00,-9.73,-0.58,432.8
2025-06-17 02:00:00,0.01,3.99,408.6
2025-06-17 03:00:00,-6.39,0.81,368.1
2025-06-17 04:00:00,-8.56,-1.95,371.1
2025-06-17 05:00:00,-7.07,-4.54,456.2
2025-06-17 06:00:00,-11.77,0.47,432.5
2025-06-17 07:00:00,-0.35,1.98,425.2
2025-06-17 08:00:00,-0.89,3.73,400.4
2025-06-17 09:00:00,-9.51,-0.4,445.3
2025-06-17 10:00:00,-8.18,3.44,366.9
2025-06-17 11:00:00,-8.42,-2.72,422.6
2025-06-17 12:00:00,-12.88,-0.69,386.7
2025-06-17 13:00:00,-16.56,-2.03,392.5
2025-06-17 14:00:00,-13.13,1.58,421.8
2025-06-17 15:00:00,-14.5,-2.6,395.7
2025-06-17 16:00:00,-15.5,0.8,387.0
2025-06-17 17:00:00,-14.16,-2.48,385.1
2025-06-17 18:00:00,-10.71,3.52,340.4
2025-06-17 19:00:00,-15.74,-0.75,422.9
2025-06-17 20:00:00,-13.82,0.76,369.8
2025-06-17 21:00:00,-11.35,-3.58,455.8
2025-06-17 22:00:00,-10.84,-2.99,391.4
2025-06-17 23:00:00,-13.14,-1.55,439.3
2025-06-18 00:00:00,-9.71,1.7,345.7
2025-06-18 01:00:00,-7.06,1.32,421.9
2025-06-18 02:00:00,-10.89,2.17,429.7
2025-06-18 03:00:00,-2.67,-3.02,439.1
2025-06-18 04:00:00,-1.38,1.01,354.2
2025-06-18 05:00:00,-7.34,-1.12,378.9
2025-06-18 06:00:00,-4.42,-1.62,417.3
2025-06-18 07:00:00,-3.24,-1.07,404.5
2025-06-18 08:00:00,-7.31,-0.23,408.8
2025-06-18 09:00:00,-5.02,1.32,389.2
2025-06-18 10:00:00,-7.01,2.25,446.5
2025-06-18 11:00:00,-13.11,1.04,478.3
2025-06-18 12:00:00,-8.62,1.27,403.1
2025-06-18 13:00:00,-14.59,3.65,413.6
2025-06-18 14:00:00,-9.68,1.39,401.7
2025-06-18 15:00:00,-15.55,-0.43,438.5
2025-06-18 16:00:00,-14.81,1.16,424.9
2025-06-18 17:00:00,-10.71,3.42,368.0
2025-06-18 18:00:00,-13.51,-1.74,381.6
2025-06-18 19:00:00,-18.07,-0.86,369.7
2025-06-18 20:00:00,-17.37,2.9,480.8
2025-06-18 21:00:00,-15.33,-0.58,419.1
2025-06-18 22:00:00,-11.32,1.53,382.1
2025-06-18 23:00:00,-10.22,2.58,379.7
2025-06-19 00:00:00,-12.53,-2.51,424.2
2025-06-19 01:00:00,-12.21,-0.82,427.1
2025-06-19 02:00:00,-6.66,2.41,423.9
2025-06-19 03:00:00,-7.01,-0.25,387.2
2025-06-19 04:00:00,0.8,-4.04,409.2
2025-06-19 05:00:00,-5.06,-1.02,403.3
2025-06-19 06:00:00,0.44,1.59,371.9
2025-06-19 07:00:00,-8.68,2.55,372.2
2025-06-19 08:00:00,-10.39,0.1,412.4
2025-06-19 09:00:00,-9.82,0.97,405.9
2025-06-19 10:00:00,-3.93,-0.74,416.6
2025-06-19 11:00:00,-3.44,1.81,423.7
2025-06-19 12:00:00,-12.35,2.85,445.0
2025-06-19 13:00:00,-12.68,1.54,376.7
2025-06-19 14:00:00,-16.01,-0.24,418.9
2025-06-19 15:00:00,-18.97,0.87,422.5
2025-06-19 16:00:00,-12.17,1.9,390.6
2025-06-19 17:00:00,-14.16,0.06,403.7
2025-06-19 18:00:00,-14.97,1.6,391.4
2025-06-19 19:00:00,-19.03,0.74,463.3
2025-06-19 20:00:00,-9.41,2.84,403.1
2025-06-19 21:00:00,-15.05,1.4,413.5
2025-06-19 22:00:00,-10.9,-1.0,392.1
2025-06-19 23:00:00,-15.66,2.81,385.6
2025-06-20 00:00:00,-10.57,0.92,360.9
2025-06-20 01:00:00,-7.83,-0.28,433.0
2025-06-20 02:00:00,-6.52,-2.71,423.1
2025-06-20 03:00:00,-6.0,0.46,391.0
2025-06-20 04:00:00,-4.19,3.67,373.0
2025-06-20 05:00:00,-8.56,-5.46,405.4
2025-06-20 06:00:00,-4.41,-5.38,385.1
2025-06-20 07:00:00,-4.83,1.53,393.3
2025-06-20 08:00:00,-4.97,0.47,362.1
2025-06-20 09:00:00,-6.25,1.34,406.5
2025-06-20 10:00:00,-11.32,-1.05,407.1
2025-06-20 11:00:00,-12.66,-4.28,432.8
2025-06-20 12:00:00,-16.64,-1.66,395.5
2025-06-20 13:00:00,-8.84,3.12,390.0
2025-06-20 14:00:00,-10.02,-0.9,353.3
2025-06-20 15:00:00,-11.0,-0.89,433.0
2025-06-20 16:00:00,-13.41,-5.26,426.8
2025-06-20 17:00:00,-21.23,-3.61,400.9
2025-06-20 18:00:00,-18.08,2.22,360.1
2025-06-20 19:00:00,-14.32,-0.52,363.6
2025-06-20 20:00:00,-13.92,1.98,383.6
2025-06-20 21:00:00,-14.2,-1.51,429.0
2025-06-20 22:00:00,-11.39,-2.94,408.7
2025-06-20 23:00:00,-11.26,-0.52,355.2
2025-06-21 00:00:00,-9.64,-1.15,412.1
2025-06-21 01:00:00,-10.62,-1.67,374.8
2025-06-21 02:00:00,-4.55,-1.61,384.3
2025-06-21 03:00:00,-7.76,-0.27,429.2
2025-06-21 04:00:00,-9.66,-0.98,423.0
2025-06-21 05:00:00,-7.48,-1.86,432.8
2025-06-21 06:00:00,-6.05,3.61,399.3
2025-06-21 07:00:00,-2.19,0.92,426.5
2025-06-21 08:00:00,-5.8,0.32,382.4
2025-06-21 09:00:00,-7.02,-0.13,392.3
2025-06-21 10:00:00,-11.25,1.33,390.2
2025-06-21 11:00:00,-6.35,1.06,400.7
2025-06-21 12:00:00,-11.96,-2.07,361.4
2025-06-21 13:00:00,-11.59,-3.06,393.2
2025-06-21 14:00:00,-8.06,-4.55,443.5
2025-06-21 15:00:00,-12.01,3.58,367.2
2025-06-21 16:00:00,-19.21,-0.89,360.1
2025-06-21 17:00:00,-20.14,1.18,362.5
2025-06-21 18:00:00,-15.19,0.4,479.9
2025-06-21 19:00:00,-18.47,1.83,413.9
2025-06-21 20:00:00,-12.38,-0.13,391.9
2025-06-21 21:00:00,-13.41,-2.66,402.0
2025-06-21 22:00:00,-12.0,-2.07,406.8
2025-06-21 23:00:00,-13.41,-0.7,380.8
2025-06-22 00:00:00,-4.78,-3.17,384.5
2025-06-22 01:00:00,-0.18,-1.71,395.3
2025-06-22 02:00:00,-8.34,-2.4,378.3
2025-06-22 03:00:00,-5.41,-0.66,388.1
2025-06-22 04:00:00,-5.38,-0.99,410.6
2025-06-22 05:00:00,-5.95,0.24,370.1
2025-06-22 06:00:00,-7.5,1.71,478.3
2025-06-22 07:00:00,-8.43,-0.49,422.6
2025-06-22 08:00:00,-9.08,-3.0,361.9
2025-06-22 09:00:00,-5.25,-4.1,325.7
2025-06-22 10:00:00,-9.06,0.32,379.4
2025-06-22 11:00:00,-16.44,-1.33,420.5
2025-06-22 12:00:00,-8.67,-0.31,414.7
2025-06-22 13:00:00,-11.41,0.66,396.7
2025-06-22 14:00:00,-8.46,2.89,382.0
2025-06-22 15:00:00,-12.42,-3.5,372.9
2025-06-22 16:00:00,-18.77,-2.02,387.9
2025-06-22 17:00:00,-21.52,-0.17,369.6
2025-06-22 18:00:00,-17.16,-2.28,388.0
2025-06-22 19:00:00,-16.7,-2.98,439.9
2025-06-22 20:00:00,-11.5,2.62,376.9
2025-06-22 21:00:00,-13.56,-2.1,418.3
2025-06-22 22:00:00,-9.1,-2.62,422.9
2025-06-22 23:00:00,-15.27,-2.3,367.6
2025-06-23 00:00:00,-7.1,2.17,374.7
2025-06-23 01:00:00,-6.54,-1.39,432.1
2025-06-23 02:00:00,-13.55,-2.77,372.2
2025-06-23 03:00:00,-2.5,-1.68,398.3
2025-06-23 04:00:00,-5.39,-0.1,461.2
2025-06-23 05:00:00,-3.99,1.78,429.4
2025-06-23 06:00:00,-7.59,1.62,402.6
2025-06-23 07:00:00,-1.34,-1.56,425.2
2025-06-23 08:00:00,-9.23,-1.06,398.3
2025-06-23 09:00:00,-3.97,4.21,430.5
2025-06-23 10:00:00,-5.04,1.99,338.6
2025-06-23 11:00:00,-11.63,-0.5,395.8
2025-06-23 12:00:00,-4.05,-4.59,337.4
2025-06-23 13:00:00,-10.6,-0.92,404.8
2025-06-23 14:00:00,-10.54,-2.65,392.9
2025-06-23 15:00:00,-18.12,-1.73,440.8
2025-06-23 16:00:00,-7.98,-1.93,421.4
2025-06-23 17:00:00,-18.5,-0.46,384.2
2025-06-23 18:00:00,-11.93,0.14,387.8
2025-06-23 19:00:00,-17.81,-1.46,411.4
2025-06-23 20:00:00,-16.19,-2.56,382.8
2025-06-23 21:00:00,-11.17,-0.36,399.0
2025-06-23 22:00:00,-9.42,-1.0,439.5
2025-06-23 23:00:00,-15.11,-3.8,375.1
2025-06-24 00:00:00,-6.73,1.22,386.6
2025-06-24 01:00:00,-5.57,-1.46,390.8
2025-06-24 02:00:00,-10.31,-0.54,494.7
2025-06-24 03:00:00,-1.67,-0.44,418.2
2025-06-24 04:00:00,-10.04,-0.03,434.0
2025-06-24 05:00:00,-7.04,0.29,423.0
2025-06-24 06:00:00,-3.56,-2.61,425.1
2025-06-24 07:00:00,-7.73,0.62,414.2
2025-06-24 08:00:00,-4.88,-0.69,411.0
2025-06-24 09:00:00,-5.74,2.17,356.5
2025-06-24 10:00:00,-8.06,1.63,410.7
2025-06-24 11:00:00,-6.21,2.65,396.7
2025-06-24 12:00:00,-10.69,-1.88,416.4
2025-06-24 13:00:00,-10.6,2.57,397.9
2025-06-24 14:00:00,-9.06,0.19,422.9
2025-06-24 15:00:00,-11.16,1.38,428.2
2025-06-24 16:00:00,-11.97,1.35,312.6
2025-06-24 17:00:00,-18.28,0.92,387.0
2025-06-24 18:00:00,-13.43,-2.18,344.3
2025-06-24 19:00:00,-17.47,1.91,407.2
2025-06-24 20:00:00,-18.17,0.7,391.0
2025-06-24 21:00:00,-13.75,-2.95,440.7
2025-06-24 22:00:00,-15.21,-0.97,406.2
2025-06-24 23:00:00,-8.92,-2.43,385.4
2025-06-25 00:00:00,-7.56,-2.85,428.2
2025-06-25 01:00:00,-14.41,1.71,390.5
2025-06-25 02:00:00,-9.98,-2.96,385.1
2025-06-25 03:00:00,-10.84,-2.64,411.8
2025-06-25 04:00:00,-7.06,3.96,448.4
2025-06-25 05:00:00,-3.8,-0.9,425.6
2025-06-25 06:00:00,-5.73,1.32,417.0
2025-06-25 07:00:00,-6.94,2.25,482.5
2025-06-25 08:00:00,-1.77,1.55,378.0
2025-06-25 09:00:00,-13.38,0.3,377.4
2025-06-25 10:00:00,-3.79,-0.07,404.4
2025-06-25 11:00:00,-10.34,1.08,445.5
2025-06-25 12:00:00,-10.23,-0.45,371.7
2025-06-25 13:00:00,-12.88,1.39,452.6
2025-06-25 14:00:00,-7.87,-0.52,356.8
2025-06-25 15:00:00,-17.23,-0.29,396.4
2025-06-25 16:00:00,-14.29,3.76,405.2
2025-06-25 17:00:00,-13.25,-0.96,373.5
2025-06-25 18:00:00,-19.83,0.04,381.4
2025-06-25 19:00:00,-17.59,0.86,423.9
2025-06-25 20:00:00,-14.77,0.99,443.2
2025-06-25 21:00:00,-16.2,0.59,336.6
2025-06-25 22:00:00,-14.95,-2.5,405.4
2025-06-25 23:00:00,-12.34,0.32,396.6
2025-06-26 00:00:00,-8.05,0.49,403.2
2025-06-26 01:00:00,-9.73,2.28,390.5
2025-06-26 02:00:00,-4.26,1.48,361.3
2025-06-26 03:00:00,-9.46,2.41,446.3
2025-06-26 04:00:00,-9.43,-2.01,434.8
2025-06-26 05:00:00,0.61,-1.99,396.9
2025-06-26 06:00:00,-6.97,0.66,385.4
2025-06-26 07:00:00,-9.1,2.27,381.7
2025-06-26 08:00:00,-10.9,-0.4,322.4
2025-06-26 09:00:00,-3.24,-1.48,410.6
2025-06-26 10:00:00,-8.52,-3.2,423.4
2025-06-26 11:00:00,-9.47,0.73,404.1
2025-06-26 12:00:00,-10.48,-0.23,397.4
2025-06-26 13:00:00,-8.26,-0.87,404.0
2025-06-26 14:00:00,-13.04,1.81,374.4
2025-06-26 15:00:00,-6.5,-0.17,385.0
2025-06-26 16:00:00,-13.93,0.0,395.0
2025-06-26 17:00:00,-11.64,1.8,420.9
2025-06-26 18:00:00,-12.58,4.38,441.4
2025-06-26 19:00:00,-14.94,-0.89,393.1
2025-06-26 20:00:00,-16.09,-1.75,368.7
2025-06-26 21:00:00,-12.54,-1.98,401.1
2025-06-26 22:00:00,-10.97,0.95,460.3
2025-06-26 23:00:00,-13.01,-2.18,371.3
2025-06-27 00:00:00,-9.5,-0.75,426.6
2025-06-27 01:00:00,-5.0,-0.57,440.1
2025-06-27 02:00:00,-1.29,3.11,389.2
2025-06-27 03:00:00,-3.9,2.39,379.0
2025-06-27 04:00:00,-0.08,-3.07,417.2
2025-06-27 05:00:00,-7.06,3.17,410.6
2025-06-27 06:00:00,-2.89,-2.43,420.8
2025-06-27 07:00:00,-1.15,0.32,462.2
2025-06-27 08:00:00,-8.36,-1.67,405.0
2025-06-27 09:00:00,-7.92,-0.78,364.2
2025-06-27 10:00:00,-2.29,-1.96,402.0
2025-06-27 11:00:00,-11.63,3.35,407.2
2025-06-27 12:00:00,-14.02,-0.28,438.0
2025-06-27 13:00:00,-6.71,0.45,394.1
2025-06-27 14:00:00,-8.91,-2.14,387.7
2025-06-27 15:00:00,-12.24,-2.83,358.9
2025-06-27 16:00:00,-14.47,-0.89,416.4
2025-06-27 17:00:00,-16.15,1.04,500.4
2025-06-27 18:00:00,-14.15,-0.24,393.3
2025-06-27 19:00:00,-10.09,1.95,413.6
2025-06-27 20:00:00,-13.61,0.25,383.6
2025-06-27 21:00:00,-7.03,0.01,361.6
2025-06-27 22:00:00,-15.19,1.07,413.0
2025-06-27 23:00:00,-11.35,0.2,400.8
2025-06-28 00:00:00,-11.12,1.89,328.4
2025-06-28 01:00:00,-11.96,1.11,448.3
2025-06-28 02:00:00,-7.96,1.82,412.5
2025-06-28 03:00:00,-5.21,1.43,402.2
2025-06-28 04:00:00,-4.1,2.72,387.3
2025-06-28 05:00:00,1.34,1.66,412.2
2025-06-28 06:00:00,-3.61,3.5,413.5
2025-06-28 07:00:00,-1.72,-11.92,668.3
2025-06-28 08:00:00,-34.29,-9.17,688.3
2025-06-28 09:00:00,-59.06,-13.6,695.2
2025-06-28 10:00:00,-57.93,1.89,716.5
2025-06-28 11:00:00,-59.73,0.11,631.2
2025-06-28 12:00:00,-61.03,1.87,639.1
2025-06-28 13:00:00,-56.81,3.36,667.1
2025-06-28 14:00:00,-51.71,1.6,632.9
2025-06-28 15:00:00,-48.74,-0.83,637.8
2025-06-28 16:00:00,-45.64,-2.18,670.5
2025-06-28 17:00:00,-43.95,1.07,683.3
2025-06-28 18:00:00,-42.83,-0.57,694.6
2025-06-28 19:00:00,-42.17,1.33,650.5
2025-06-28 20:00:00,-36.34,-1.01,670.2
2025-06-28 21:00:00,-29.17,-1.86,663.6
2025-06-28 22:00:00,-28.8,-0.48,400.5
2025-06-28 23:00:00,-27.37,1.0,375.5
2025-06-29 00:00:00,-23.05,0.24,371.7
2025-06-29 01:00:00,-24.56,-1.63,420.0
2025-06-29 02:00:00,-22.48,3.6,375.0
2025-06-29 03:00:00,-21.0,-0.28,346.7
2025-06-29 04:00:00,-17.27,-4.52,399.0
2025-06-29 05:00:00,-16.68,1.86,443.7
2025-06-29 06:00:00,-10.73,-0.02,316.2
2025-06-29 07:00:00,-15.14,-0.34,391.4
2025-06-29 08:00:00,-15.88,-0.38,420.3
2025-06-29 09:00:00,-7.76,-0.37,345.3
2025-06-29 10:00:00,-15.36,3.34,393.6
2025-06-29 11:00:00,-14.18,0.93,365.8
2025-06-29 12:00:00,-14.07,0.52,369.8
2025-06-29 13:00:00,-19.65,-0.53,387.9
2025-06-29 14:00:00,-13.31,3.46,366.3
2025-06-29 15:00:00,-15.75,1.69,363.8
2025-06-29 16:00:00,-13.42,1.98,398.2
2025-06-29 17:00:00,-20.31,0.56,466.8
2025-06-29 18:00:00,-17.84,2.0,422.7
2025-06-29 19:00:00,-17.58,0.79,430.3
2025-06-29 20:00:00,-13.54,-0.74,423.9
2025-06-29 21:00:00,-17.9,-12.67,655.6
2025-06-29 22:00:00,-24.29,-9.22,685.8
2025-06-29 23:00:00,-39.82,-13.0,709.4
2025-06-30 00:00:00,-45.29,-10.87,701.3
2025-06-30 01:00:00,-63.58,-11.03,682.3
2025-06-30 02:00:00,-73.67,-12.28,692.1
2025-06-30 03:00:00,-64.62,3.31,750.4
2025-06-30 04:00:00,-65.19,-4.35,701.7
2025-06-30 05:00:00,-63.4,-3.67,667.0
2025-06-30 06:00:00,-53.96,3.46,674.3
2025-06-30 07:00:00,-54.58,-1.29,644.9
2025-06-30 08:00:00,-51.17,0.22,746.9
2025-06-30 09:00:00,-52.91,3.5,724.6
2025-06-30 10:00:00,-43.34,0.4,679.0
2025-06-30 11:00:00,-52.42,3.38,741.9
2025-06-30 12:00:00,-44.77,-0.78,695.5
2025-06-30 13:00:00,-49.68,1.23,663.6
2025-06-30 14:00:00,-53.94,0.12,703.7
2025-06-30 15:00:00,-46.92,2.98,412.0
2025-06-30 16:00:00,-46.65,-0.52,425.1
2025-06-30 17:00:00,-49.75,-1.93,358.9
2025-06-30 18:00:00,-48.1,-0.94,375.7
2025-06-30 19:00:00,-43.87,-0.85,444.7
2025-06-30 20:00:00,-40.94,-1.29,450.8
2025-06-30 21:00:00,-47.36,-1.38,442.5
2025-06-30 22:00:00,-34.56,2.24,466.6
2025-06-30 23:00:00,-36.86,2.82,417.3
2025-07-01 00:00:00,-36.99,0.78,415.2
2025-07-01 01:00:00,-27.84,-1.29,372.6
2025-07-01 02:00:00,-28.54,-1.17,382.6
2025-07-01 03:00:00,-22.84,-4.15,340.4
2025-07-01 04:00:00,-23.47,0.76,390.4
2025-07-01 05:00:00,-23.43,-1.37,338.2
2025-07-01 06:00:00,-22.89,2.94,432.4
2025-07-01 07:00:00,-20.37,-2.76,411.7
2025-07-01 08:00:00,-22.81,-1.18,339.2
2025-07-01 09:00:00,-24.2,-0.19,394.3
2025-07-01 10:00:00,-20.16,0.93,459.0
2025-07-01 11:00:00,-22.98,3.61,396.2
2025-07-01 12:00:00,-23.11,-2.74,370.0
2025-07-01 13:00:00,-20.65,-0.6,346.4
2025-07-01 14:00:00,-24.89,-2.86,347.3
2025-07-01 15:00:00,-25.0,1.58,416.1
2025-07-01 16:00:00,-27.12,-1.29,387.0
2025-07-01 17:00:00,-24.03,-0.21,389.5
2025-07-01 18:00:00,-23.97,-0.34,387.1
2025-07-01 19:00:00,-21.69,0.23,395.8
2025-07-01 20:00:00,-25.2,-0.31,363.2
2025-07-01 21:00:00,-23.63,-1.94,409.5
2025-07-01 22:00:00,-18.45,0.17,357.3
2025-07-01 23:00:00,-18.49,-1.59,377.3
2025-07-02 00:00:00,-20.31,1.63,430.3
2025-07-02 01:00:00,-12.04,0.11,411.3
2025-07-02 02:00:00,-19.52,-2.08,420.6
2025-07-02 03:00:00,-10.72,4.81,464.5
2025-07-02 04:00:00,-15.78,3.32,398.2
2025-07-02 05:00:00,-5.54,4.89,400.6
2025-07-02 06:00:00,-15.39,-0.69,392.1
2025-07-02 07:00:00,-7.21,-1.67,386.7
2025-07-02 08:00:00,-11.17,1.61,369.7
2025-07-02 09:00:00,-12.58,2.22,402.5
2025-07-02 10:00:00,-11.73,0.39,410.7
2025-07-02 11:00:00,-11.38,-4.21,412.3
2025-07-02 12:00:00,-17.08,-1.96,401.9
2025-07-02 13:00:00,-17.91,0.85,427.8
2025-07-02 14:00:00,-14.53,-1.32,400.9
2025-07-02 15:00:00,-22.46,-2.73,387.7
2025-07-02 16:00:00,-19.71,-0.52,372.2
2025-07-02 17:00:00,-9.17,-6.49,353.5
2025-07-02 18:00:00,-21.21,-1.21,443.8
2025-07-02 19:00:00,-14.55,-0.85,379.0
2025-07-02 20:00:00,-19.11,0.62,372.2
2025-07-02 21:00:00,-12.01,1.1,387.5
2025-07-02 22:00:00,-10.54,0.76,391.6
2025-07-02 23:00:00,-7.91,1.79,449.2
2025-07-03 00:00:00,-10.6,-0.34,390.2
2025-07-03 01:00:00,-2.74,-2.91,479.0
2025-07-03 02:00:00,-9.27,0.09,401.9
2025-07-03 03:00:00,-5.76,-1.75,461.7
2025-07-03 04:00:00,-4.93,-2.71,426.8
2025-07-03 05:00:00,-8.54,1.16,410.8
2025-07-03 06:00:00,-5.86,-2.83,447.3
2025-07-03 07:00:00,-4.69,1.36,433.7
2025-07-03 08:00:00,-6.97,-2.58,419.0
2025-07-03 09:00:00,0.86,-0.58,469.5
2025-07-03 10:00:00,-10.02,-1.13,385.0
2025-07-03 11:00:00,-5.17,2.27,370.2
2025-07-03 12:00:00,-7.43,1.19,379.7
2025-07-03 13:00:00,-11.34,-1.65,452.6
2025-07-03 14:00:00,-15.1,-0.32,443.5
2025-07-03 15:00:00,-15.84,2.66,384.2
2025-07-03 16:00:00,-15.88,2.99,329.4
2025-07-03 17:00:00,-20.19,-2.74,393.8
2025-07-03 18:00:00,-18.01,2.63,369.6
2025-07-03 19:00:00,-19.28,2.48,385.2
2025-07-03 20:00:00,-10.29,0.36,368.4
2025-07-03 21:00:00,-11.68,-0.18,351.7
2025-07-03 22:00:00,-10.14,-1.1,456.5
2025-07-03 23:00:00,-9.53,-2.51,379.5
2025-07-04 00:00:00,-9.5,0.68,442.4
2025-07-04 01:00:00,-4.32,-0.34,393.4
2025-07-04 02:00:00,-9.33,0.87,366.1
2025-07-04 03:00:00,-6.14,0.92,415.3
2025-07-04 04:00:00,-3.43,5.04,388.3
2025-07-04 05:00:00,-9.13,2.39,393.8
2025-07-04 06:00:00,4.29,1.09,404.3
2025-07-04 07:00:00,-5.08,-4.27,375.6
2025-07-04 08:00:00,-5.24,0.78,351.4
2025-07-04 09:00:00,-2.69,3.16,398.5
2025-07-04 10:00:00,-4.76,-0.85,428.9
2025-07-04 11:00:00,-8.59,4.38,373.0
2025-07-04 12:00:00,-9.61,1.09,404.6
2025-07-04 13:00:00,-15.81,0.59,445.2
2025-07-04 14:00:00,-14.17,-1.98,397.3
2025-07-04 15:00:00,-11.98,3.01,402.6
2025-07-04 16:00:00,-13.0,-1.66,401.7
2025-07-04 17:00:00,-11.17,-1.13,379.5
2025-07-04 18:00:00,-15.36,-3.76,370.2
2025-07-04 19:00:00,-18.99,1.79,370.3
2025-07-04 20:00:00,-11.16,1.18,411.0
2025-07-04 21:00:00,-9.23,0.02,422.7
2025-07-04 22:00:00,-9.81,1.48,424.2
2025-07-04 23:00:00,-11.78,1.29,388.6
2025-07-05 00:00:00,-6.87,-0.73,432.8
2025-07-05 01:00:00,1.58,-1.57,409.2
2025-07-05 02:00:00,-7.15,-3.43,402.1
2025-07-05 03:00:00,-10.4,-0.36,299.8
2025-07-05 04:00:00,-7.43,-2.62,375.5
2025-07-05 05:00:00,-3.29,0.33,354.4
2025-07-05 06:00:00,-9.81,-0.32,418.8
2025-07-05 07:00:00,-4.66,-0.8,402.9
2025-07-05 08:00:00,-4.53,2.09,367.8
2025-07-05 09:00:00,-1.86,-1.97,409.1
2025-07-05 10:00:00,-3.57,-3.7,357.3
2025-07-05 11:00:00,-6.11,-0.45,368.7
2025-07-05 12:00:00,-16.49,-1.48,378.7
2025-07-05 13:00:00,-8.53,0.24,416.2
2025-07-05 14:00:00,-10.38,-1.83,442.0
2025-07-05 15:00:00,-12.77,0.84,382.4
2025-07-05 16:00:00,-19.52,-1.95,439.7
2025-07-05 17:00:00,-17.16,-1.97,401.4
2025-07-05 18:00:00,-18.5,1.23,407.1
2025-07-05 19:00:00,-20.87,-0.09,398.1
2025-07-05 20:00:00,-14.34,-2.37,394.1
2025-07-05 21:00:00,-15.93,-1.9,413.2
2025-07-05 22:00:00,-4.62,-0.75,422.2
2025-07-05 23:00:00,-11.8,-2.29,373.5
2025-07-06 00:00:00,-6.12,-0.58,394.3
2025-07-06 01:00:00,-13.41,-0.51,450.1
2025-07-06 02:00:00,-9.09,-1.83,405.3
2025-07-06 03:00:00,-6.17,1.3,408.6
2025-07-06 04:00:00,-8.39,-2.04,435.0
2025-07-06 05:00:00,-6.44,2.49,385.0
2025-07-06 06:00:00,-5.65,-0.44,399.0
2025-07-06 07:00:00,-5.87,-1.32,424.5
2025-07-06 08:00:00,-0.1,1.08,437.2
2025-07-06 09:00:00,-5.33,0.07,329.0
2025-07-06 10:00:00,-6.06,1.52,377.9
2025-07-06 11:00:00,-7.09,-4.0,370.0
2025-07-06 12:00:00,-8.16,1.03,396.3
2025-07-06 13:00:00,-11.54,-1.04,372.3
2025-07-06 14:00:00,-13.46,0.08,419.9
2025-07-06 15:00:00,-13.04,-0.18,405.2
2025-07-06 16:00:00,-10.86,2.69,426.7
2025-07-06 17:00:00,-11.45,-3.72,428.6
2025-07-06 18:00:00,-15.72,3.23,420.4
2025-07-06 19:00:00,-12.53,1.41,389.9
2025-07-06 20:00:00,-14.91,0.3,403.1
2025-07-06 21:00:00,-13.43,-2.87,386.2
2025-07-06 22:00:00,-13.92,-3.34,359.1
2025-07-06 23:00:00,-11.84,-1.12,428.6
2025-07-07 00:00:00,-5.98,1.27,397.5
2025-07-07 01:00:00,-8.43,-0.01,354.9
2025-07-07 02:00:00,-7.09,1.16,416.1
2025-07-07 03:00:00,-10.81,-2.93,393.3
2025-07-07 04:00:00,-6.6,0.09,338.2
2025-07-07 05:00:00,-5.89,2.19,358.8
2025-07-07 06:00:00,-7.49,2.9,379.0
2025-07-07 07:00:00,-5.11,-2.51,406.3
2025-07-07 08:00:00,-6.96,-0.7,423.6
2025-07-07 09:00:00,-6.22,-0.68,422.6
2025-07-07 10:00:00,-7.14,-1.25,418.1
2025-07-07 11:00:00,-11.57,1.82,399.0
2025-07-07 12:00:00,-11.2,5.74,451.7
2025-07-07 13:00:00,-11.06,-2.23,421.0
2025-07-07 14:00:00,-8.95,0.85,406.7
2025-07-07 15:00:00,-12.77,0.59,417.0
2025-07-07 16:00:00,-16.32,0.63,388.0
2025-07-07 17:00:00,-13.63,2.67,398.3
2025-07-07 18:00:00,-9.88,0.75,337.5
2025-07-07 19:00:00,-12.08,-4.27,388.4
2025-07-07 20:00:00,-12.69,-2.87,452.8
2025-07-07 21:00:00,-11.36,-2.13,404.5
2025-07-07 22:00:00,-8.18,-1.5,403.2
2025-07-07 23:00:00,-8.07,-0.28,430.0
2025-07-08 00:00:00,-8.3,-0.43,410.7
2025-07-08 01:00:00,-5.5,-3.65,376.4
2025-07-08 02:00:00,-10.74,-3.22,400.7
2025-07-08 03:00:00,-10.97,-4.24,365.9
2025-07-08 04:00:00,-5.2,-3.11,405.5
2025-07-08 05:00:00,-4.96,1.98,374.9
2025-07-08 06:00:00,-6.63,-0.54,427.8
2025-07-08 07:00:00,-2.69,-1.91,384.7
2025-07-08 08:00:00,-11.26,-3.84,375.3
2025-07-08 09:00:00,-8.07,-2.03,396.6
2025-07-08 10:00:00,-8.95,1.21,411.0
2025-07-08 11:00:00,-13.61,0.95,363.8
2025-07-08 12:00:00,-5.52,-0.5,384.4
2025-07-08 13:00:00,-15.37,-0.53,403.2
2025-07-08 14:00:00,-14.27,-3.54,440.2
2025-07-08 15:00:00,-10.81,-1.55,324.1
2025-07-08 16:00:00,-12.39,1.11,418.5
2025-07-08 17:00:00,-18.15,-1.35,388.5
2025-07-08 18:00:00,-12.95,3.25,385.2
2025-07-08 19:00:00,-13.96,2.41,379.6
2025-07-08 20:00:00,-7.33,-0.91,389.1
2025-07-08 21:00:00,-12.32,-0.53,418.6
2025-07-08 22:00:00,-12.92,4.45,383.9
2025-07-08 23:00:00,-13.86,1.69,449.8
2025-07-09 00:00:00,-12.23,0.14,418.7
2025-07-09 01:00:00,-11.18,0.37,405.9
2025-07-09 02:00:00,-3.39,0.3,395.0
2025-07-09 03:00:00,-6.41,-0.03,435.7
2025-07-09 04:00:00,-3.97,-2.14,440.1
2025-07-09 05:00:00,-0.63,-0.8,365.2
2025-07-09 06:00:00,-12.08,-2.87,378.9
2025-07-09 07:00:00,-1.33,1.45,419.0
2025-07-09 08:00:00,-5.5,-0.26,428.1
2025-07-09 09:00:00,-5.16,1.55,391.0
2025-07-09 10:00:00,-9.99,-2.55,377.7
2025-07-09 11:00:00,-10.97,2.84,402.4
2025-07-09 12:00:00,-8.53,2.6,444.3
2025-07-09 13:00:00,-4.14,-3.15,401.2
2025-07-09 14:00:00,-9.49,-1.01,362.1
2025-07-09 15:00:00,-9.74,-0.79,403.3
2025-07-09 16:00:00,-14.91,-2.88,423.5
2025-07-09 17:00:00,-16.63,-0.52,397.0
2025-07-09 18:00:00,-17.34,1.12,437.7
2025-07-09 19:00:00,-16.29,-0.94,426.0
2025-07-09 20:00:00,-20.49,-3.43,398.1
2025-07-09 21:00:00,-15.71,1.54,401.3
2025-07-09 22:00:00,-14.18,-1.58,344.7
2025-07-09 23:00:00,-11.82,-1.37,436.3
2025-07-10 00:00:00,-9.6,3.36,390.1
2025-07-10 01:00:00,-7.62,0.79,388.0
2025-07-10 02:00:00,-7.54,-1.62,383.5
2025-07-10 03:00:00,-8.21,-2.38,413.7
2025-07-10 04:00:00,-11.56,1.93,366.1
2025-07-10 05:00:00,-6.9,1.79,370.5
2025-07-10 06:00:00,-7.92,-1.01,398.4
2025-07-10 07:00:00,-3.77,-2.52,381.2
2025-07-10 08:00:00,-2.94,0.77,410.1
2025-07-10 09:00:00,-3.65,1.19,382.3
2025-07-10 10:00:00,-5.23,-0.75,447.9
2025-07-10 11:00:00,-9.11,-2.21,420.8
2025-07-10 12:00:00,-11.57,0.05,420.4
2025-07-10 13:00:00,-13.54,0.92,381.9
2025-07-10 14:00:00,-17.02,-0.97,472.2
2025-07-10 15:00:00,-10.56,0.52,386.8
2025-07-10 16:00:00,-14.85,0.72,378.6
2025-07-10 17:00:00,-18.57,2.29,421.2
2025-07-10 18:00:00,-17.48,-0.84,405.9
2025-07-10 19:00:00,-17.43,-2.28,375.4
2025-07-10 20:00:00,-14.2,-0.13,465.9
2025-07-10 21:00:00,-10.33,3.38,429.3
2025-07-10 22:00:00,-13.54,-3.53,400.1
2025-07-10 23:00:00,-18.05,-4.63,472.0
2025-07-11 00:00:00,-10.57,-0.22,424.3
2025-07-11 01:00:00,-9.17,-0.76,399.6
2025-07-11 02:00:00,-8.17,-0.42,468.4
2025-07-11 03:00:00,-8.35,-0.49,419.8
2025-07-11 04:00:00,-5.02,2.01,418.5
2025-07-11 05:00:00,-4.97,-0.08,388.4
2025-07-11 06:00:00,-5.07,1.64,401.5
2025-07-11 07:00:00,-3.93,-4.96,387.7
2025-07-11 08:00:00,-6.96,-1.06,443.2
2025-07-11 09:00:00,-7.92,-1.63,351.7
2025-07-11 10:00:00,-3.36,-4.57,441.0
2025-07-11 11:00:00,-7.03,0.21,373.7
2025-07-11 12:00:00,-7.52,-0.2,398.3
2025-07-11 13:00:00,-7.62,-0.93,391.1
2025-07-11 14:00:00,-10.92,-0.25,384.4
2025-07-11 15:00:00,-10.75,0.21,420.7
2025-07-11 16:00:00,-19.07,2.03,399.8
2025-07-11 17:00:00,-14.22,1.29,380.0
2025-07-11 18:00:00,-15.55,0.66,404.6
2025-07-11 19:00:00,-9.8,4.61,379.1
2025-07-11 20:00:00,-11.55,-1.42,383.9
2025-07-11 21:00:00,-15.43,-2.72,355.1
2025-07-11 22:00:00,-11.38,2.35,386.5
2025-07-11 23:00:00,-10.79,3.73,414.8
2025-07-12 00:00:00,-8.64,-1.27,401.1
2025-07-12 01:00:00,-11.76,2.76,454.5
2025-07-12 02:00:00,-6.42,-1.07,478.4
2025-07-12 03:00:00,-7.15,1.17,386.1
2025-07-12 04:00:00,-4.82,1.28,375.0
2025-07-12 05:00:00,-7.34,-1.26,433.9
2025-07-12 06:00:00,-6.76,3.69,410.1
2025-07-12 07:00:00,-1.65,3.92,434.1
2025-07-12 08:00:00,-8.82,-2.04,412.0
2025-07-12 09:00:00,-9.4,0.4,394.2
2025-07-12 10:00:00,-7.65,1.83,394.3
2025-07-12 11:00:00,-11.02,-3.77,413.0
2025-07-12 12:00:00,-12.66,0.05,393.7
2025-07-12 13:00:00,-10.98,-3.31,436.6
2025-07-12 14:00:00,-17.02,1.33,360.9
2025-07-12 15:00:00,-16.56,0.17,436.4
2025-07-12 16:00:00,-8.17,-0.75,343.8
2025-07-12 17:00:00,-13.45,-3.13,404.4
2025-07-12 18:00:00,-17.24,-1.2,390.1
2025-07-12 19:00:00,-13.57,1.04,354.5
2025-07-12 20:00:00,-12.63,-0.08,338.2
2025-07-12 21:00:00,-10.55,2.39,367.1
2025-07-12 22:00:00,-12.88,2.26,401.4
2025-07-12 23:00:00,-8.36,2.17,381.9
2025-07-13 00:00:00,-16.12,-1.08,368.8
2025-07-13 01:00:00,-11.87,0.59,440.6
2025-07-13 02:00:00,-7.01,-1.93,363.0
2025-07-13 03:00:00,-5.48,-2.52,420.4
2025-07-13 04:00:00,-8.41,2.36,373.3
2025-07-13 05:00:00,-4.39,-2.37,366.3
2025-07-13 06:00:00,-6.87,-2.59,381.9
2025-07-13 07:00:00,-6.0,0.21,418.6
2025-07-13 08:00:00,-2.6,-0.54,358.9
2025-07-13 09:00:00,-3.74,-0.37,408.6
2025-07-13 10:00:00,-10.49,4.61,371.2
2025-07-13 11:00:00,-11.88,-1.99,376.6
2025-07-13 12:00:00,-11.23,0.99,412.0
2025-07-13 13:00:00,-11.37,0.17,465.2
2025-07-13 14:00:00,-14.47,2.02,372.7
2025-07-13 15:00:00,-10.41,-1.57,421.6
2025-07-13 16:00:00,-13.29,-0.45,390.6
2025-07-13 17:00:00,-13.61,0.23,385.8
2025-07-13 18:00:00,-18.8,-2.87,432.1
2025-07-13 19:00:00,-11.33,-3.61,374.7
2025-07-13 20:00:00,-22.79,-0.04,365.4
2025-07-13 21:00:00,-11.03,2.68,413.8
2025-07-13 22:00:00,-9.7,-0.7,447.8
2025-07-13 23:00:00,-12.59,-0.43,422.5
2025-07-14 00:00:00,-6.18,2.3,357.8
2025-07-14 01:00:00,-8.9,-0.3,381.5
2025-07-14 02:00:00,-7.31,1.55,429.4
2025-07-14 03:00:00,-5.45,5.33,447.4
2025-07-14 04:00:00,3.89,-1.15,406.9
2025-07-14 05:00:00,-1.14,-0.35,382.6
2025-07-14 06:00:00,-2.9,0.79,449.4
2025-07-14 07:00:00,-7.91,2.98,397.8
2025-07-14 08:00:00,-5.24,-0.23,381.8
2025-07-14 09:00:00,-8.9,1.46,376.8
2025-07-14 10:00:00,-5.03,0.7,364.1
2025-07-14 11:00:00,-8.28,-0.14,485.0
2025-07-14 12:00:00,-13.37,-0.84,442.6
2025-07-14 13:00:00,-11.05,-1.22,380.3
2025-07-14 14:00:00,-15.05,6.13,452.0
2025-07-14 15:00:00,-13.08,-3.08,416.0
2025-07-14 16:00:00,-16.91,-2.89,414.2
2025-07-14 17:00:00,-14.75,0.49,378.5
2025-07-14 18:00:00,-12.75,0.41,384.6
2025-07-14 19:00:00,-14.99,0.85,398.7
2025-07-14 20:00:00,-15.5,-1.75,341.0
2025-07-14 21:00:00,-12.93,-2.05,385.4
2025-07-14 22:00:00,-10.41,-0.57,400.1
2025-07-14 23:00:00,-14.62,1.82,439.3
2025-07-15 00:00:00,-9.22,-2.04,381.5
2025-07-15 01:00:00,-4.75,0.3,424.4
2025-07-15 02:00:00,-5.78,-1.02,338.2
2025-07-15 03:00:00,-6.29,-3.05,435.0
2025-07-15 04:00:00,-3.75,-2.56,373.0
2025-07-15 05:00:00,-3.81,1.82,403.9
2025-07-15 06:00:00,-2.74,-1.21,412.2
2025-07-15 07:00:00,-11.24,2.49,406.3
2025-07-15 08:00:00,-10.33,-0.07,396.8
2025-07-15 09:00:00,-3.45,-2.74,362.8
2025-07-15 10:00:00,-12.02,0.95,373.3
2025-07-15 11:00:00,-7.5,-1.6,429.9
2025-07-15 12:00:00,-11.06,-0.75,382.1
2025-07-15 13:00:00,-14.28,2.27,396.9
2025-07-15 14:00:00,-11.45,-2.58,355.2
2025-07-15 15:00:00,-12.93,-0.9,425.8
2025-07-15 16:00:00,-8.0,-2.17,360.4
2025-07-15 17:00:00,-16.7,-2.38,427.5
2025-07-15 18:00:00,-10.68,-0.95,368.1
2025-07-15 19:00:00,-13.77,-1.72,430.4
2025-07-15 20:00:00,-16.31,-0.55,400.3
2025-07-15 21:00:00,-11.14,1.28,383.2
2025-07-15 22:00:00,-10.8,-1.5,448.0
2025-07-15 23:00:00,-11.19,-2.94,397.9
2025-07-16 00:00:00,-9.2,1.28,389.1
2025-07-16 01:00:00,-10.5,-1.52,427.3
2025-07-16 02:00:00,-9.98,3.66,355.6
2025-07-16 03:00:00,-4.19,-0.82,324.2
2025-07-16 04:00:00,-6.34,-0.27,434.7
2025-07-16 05:00:00,-5.41,-4.61,374.9
2025-07-16 06:00:00,-4.16,-2.32,425.9
2025-07-16 07:00:00,-4.37,-4.56,401.4
2025-07-16 08:00:00,-9.96,0.59,365.1
2025-07-16 09:00:00,-2.61,-0.16,418.2
2025-07-16 10:00:00,-7.14,1.26,387.7
2025-07-16 11:00:00,-9.31,1.61,367.7
2025-07-16 12:00:00,-8.71,1.92,368.5
2025-07-16 13:00:00,-10.58,-0.45,348.0
2025-07-16 14:00:00,-10.2,0.17,412.1
2025-07-16 15:00:00,-11.92,1.16,371.9
2025-07-16 16:00:00,-12.18,-1.59,399.0
2025-07-16 17:00:00,-10.78,-1.88,394.5
2025-07-16 18:00:00,-12.35,3.08,371.8
2025-07-16 19:00:00,-15.31,-3.61,354.3
2025-07-16 20:00:00,-17.7,1.0,476.0
2025-07-16 21:00:00,-8.53,0.68,398.5
2025-07-16 22:00:00,-13.21,-2.25,454.7
2025-07-16 23:00:00,-12.71,-1.34,434.9
2025-07-17 00:00:00,-15.21,-0.71,390.4
2025-07-17 01:00:00,-7.69,0.43,405.4
2025-07-17 02:00:00,-7.05,0.7,404.6
2025-07-17 03:00:00,-11.01,-0.06,455.3
2025-07-17 04:00:00,-4.31,0.38,424.9
2025-07-17 05:00:00,-6.66,1.32,375.8
2025-07-17 06:00:00,3.07,1.23,410.5
2025-07-17 07:00:00,-6.88,3.07,424.1
2025-07-17 08:00:00,-6.98,2.09,364.7
2025-07-17 09:00:00,-9.09,0.04,414.8
2025-07-17 10:00:00,-3.67,1.28,440.4
2025-07-17 11:00:00,-9.82,0.85,374.3
2025-07-17 12:00:00,-12.17,0.33,378.4
2025-07-17 13:00:00,-9.17,-1.74,434.8
2025-07-17 14:00:00,-16.64,0.32,389.4
2025-07-17 15:00:00,-11.66,-4.13,370.5
2025-07-17 16:00:00,-8.99,2.14,426.5
2025-07-17 17:00:00,-13.13,0.7,417.3
2025-07-17 18:00:00,-13.09,-0.32,402.8
2025-07-17 19:00:00,-12.22,-0.84,433.7
2025-07-17 20:00:00,-9.2,1.31,435.9
2025-07-17 21:00:00,-9.91,3.68,397.5
2025-07-17 22:00:00,-11.18,0.75,459.2
2025-07-17 23:00:00,-8.58,3.8,447.5
2025-07-18 00:00:00,-12.66,1.57,340.5
2025-07-18 01:00:00,-6.38,-1.61,369.1
2025-07-18 02:00:00,-10.52,0.98,332.3
2025-07-18 03:00:00,-7.57,0.78,390.3
2025-07-18 04:00:00,-14.92,-1.61,363.7
2025-07-18 05:00:00,-3.97,-0.82,375.6
2025-07-18 06:00:00,-6.93,-0.86,432.7
2025-07-18 07:00:00,-1.84,0.2,347.4
2025-07-18 08:00:00,-4.5,-0.56,403.9
2025-07-18 09:00:00,-3.09,0.54,403.7
2025-07-18 10:00:00,-10.75,0.86,397.5
2025-07-18 11:00:00,-5.59,2.54,403.9
2025-07-18 12:00:00,-3.68,1.1,333.0
2025-07-18 13:00:00,-9.0,-1.4,375.7
2025-07-18 14:00:00,-10.13,4.22,446.3
2025-07-18 15:00:00,-13.03,-1.39,364.1
2025-07-18 16:00:00,-15.9,-0.78,450.0
2025-07-18 17:00:00,-12.55,1.19,357.8
2025-07-18 18:00:00,-19.52,5.79,354.2
2025-07-18 19:00:00,-16.08,0.8,371.4
2025-07-18 20:00:00,-19.64,-1.28,433.9
2025-07-18 21:00:00,-15.65,-3.28,383.6
2025-07-18 22:00:00,-10.57,-3.41,410.4
2025-07-18 23:00:00,-9.78,0.02,402.2
2025-07-19 00:00:00,-9.85,1.09,398.4
2025-07-19 01:00:00,-8.19,-2.84,438.2
2025-07-19 02:00:00,-13.16,0.44,423.1
2025-07-19 03:00:00,-7.58,-2.63,365.7
2025-07-19 04:00:00,-7.71,-1.85,391.7
2025-07-19 05:00:00,-7.15,1.26,452.3
2025-07-19 06:00:00,-3.2,-1.5,409.6
2025-07-19 07:00:00,-7.75,2.62,354.8
2025-07-19 08:00:00,-7.48,-1.17,356.9
2025-07-19 09:00:00,-12.73,2.22,426.7
2025-07-19 10:00:00,-8.38,4.53,421.1
2025-07-19 11:00:00,-11.97,-1.49,372.4
2025-07-19 12:00:00,-9.76,4.93,422.4
2025-07-19 13:00:00,-14.15,0.03,448.0
2025-07-19 14:00:00,-12.19,-1.27,443.7
2025-07-19 15:00:00,-13.97,-0.59,448.1
2025-07-19 16:00:00,-9.31,-0.81,416.7
2025-07-19 17:00:00,-13.34,2.8,394.7
2025-07-19 18:00:00,-20.52,2.64,387.9
2025-07-19 19:00:00,-18.62,2.61,399.5
2025-07-19 20:00:00,-14.16,-2.6,373.7
2025-07-19 21:00:00,-16.33,0.38,389.2
2025-07-19 22:00:00,-21.41,-3.1,438.3
2025-07-19 23:00:00,-7.25,2.02,351.7
2025-07-20 00:00:00,-7.84,-0.97,353.8
2025-07-20 01:00:00,-7.14,1.01,424.9
2025-07-20 02:00:00,-9.32,-1.0,389.5
2025-07-20 03:00:00,-5.18,-3.51,342.2
2025-07-20 04:00:00,-7.78,1.77,398.2
2025-07-20 05:00:00,-4.56,1.92,393.9
2025-07-20 06:00:00,-7.76,0.28,387.1
2025-07-20 07:00:00,-0.62,-4.22,420.6
2025-07-20 08:00:00,-10.38,1.5,360.0
2025-07-20 09:00:00,-2.77,-1.48,400.4
2025-07-20 10:00:00,-7.38,1.03,393.7
2025-07-20 11:00:00,-10.17,-0.98,401.1
2025-07-20 12:00:00,-9.5,-0.78,348.0
2025-07-20 13:00:00,-9.09,1.0,384.3
2025-07-20 14:00:00,-8.4,-1.64,400.6
2025-07-20 15:00:00,-12.6,-0.33,416.2
2025-07-20 16:00:00,-17.0,1.02,455.4
2025-07-20 17:00:00,-14.66,4.33,424.2
2025-07-20 18:00:00,-9.55,-0.15,413.8
2025-07-20 19:00:00,-10.79,1.68,438.1
2025-07-20 20:00:00,-11.6,-2.34,390.9
2025-07-20 21:00:00,-11.15,3.39,446.6
2025-07-20 22:00:00,-10.4,-1.62,433.6
2025-07-20 23:00:00,-7.82,-0.26,386.6
2025-07-21 00:00:00,-11.37,1.02,457.7
2025-07-21 01:00:00,-12.77,-1.56,413.4
2025-07-21 02:00:00,-7.29,2.16,465.8
2025-07-21 03:00:00,-8.92,-1.32,409.1
2025-07-21 04:00:00,-8.83,1.66,383.1
2025-07-21 05:00:00,-7.33,2.14,377.0
2025-07-21 06:00:00,2.46,1.16,389.3
2025-07-21 07:00:00,-4.76,1.42,382.9
2025-07-21 08:00:00,-4.58,5.06,438.1
2025-07-21 09:00:00,-10.13,0.83,399.1
2025-07-21 10:00:00,-13.03,0.22,351.6
2025-07-21 11:00:00,-11.16,0.67,406.4
2025-07-21 12:00:00,-5.69,2.54,403.8
2025-07-21 13:00:00,-10.29,4.66,385.9
2025-07-21 14:00:00,-10.7,-0.33,408.0
2025-07-21 15:00:00,-11.32,-1.82,398.7
2025-07-21 16:00:00,-16.1,2.33,419.0
2025-07-21 17:00:00,-10.67,-2.73,417.2
2025-07-21 18:00:00,-16.9,0.52,410.9
2025-07-21 19:00:00,-10.61,0.61,361.0
2025-07-21 20:00:00,-13.0,-0.21,463.6
2025-07-21 21:00:00,-18.9,-0.1,353.3
2025-07-21 22:00:00,-14.74,-3.3,396.1
2025-07-21 23:00:00,-16.65,-1.74,367.2
2025-07-22 00:00:00,-6.51,1.87,411.9
2025-07-22 01:00:00,-8.78,-4.08,404.2
2025-07-22 02:00:00,-14.19,-0.17,394.9
2025-07-22 03:00:00,-5.34,-0.63,445.5
2025-07-22 04:00:00,-7.28,-3.98,433.3
2025-07-22 05:00:00,-9.62,3.38,390.2
2025-07-22 06:00:00,0.03,-2.06,424.1
2025-07-22 07:00:00,-4.85,1.1,446.9
2025-07-22 08:00:00,-6.55,-0.94,433.0
2025-07-22 09:00:00,-7.66,-1.69,395.9
2025-07-22 10:00:00,-12.04,-0.47,352.3
2025-07-22 11:00:00,-12.62,-0.71,409.7
2025-07-22 12:00:00,-6.15,-0.37,420.1
2025-07-22 13:00:00,-12.72,-1.57,376.9
2025-07-22 14:00:00,-12.43,-2.03,400.7
2025-07-22 15:00:00,-19.67,2.01,397.5
2025-07-22 16:00:00,-18.28,0.01,441.6
2025-07-22 17:00:00,-13.0,-0.12,455.6
2025-07-22 18:00:00,-13.87,-1.78,435.3
2025-07-22 19:00:00,-9.57,3.15,397.4
2025-07-22 20:00:00,-10.3,-0.17,434.4
2025-07-22 21:00:00,-14.23,-3.79,419.5
2025-07-22 22:00:00,-11.08,0.55,397.8
2025-07-22 23:00:00,-12.24,-1.53,462.8
2025-07-23 00:00:00,-3.84,1.82,377.9
2025-07-23 01:00:00,-5.26,2.08,418.1
2025-07-23 02:00:00,-6.99,1.85,425.2
2025-07-23 03:00:00,-5.86,-0.92,391.4
2025-07-23 04:00:00,-1.34,-0.23,416.8
2025-07-23 05:00:00,-3.43,0.5,428.4
2025-07-23 06:00:00,-0.32,1.79,407.3
2025-07-23 07:00:00,-11.75,-2.08,414.2
2025-07-23 08:00:00,-4.29,0.19,403.2
2025-07-23 09:00:00,-8.01,3.74,423.9
2025-07-23 10:00:00,-2.23,-1.07,393.1
2025-07-23 11:00:00,-4.07,-0.05,390.6
2025-07-23 12:00:00,-9.9,5.23,400.6
2025-07-23 13:00:00,-6.69,-0.48,435.5
2025-07-23 14:00:00,-7.15,-3.08,347.6
2025-07-23 15:00:00,-13.31,-0.11,372.7
2025-07-23 16:00:00,-6.91,3.35,468.3
2025-07-23 17:00:00,-14.92,2.11,408.3
2025-07-23 18:00:00,-15.64,-1.96,387.8
2025-07-23 19:00:00,-12.23,0.83,423.8
2025-07-23 20:00:00,-15.39,-0.35,376.4
2025-07-23 21:00:00,-13.28,1.62,336.9
2025-07-23 22:00:00,-8.27,-1.23,410.6
2025-07-23 23:00:00,-11.24,0.99,378.1
2025-07-24 00:00:00,-15.09,3.82,403.0
2025-07-24 01:00:00,-7.6,-5.22,409.9
2025-07-24 02:00:00,-9.59,1.19,404.3
2025-07-24 03:00:00,-3.87,2.64,348.7
2025-07-24 04:00:00,-3.58,-15.83,735.4
2025-07-24 05:00:00,-21.21,-14.16,747.9
2025-07-24 06:00:00,-43.18,-13.51,692.6
2025-07-24 07:00:00,-63.25,-14.18,689.0
2025-07-24 08:00:00,-89.48,-14.33,702.5
2025-07-24 09:00:00,-106.31,-13.47,757.0
2025-07-24 10:00:00,-124.3,-11.02,674.6
2025-07-24 11:00:00,-133.48,2.98,759.5
2025-07-24 12:00:00,-119.22,2.61,746.3
2025-07-24 13:00:00,-120.01,1.99,726.9
2025-07-24 14:00:00,-115.06,3.66,690.2
2025-07-24 15:00:00,-106.06,4.06,710.7
2025-07-24 16:00:00,-99.44,0.33,758.0
2025-07-24 17:00:00,-93.6,2.86,772.3
2025-07-24 18:00:00,-94.02,0.85,703.6
2025-07-24 19:00:00,-84.64,-0.43,768.8
2025-07-24 20:00:00,-82.82,-0.1,755.2
2025-07-24 21:00:00,-80.05,2.03,734.4
2025-07-24 22:00:00,-73.25,2.93,712.5
2025-07-24 23:00:00,-67.69,1.16,382.6
2025-07-25 00:00:00,-59.01,-0.79,454.7
2025-07-25 01:00:00,-52.49,-0.98,405.4
2025-07-25 02:00:00,-56.05,-3.71,439.9
2025-07-25 03:00:00,-46.63,0.72,407.2
2025-07-25 04:00:00,-47.7,0.59,386.4
2025-07-25 05:00:00,-39.25,-2.09,417.5
2025-07-25 06:00:00,-40.46,0.95,464.7
2025-07-25 07:00:00,-39.7,0.91,380.7
2025-07-25 08:00:00,-32.58,-2.97,427.4
2025-07-25 09:00:00,-35.6,-0.64,405.7
2025-07-25 10:00:00,-34.02,2.82,356.5
2025-07-25 11:00:00,-39.25,-1.27,355.8
2025-07-25 12:00:00,-29.47,0.04,386.4
2025-07-25 13:00:00,-29.68,0.32,410.4
2025-07-25 14:00:00,-31.95,-0.05,426.4
2025-07-25 15:00:00,-36.31,1.38,352.9
2025-07-25 16:00:00,-27.69,1.87,419.6
2025-07-25 17:00:00,-32.7,2.53,396.4
2025-07-25 18:00:00,-31.18,-0.63,400.1
2025-07-25 19:00:00,-21.74,1.05,417.7
2025-07-25 20:00:00,-29.37,1.68,452.4
2025-07-25 21:00:00,-23.39,-0.24,409.1
2025-07-25 22:00:00,-22.1,-1.44,359.3
2025-07-25 23:00:00,-20.66,0.29,394.4
2025-07-26 00:00:00,-19.0,-1.21,425.6
2025-07-26 01:00:00,-16.77,-1.41,426.6
2025-07-26 02:00:00,-15.27,0.44,420.0
2025-07-26 03:00:00,-14.64,-0.38,384.7
2025-07-26 04:00:00,-8.63,0.35,359.0
2025-07-26 05:00:00,-16.11,-3.1,417.7
2025-07-26 06:00:00,-8.48,-0.35,363.6
2025-07-26 07:00:00,-8.81,-4.52,420.8
2025-07-26 08:00:00,-3.57,-2.09,420.8
2025-07-26 09:00:00,-3.11,-0.18,386.0
2025-07-26 10:00:00,-7.78,2.43,396.6
2025-07-26 11:00:00,-14.31,1.07,406.0
2025-07-26 12:00:00,-10.22,0.18,381.6
2025-07-26 13:00:00,-14.27,-0.75,358.5
2025-07-26 14:00:00,-14.7,-0.5,398.8
2025-07-26 15:00:00,-17.26,2.61,402.0
2025-07-26 16:00:00,-15.76,-2.21,440.8
2025-07-26 17:00:00,-16.62,-1.45,376.5
2025-07-26 18:00:00,-22.13,2.13,432.1
2025-07-26 19:00:00,-12.73,-0.69,365.6
2025-07-26 20:00:00,-7.67,3.88,359.7
2025-07-26 21:00:00,-11.72,1.38,391.0
2025-07-26 22:00:00,-13.11,2.31,371.8
2025-07-26 23:00:00,-11.46,-3.25,359.2
2025-07-27 00:00:00,-11.26,2.12,458.3
2025-07-27 01:00:00,-8.44,-1.7,386.5
2025-07-27 02:00:00,-7.61,1.43,469.3
2025-07-27 03:00:00,-8.99,-0.73,370.2
2025-07-27 04:00:00,-0.62,0.45,348.7
2025-07-27 05:00:00,-9.63,-2.21,438.7
2025-07-27 06:00:00,-2.85,-3.44,378.2
2025-07-27 07:00:00,-5.47,0.3,404.2
2025-07-27 08:00:00,0.03,-0.59,359.3
2025-07-27 09:00:00,-5.44,-1.79,398.9
2025-07-27 10:00:00,-8.58,-3.36,358.9
2025-07-27 11:00:00,-9.45,-5.35,397.8
2025-07-27 12:00:00,-9.88,1.05,385.8
2025-07-27 13:00:00,-14.72,-0.51,406.9
2025-07-27 14:00:00,-14.8,-1.21,418.8
2025-07-27 15:00:00,-18.89,0.43,407.2
2025-07-27 16:00:00,-17.1,2.03,413.5
2025-07-27 17:00:00,-14.55,0.54,396.7
2025-07-27 18:00:00,-14.1,-0.89,386.9
2025-07-27 19:00:00,-20.77,4.26,414.1
2025-07-27 20:00:00,-14.74,-1.27,396.7
2025-07-27 21:00:00,-11.85,-2.82,397.8
2025-07-27 22:00:00,-12.99,0.2,411.9
2025-07-27 23:00:00,-13.2,-0.51,369.0
2025-07-28 00:00:00,-11.24,1.89,442.9
2025-07-28 01:00:00,-10.33,-1.05,392.5
2025-07-28 02:00:00,-9.41,-0.33,403.7
2025-07-28 03:00:00,-5.94,-1.73,398.7
2025-07-28 04:00:00,1.25,1.62,419.6
2025-07-28 05:00:00,-7.4,0.29,410.2
2025-07-28 06:00:00,-5.95,-0.55,398.5
2025-07-28 07:00:00,-5.33,-0.3,443.5
2025-07-28 08:00:00,-7.73,-0.04,303.9
2025-07-28 09:00:00,-3.17,-2.87,437.3
2025-07-28 10:00:00,-14.61,2.33,427.6
2025-07-28 11:00:00,-10.3,2.21,344.9
2025-07-28 12:00:00,-7.55,0.08,427.9
2025-07-28 13:00:00,-12.18,-0.13,431.8
2025-07-28 14:00:00,-14.96,-1.99,416.9
2025-07-28 15:00:00,-12.21,3.45,353.2
2025-07-28 16:00:00,-11.61,2.97,420.5
2025-07-28 17:00:00,-14.2,0.79,430.2
2025-07-28 18:00:00,-17.4,1.64,382.8
2025-07-28 19:00:00,-13.46,2.46,413.2
2025-07-28 20:00:00,-15.54,2.05,389.4
2025-07-28 21:00:00,-11.3,-1.71,426.6
2025-07-28 22:00:00,-8.05,-0.62,390.6
2025-07-28 23:00:00,-19.11,0.94,382.6
2025-07-29 00:00:00,-9.67,0.41,398.8
2025-07-29 01:00:00,-13.91,1.51,359.8
2025-07-29 02:00:00,-0.17,1.29,395.8
2025-07-29 03:00:00,-7.87,0.49,410.9
2025-07-29 04:00:00,-3.43,-5.21,426.1
2025-07-29 05:00:00,-5.28,2.35,407.5
2025-07-29 06:00:00,-7.41,1.68,357.0
2025-07-29 07:00:00,-7.94,4.14,440.6
2025-07-29 08:00:00,-0.91,-0.95,443.1
2025-07-29 09:00:00,-3.6,-3.69,403.4
2025-07-29 10:00:00,-1.67,-0.36,377.4
2025-07-29 11:00:00,-8.54,0.91,384.1
2025-07-29 12:00:00,-9.14,-0.88,393.9
2025-07-29 13:00:00,-12.1,2.74,408.4
2025-07-29 14:00:00,-13.36,-1.32,390.9
2025-07-29 15:00:00,-16.66,-0.2,374.2
2025-07-29 16:00:00,-14.08,-0.49,430.7
2025-07-29 17:00:00,-17.2,5.55,407.7
2025-07-29 18:00:00,-13.67,-1.81,368.4
2025-07-29 19:00:00,-14.32,1.17,408.7
2025-07-29 20:00:00,-13.47,-2.4,404.9
2025-07-29 21:00:00,-8.51,0.69,378.5
2025-07-29 22:00:00,-12.61,-1.91,435.9
2025-07-29 23:00:00,-9.02,2.2,404.0
2025-07-30 00:00:00,-3.85,1.82,393.5
2025-07-30 01:00:00,-4.79,0.54,397.5
2025-07-30 02:00:00,-4.04,-2.78,413.3
2025-07-30 03:00:00,-7.38,-0.11,397.8
2025-07-30 04:00:00,-4.98,-0.61,397.6
2025-07-30 05:00:00,-9.13,1.66,432.0
2025-07-30 06:00:00,-3.5,-1.8,357.4
2025-07-30 07:00:00,-4.35,2.31,362.5
2025-07-30 08:00:00,-5.6,1.93,423.3
2025-07-30 09:00:00,-3.38,-2.75,472.5
2025-07-30 10:00:00,-11.12,-0.44,426.3
2025-07-30 11:00:00,-3.8,-0.1,455.9
2025-07-30 12:00:00,-7.29,2.01,387.0
2025-07-30 13:00:00,-11.51,-1.37,380.9
2025-07-30 14:00:00,-12.95,0.42,413.7
2025-07-30 15:00:00,-12.09,2.2,428.6
2025-07-30 16:00:00,-9.77,0.5,360.7
2025-07-30 17:00:00,-14.52,-3.71,393.6
2025-07-30 18:00:00,-14.57,-0.99,399.2
2025-07-30 19:00:00,-14.78,1.81,379.6
2025-07-30 20:00:00,-8.98,1.56,383.1
2025-07-30 21:00:00,-14.64,-4.5,425.3
2025-07-30 22:00:00,-12.59,0.4,414.1
2025-07-30 23:00:00,-6.9,1.89,424.0
2025-07-31 00:00:00,-9.56,1.08,410.1
2025-07-31 01:00:00,-5.29,1.31,373.8
2025-07-31 02:00:00,-10.23,4.12,412.7
2025-07-31 03:00:00,-7.08,-0.09,371.4
2025-07-31 04:00:00,-1.22,0.61,390.6
2025-07-31 05:00:00,-7.2,-1.88,368.9
2025-07-31 06:00:00,-5.45,-1.27,381.7
2025-07-31 07:00:00,-4.4,-0.66,402.7
2025-07-31 08:00:00,-8.64,1.7,386.3
2025-07-31 09:00:00,-7.71,-1.5,373.5
2025-07-31 10:00:00,-7.16,2.47,434.1
2025-07-31 11:00:00,-8.57,-2.19,396.4
2025-07-31 12:00:00,-6.16,1.28,384.2
2025-07-31 13:00:00,-6.67,1.1,367.5
2025-07-31 14:00:00,-15.07,0.51,343.8
2025-07-31 15:00:00,-13.2,1.97,393.3
2025-07-31 16:00:00,-12.31,-1.49,358.7
2025-07-31 17:00:00,-10.28,-0.93,421.4
2025-07-31 18:00:00,-12.84,-1.93,400.9
2025-07-31 19:00:00,-13.96,0.02,446.8
2025-07-31 20:00:00,-12.33,-0.24,406.7
2025-07-31 21:00:00,-11.51,1.71,378.2
2025-07-31 22:00:00,-15.28,0.77,343.6
2025-07-31 23:00:00,-10.72,1.38,424.2
2025-08-01 00:00:00,-5.62,-0.39,361.0
2025-08-01 01:00:00,-9.33,0.81,387.8
2025-08-01 02:00:00,-7.11,3.63,450.2
2025-08-01 03:00:00,-7.19,-2.69,418.3
2025-08-01 04:00:00,-12.61,-3.68,411.7
2025-08-01 05:00:00,-5.11,1.27,428.3
2025-08-01 06:00:00,-4.09,-1.7,427.2
2025-08-01 07:00:00,-6.71,-2.76,447.4
2025-08-01 08:00:00,-9.13,1.07,381.9
2025-08-01 09:00:00,-9.11,-2.01,388.7
2025-08-01 10:00:00,-5.21,3.08,372.3
2025-08-01 11:00:00,-2.79,0.31,399.0
2025-08-01 12:00:00,-5.85,-0.41,396.0
2025-08-01 13:00:00,-15.33,-1.64,347.4
2025-08-01 14:00:00,-9.94,0.43,380.4
2025-08-01 15:00:00,-15.53,-3.18,443.2
2025-08-01 16:00:00,-16.08,-4.94,407.3
2025-08-01 17:00:00,-16.22,-3.11,421.5
2025-08-01 18:00:00,-12.88,2.27,396.4
2025-08-01 19:00:00,-11.95,-1.85,343.4
2025-08-01 20:00:00,-14.62,-2.87,396.1
2025-08-01 21:00:00,-13.78,-0.18,431.3
2025-08-01 22:00:00,-11.11,4.45,364.4
2025-08-01 23:00:00,-9.59,2.18,422.4
2025-08-02 00:00:00,-6.47,-1.6,348.9
2025-08-02 01:00:00,-12.56,-1.64,400.6
2025-08-02 02:00:00,-7.44,-1.59,416.3
2025-08-02 03:00:00,-9.67,-1.82,390.6
2025-08-02 04:00:00,-5.82,1.09,474.2
2025-08-02 05:00:00,-5.85,-0.67,385.2
2025-08-02 06:00:00,-5.14,-2.23,382.6
2025-08-02 07:00:00,-7.57,-2.67,406.1
2025-08-02 08:00:00,-10.13,4.6,377.4
2025-08-02 09:00:00,-12.75,1.48,356.8
2025-08-02 10:00:00,-7.89,-1.71,367.1
2025-08-02 11:00:00,-10.0,2.42,422.7
2025-08-02 12:00:00,-12.03,-2.3,390.9
2025-08-02 13:00:00,-7.33,-11.32,836.2
2025-08-02 14:00:00,-38.85,-11.53,771.9
2025-08-02 15:00:00,-56.82,-10.68,806.5
2025-08-02 16:00:00,-80.76,-12.93,800.5
2025-08-02 17:00:00,-115.75,-10.78,771.5
2025-08-02 18:00:00,-133.56,-14.54,758.8
2025-08-02 19:00:00,-158.64,-11.79,733.2
2025-08-02 20:00:00,-165.67,2.67,801.7
2025-08-02 21:00:00,-151.66,2.05,821.1
2025-08-02 22:00:00,-135.69,-1.39,737.4
2025-08-02 23:00:00,-122.99,-3.05,774.0
2025-08-03 00:00:00,-117.77,-4.37,765.1
2025-08-03 01:00:00,-111.38,1.23,801.7
2025-08-03 02:00:00,-104.8,0.56,775.3
2025-08-03 03:00:00,-92.64,0.77,824.8
2025-08-03 04:00:00,-84.81,3.38,773.6
2025-08-03 05:00:00,-87.22,0.31,748.0
2025-08-03 06:00:00,-86.32,0.46,771.1
2025-08-03 07:00:00,-82.13,-2.79,774.4
2025-08-03 08:00:00,-68.0,3.25,415.8
2025-08-03 09:00:00,-68.8,-0.33,388.8
2025-08-03 10:00:00,-65.3,-1.63,413.2
2025-08-03 11:00:00,-68.82,0.42,376.3
2025-08-03 12:00:00,-63.62,4.0,391.2
2025-08-03 13:00:00,-60.36,4.27,376.4
2025-08-03 14:00:00,-57.08,-1.94,374.6
2025-08-03 15:00:00,-57.14,2.35,438.2
2025-08-03 16:00:00,-57.23,0.67,378.5
2025-08-03 17:00:00,-54.51,1.98,389.6
2025-08-03 18:00:00,-46.39,0.55,431.3
2025-08-03 19:00:00,-46.95,1.23,422.5
2025-08-03 20:00:00,-43.31,2.64,449.2
2025-08-03 21:00:00,-45.15,-3.5,414.5
2025-08-03 22:00:00,-48.49,0.72,382.0
2025-08-03 23:00:00,-38.31,-2.34,461.7
2025-08-04 00:00:00,-36.48,-0.93,417.5
2025-08-04 01:00:00,-30.06,0.0,395.4
2025-08-04 02:00:00,-18.66,-2.02,401.7
2025-08-04 03:00:00,-24.09,-1.16,405.4
2025-08-04 04:00:00,-15.96,-2.8,392.9
2025-08-04 05:00:00,-20.82,-1.19,358.7
2025-08-04 06:00:00,-23.17,1.02,448.8
2025-08-04 07:00:00,-19.4,1.73,399.3
2025-08-04 08:00:00,-14.66,-1.54,405.5
2025-08-04 09:00:00,-14.42,2.66,462.3
2025-08-04 10:00:00,-21.84,1.15,379.5
2025-08-04 11:00:00,-19.78,2.87,419.7
2025-08-04 12:00:00,-25.39,-3.54,376.2
2025-08-04 13:00:00,-19.23,0.62,409.6
2025-08-04 14:00:00,-17.61,1.22,406.0
2025-08-04 15:00:00,-22.58,-3.44,423.7
2025-08-04 16:00:00,-24.93,4.83,436.2
2025-08-04 17:00:00,-21.82,-1.27,382.6
2025-08-04 18:00:00,-21.32,1.09,442.5
2025-08-04 19:00:00,-21.69,1.85,444.6
2025-08-04 20:00:00,-13.79,0.2,392.5
2025-08-04 21:00:00,-14.06,2.77,399.8
2025-08-04 22:00:00,-9.51,3.99,385.2
2025-08-04 23:00:00,-9.09,-2.22,390.8
2025-08-05 00:00:00,-12.95,0.23,363.9
2025-08-05 01:00:00,-11.74,1.83,423.3
2025-08-05 02:00:00,-8.26,-3.27,338.5
2025-08-05 03:00:00,-4.25,2.13,379.1
2025-08-05 04:00:00,-5.23,3.41,398.6
2025-08-05 05:00:00,-7.1,2.57,439.0
2025-08-05 06:00:00,-4.22,0.88,383.6
2025-08-05 07:00:00,-6.16,3.08,412.8
2025-08-05 08:00:00,-3.03,0.71,397.6
2025-08-05 09:00:00,-5.47,-2.64,428.4
2025-08-05 10:00:00,-8.45,-1.04,411.3
2025-08-05 11:00:00,-8.01,-0.51,424.9
2025-08-05 12:00:00,-6.05,-0.13,383.5
2025-08-05 13:00:00,-13.0,-0.19,369.6
2025-08-05 14:00:00,-11.29,-0.68,411.0
2025-08-05 15:00:00,-13.75,0.44,385.4
2025-08-05 16:00:00,-13.05,3.01,400.9
2025-08-05 17:00:00,-16.79,0.43,409.5
2025-08-05 18:00:00,-14.67,1.26,437.3
2025-08-05 19:00:00,-11.51,-4.39,423.6
2025-08-05 20:00:00,-17.14,0.25,379.6
2025-08-05 21:00:00,-17.52,2.17,365.6
2025-08-05 22:00:00,-16.37,2.49,451.2
2025-08-05 23:00:00,-14.81,2.29,352.5
2025-08-06 00:00:00,-8.21,0.61,386.4
2025-08-06 01:00:00,-12.92,0.83,419.4
2025-08-06 02:00:00,-8.39,-1.35,449.2
2025-08-06 03:00:00,-4.61,1.69,394.3
2025-08-06 04:00:00,-4.42,-1.33,400.8
2025-08-06 05:00:00,-6.33,1.36,373.7
2025-08-06 06:00:00,-4.43,0.08,403.8
2025-08-06 07:00:00,-4.85,0.03,365.5
2025-08-06 08:00:00,-6.34,2.0,377.5
2025-08-06 09:00:00,-7.1,1.12,422.9
2025-08-06 10:00:00,-0.79,0.57,387.0
2025-08-06 11:00:00,-6.28,-1.0,427.5
2025-08-06 12:00:00,-2.56,3.2,395.4
2025-08-06 13:00:00,-12.78,0.67,358.9
2025-08-06 14:00:00,-12.75,1.49,435.1
2025-08-06 15:00:00,-17.53,0.16,360.5
2025-08-06 16:00:00,-16.76,-1.39,381.9
2025-08-06 17:00:00,-9.12,0.71,394.0
2025-08-06 18:00:00,-16.57,-1.19,430.2
2025-08-06 19:00:00,-9.07,0.88,384.2
2025-08-06 20:00:00,-18.06,-6.53,372.2
2025-08-06 21:00:00,-16.7,-0.8,404.9
2025-08-06 22:00:00,-13.52,-0.03,393.6
2025-08-06 23:00:00,-11.49,-1.91,386.0
2025-08-07 00:00:00,-7.23,0.73,406.5
2025-08-07 01:00:00,-7.35,-0.84,363.9
2025-08-07 02:00:00,-8.75,-0.01,348.3
2025-08-07 03:00:00,-6.86,-1.1,464.2
2025-08-07 04:00:00,-6.63,1.94,403.1
2025-08-07 05:00:00,-7.91,1.09,405.2
2025-08-07 06:00:00,-7.66,0.6,376.5
2025-08-07 07:00:00,-2.09,0.12,426.9
2025-08-07 08:00:00,-11.15,5.06,384.0
2025-08-07 09:00:00,-1.61,-0.31,316.4
2025-08-07 10:00:00,-8.53,-1.39,383.0
2025-08-07 11:00:00,-11.02,-2.35,391.6
2025-08-07 12:00:00,-7.78,1.81,394.9
2025-08-07 13:00:00,-6.84,3.26,394.0
2025-08-07 14:00:00,-9.15,-1.7,380.7
2025-08-07 15:00:00,-12.03,-0.57,377.8
2025-08-07 16:00:00,-11.07,-0.72,391.1
2025-08-07 17:00:00,-19.98,-0.25,350.6
2025-08-07 18:00:00,-16.57,-3.54,341.3
2025-08-07 19:00:00,-17.56,1.61,402.9
2025-08-07 20:00:00,-10.66,2.38,403.4
2025-08-07 21:00:00,-14.69,-3.81,426.4
2025-08-07 22:00:00,-9.96,3.52,392.3
2025-08-07 23:00:00,-9.69,3.24,364.2
2025-08-08 00:00:00,-12.59,-6.14,341.8
2025-08-08 01:00:00,-10.47,-4.35,373.3
2025-08-08 02:00:00,-3.62,-0.27,412.7
2025-08-08 03:00:00,-8.79,2.63,443.2
2025-08-08 04:00:00,-5.3,0.58,401.6
2025-08-08 05:00:00,-7.52,0.04,363.6
2025-08-08 06:00:00,-5.94,1.15,373.6
2025-08-08 07:00:00,-5.31,-1.62,374.5
2025-08-08 08:00:00,-8.02,2.55,387.8
2025-08-08 09:00:00,-9.35,-0.21,433.6
2025-08-08 10:00:00,-6.64,-3.27,436.0
2025-08-08 11:00:00,-11.24,-1.59,394.8
2025-08-08 12:00:00,-12.43,0.74,405.5
2025-08-08 13:00:00,-14.11,-0.58,376.1
2025-08-08 14:00:00,-12.73,-0.79,348.7
2025-08-08 15:00:00,-10.7,0.41,453.7
2025-08-08 16:00:00,-9.81,0.72,330.3
2025-08-08 17:00:00,-17.01,-2.46,344.9
2025-08-08 18:00:00,-8.55,2.45,453.9
2025-08-08 19:00:00,-17.84,-0.26,400.5
2025-08-08 20:00:00,-11.08,0.84,366.2
2025-08-08 21:00:00,-15.7,0.19,420.5
2025-08-08 22:00:00,-15.11,-0.82,423.2
2025-08-08 23:00:00,-13.53,1.82,360.0
2025-08-09 00:00:00,-10.16,0.16,384.0
2025-08-09 01:00:00,-6.97,0.15,426.3
2025-08-09 02:00:00,-5.49,-4.98,375.5
2025-08-09 03:00:00,-9.3,1.64,408.5
2025-08-09 04:00:00,-8.64,-0.34,442.7
2025-08-09 05:00:00,-7.92,1.51,328.2
2025-08-09 06:00:00,-5.33,3.29,389.8
2025-08-09 07:00:00,-5.8,1.65,407.8
2025-08-09 08:00:00,-8.52,0.11,346.2
2025-08-09 09:00:00,-5.66,-0.57,384.1
2025-08-09 10:00:00,-0.71,5.05,431.3
2025-08-09 11:00:00,-10.22,0.97,378.9
2025-08-09 12:00:00,-11.3,0.42,355.5
2025-08-09 13:00:00,-9.62,-0.37,433.9
2025-08-09 14:00:00,-14.18,-1.79,413.3
2025-08-09 15:00:00,-11.53,-3.9,397.9
2025-08-09 16:00:00,-16.49,3.04,397.0
2025-08-09 17:00:00,-9.33,-1.56,430.8
2025-08-09 18:00:00,-13.97,-0.38,408.8
2025-08-09 19:00:00,-16.69,-0.21,419.4
2025-08-09 20:00:00,-16.1,2.87,379.2
2025-08-09 21:00:00,-15.08,-1.53,342.5
2025-08-09 22:00:00,-8.38,0.51,418.7
2025-08-09 23:00:00,-15.1,1.02,433.0
2025-08-10 00:00:00,-12.0,-2.77,393.3
2025-08-10 01:00:00,-10.39,-2.96,426.6
2025-08-10 02:00:00,-7.55,-1.43,389.9
2025-08-10 03:00:00,-7.28,0.49,397.3
2025-08-10 04:00:00,-10.14,0.23,452.6
2025-08-10 05:00:00,-6.37,-0.24,391.3
2025-08-10 06:00:00,-5.3,1.3,389.5
2025-08-10 07:00:00,-7.05,-1.71,343.9
2025-08-10 08:00:00,-3.61,-0.34,420.7
2025-08-10 09:00:00,-3.71,-0.23,378.7
2025-08-10 10:00:00,-7.74,-1.66,404.4
2025-08-10 11:00:00,-8.01,4.6,390.5
2025-08-10 12:00:00,-16.48,-4.32,386.6
2025-08-10 13:00:00,-12.56,2.48,396.5
2025-08-10 14:00:00,-9.49,1.6,398.8
2025-08-10 15:00:00,-14.81,1.62,435.3
2025-08-10 16:00:00,-16.54,0.19,445.6
2025-08-10 17:00:00,-8.0,2.67,419.5
2025-08-10 18:00:00,-9.54,-0.9,438.1
2025-08-10 19:00:00,-13.43,0.78,425.6
2025-08-10 20:00:00,-10.91,0.15,414.8
2025-08-10 21:00:00,-20.21,-0.46,443.7
2025-08-10 22:00:00,-14.86,0.24,360.7
2025-08-10 23:00:00,-12.7,-1.9,379.5
2025-08-11 00:00:00,-10.71,-1.33,375.4
2025-08-11 01:00:00,-10.18,3.16,391.0
2025-08-11 02:00:00,-15.15,5.76,420.6
2025-08-11 03:00:00,-5.31,1.04,366.5
2025-08-11 04:00:00,-4.04,1.67,415.1
2025-08-11 05:00:00,-0.36,0.5,382.4
2025-08-11 06:00:00,-7.36,0.91,389.6
2025-08-11 07:00:00,-7.78,1.09,406.0
2025-08-11 08:00:00,-13.71,2.07,450.4
2025-08-11 09:00:00,-7.35,3.07,378.6
2025-08-11 10:00:00,-4.8,-1.77,397.6
2025-08-11 11:00:00,-10.54,5.66,367.7
2025-08-11 12:00:00,-3.57,0.28,378.3
2025-08-11 13:00:00,-12.06,0.28,367.4
2025-08-11 14:00:00,-12.06,-0.83,407.3
2025-08-11 15:00:00,-17.62,-0.82,412.8
2025-08-11 16:00:00,-13.47,1.23,420.6
2025-08-11 17:00:00,-20.77,1.27,377.4
2025-08-11 18:00:00,-12.92,1.13,415.2
2025-08-11 19:00:00,-12.66,-0.91,403.4
2025-08-11 20:00:00,-10.25,-5.4,398.3
2025-08-11 21:00:00,-16.6,-3.59,362.8
2025-08-11 22:00:00,-12.02,0.03,404.6
2025-08-11 23:00:00,-9.6,0.67,405.5
2025-08-12 00:00:00,-8.67,-0.84,403.1
2025-08-12 01:00:00,-11.3,-1.39,412.0
2025-08-12 02:00:00,-14.68,0.59,420.8
2025-08-12 03:00:00,-5.42,-0.22,367.1
2025-08-12 04:00:00,-6.13,-0.95,393.5
2025-08-12 05:00:00,-6.87,-3.23,415.5
2025-08-12 06:00:00,-2.71,-1.69,391.9
2025-08-12 07:00:00,-5.31,1.87,428.8
2025-08-12 08:00:00,-9.63,-1.93,402.7
2025-08-12 09:00:00,-12.26,1.33,341.4
2025-08-12 10:00:00,-10.89,2.77,425.2
2025-08-12 11:00:00,-1.53,-1.58,396.5
2025-08-12 12:00:00,-7.83,-0.89,346.9
2025-08-12 13:00:00,-10.73,1.97,392.4
2025-08-12 14:00:00,-13.04,2.47,361.9
2025-08-12 15:00:00,-14.28,-1.29,422.6
2025-08-12 16:00:00,-10.83,-3.24,398.9
2025-08-12 17:00:00,-16.3,2.51,372.3
2025-08-12 18:00:00,-13.27,1.17,424.3
2025-08-12 19:00:00,-15.87,0.8,413.8
2025-08-12 20:00:00,-8.51,1.83,392.9
2025-08-12 21:00:00,-11.31,-2.37,362.6
2025-08-12 22:00:00,-8.76,0.78,374.7
2025-08-12 23:00:00,-13.05,-0.57,374.3
2025-08-13 00:00:00,-6.83,1.21,422.4
2025-08-13 01:00:00,-9.64,1.6,349.6
2025-08-13 02:00:00,-7.17,1.95,398.6
2025-08-13 03:00:00,-1.56,1.2,392.5
2025-08-13 04:00:00,-8.8,0.5,431.1
2025-08-13 05:00:00,-4.56,0.57,407.0
2025-08-13 06:00:00,-3.69,0.73,416.1
2025-08-13 07:00:00,-3.61,-1.25,384.2
2025-08-13 08:00:00,-7.02,-0.74,363.1
2025-08-13 09:00:00,-0.21,0.8,390.2
2025-08-13 10:00:00,-11.38,1.3,423.3
2025-08-13 11:00:00,-4.33,-1.3,423.2
2025-08-13 12:00:00,-6.35,-2.15,387.1
2025-08-13 13:00:00,-5.59,-3.35,374.2
2025-08-13 14:00:00,-17.26,-2.52,368.3
2025-08-13 15:00:00,-16.14,-1.08,395.9
2025-08-13 16:00:00,-9.85,-0.89,404.1
2025-08-13 17:00:00,-20.46,-0.57,444.2
2025-08-13 18:00:00,-19.82,-2.41,403.7
2025-08-13 19:00:00,-16.29,-3.63,418.4
2025-08-13 20:00:00,-13.75,0.25,376.6
2025-08-13 21:00:00,-8.76,0.25,401.3
2025-08-13 22:00:00,-13.06,1.24,404.2
2025-08-13 23:00:00,-13.12,1.63,395.8
2025-08-14 00:00:00,-9.07,0.78,399.3
2025-08-14 01:00:00,-7.3,0.23,403.8
2025-08-14 02:00:00,-6.18,1.75,414.4
2025-08-14 03:00:00,-7.0,2.85,435.1
2025-08-14 04:00:00,-11.54,-1.35,332.0
2025-08-14 05:00:00,-7.92,1.54,433.4
2025-08-14 06:00:00,-0.74,-1.25,348.7
2025-08-14 07:00:00,-4.61,0.44,409.3
2025-08-14 08:00:00,-6.64,2.14,470.7
2025-08-14 09:00:00,-3.11,-0.55,398.7
2025-08-14 10:00:00,-10.89,-1.9,405.4
2025-08-14 11:00:00,-9.38,-0.92,390.7
2025-08-14 12:00:00,-9.59,-1.91,420.0
2025-08-14 13:00:00,-12.62,-2.15,410.9
2025-08-14 14:00:00,-12.2,2.41,379.7
2025-08-14 15:00:00,-14.1,1.06,396.6
2025-08-14 16:00:00,-18.53,-1.44,366.4
2025-08-14 17:00:00,-14.29,-1.97,396.4
2025-08-14 18:00:00,-18.99,-1.83,387.4
2025-08-14 19:00:00,-14.33,-1.44,404.1
2025-08-14 20:00:00,-10.21,2.31,378.7
2025-08-14 21:00:00,-14.38,-0.22,393.6
2025-08-14 22:00:00,-16.01,4.26,400.3
2025-08-14 23:00:00,-11.68,-0.08,402.4
2025-08-15 00:00:00,-12.5,-1.15,408.2
2025-08-15 01:00:00,-6.92,1.86,394.8
2025-08-15 02:00:00,-7.94,-3.34,376.4
2025-08-15 03:00:00,-1.34,0.38,402.5
2025-08-15 04:00:00,-2.18,-2.42,394.6
2025-08-15 05:00:00,-5.63,-4.36,430.7
2025-08-15 06:00:00,-2.85,-0.24,434.5
2025-08-15 07:00:00,-6.35,1.67,358.8
2025-08-15 08:00:00,-5.57,0.43,418.5
2025-08-15 09:00:00,-7.55,0.19,424.5
2025-08-15 10:00:00,-5.2,-5.2,359.6
2025-08-15 11:00:00,-4.41,-0.31,417.4
2025-08-15 12:00:00,-7.6,-0.29,426.9
2025-08-15 13:00:00,-8.53,1.24,371.5
2025-08-15 14:00:00,-9.73,-2.12,392.9
2025-08-15 15:00:00,-11.88,1.66,405.6
2025-08-15 16:00:00,-17.75,-1.02,417.1
2025-08-15 17:00:00,-9.73,-0.6,370.3
2025-08-15 18:00:00,-9.59,1.06,434.7
2025-08-15 19:00:00,-15.53,-2.38,339.1
2025-08-15 20:00:00,-15.44,1.65,439.7
2025-08-15 21:00:00,-11.7,-2.71,416.5
2025-08-15 22:00:00,-10.85,1.31,381.3
2025-08-15 23:00:00,-11.9,-0.47,425.9
2025-08-16 00:00:00,-13.75,-0.31,368.6
2025-08-16 01:00:00,-7.79,-6.13,403.4
2025-08-16 02:00:00,-5.85,-1.18,407.2
2025-08-16 03:00:00,-4.29,-0.42,407.1
2025-08-16 04:00:00,-4.62,3.1,374.8
2025-08-16 05:00:00,-5.98,-0.07,385.1
2025-08-16 06:00:00,-2.02,-1.31,403.8
2025-08-16 07:00:00,-4.97,1.67,378.2
2025-08-16 08:00:00,-7.06,-1.01,408.1
2025-08-16 09:00:00,-7.01,2.06,381.6
2025-08-16 10:00:00,-12.74,0.52,430.0
2025-08-16 11:00:00,-9.25,-1.8,446.9
2025-08-16 12:00:00,-7.93,1.88,391.1
2025-08-16 13:00:00,-10.27,1.2,427.6
2025-08-16 14:00:00,-7.94,1.79,393.6
2025-08-16 15:00:00,-14.32,-0.36,371.9
2025-08-16 16:00:00,-12.87,1.2,387.2
2025-08-16 17:00:00,-12.45,3.84,402.6
2025-08-16 18:00:00,-7.97,0.34,346.4
2025-08-16 19:00:00,-14.4,-0.8,418.8
2025-08-16 20:00:00,-17.46,3.09,402.6
2025-08-16 21:00:00,-10.99,1.33,430.0
2025-08-16 22:00:00,-6.9,-0.9,418.2
2025-08-16 23:00:00,-12.26,3.47,403.6
2025-08-17 00:00:00,-7.48,-2.41,389.3
2025-08-17 01:00:00,-5.02,1.06,445.7
2025-08-17 02:00:00,-4.45,2.29,465.1
2025-08-17 03:00:00,-6.09,2.14,389.8
2025-08-17 04:00:00,-7.77,-1.8,431.3
2025-08-17 05:00:00,-5.41,-2.48,378.8
2025-08-17 06:00:00,-3.62,0.46,382.4
2025-08-17 07:00:00,-2.45,1.41,388.4
2025-08-17 08:00:00,-4.67,-2.16,420.5
2025-08-17 09:00:00,-7.6,0.6,367.8
2025-08-17 10:00:00,-5.83,-2.91,446.5
2025-08-17 11:00:00,-6.13,2.12,428.1
2025-08-17 12:00:00,-8.86,-1.14,419.8
2025-08-17 13:00:00,-13.8,-0.33,391.2
2025-08-17 14:00:00,-13.04,1.73,424.9
2025-08-17 15:00:00,-10.69,1.54,312.5
2025-08-17 16:00:00,-18.48,0.95,413.2
2025-08-17 17:00:00,-21.11,2.06,404.8
2025-08-17 18:00:00,-10.48,0.82,343.4
2025-08-17 19:00:00,-13.3,2.9,412.2
2025-08-17 20:00:00,-12.51,-3.42,417.7
2025-08-17 21:00:00,-16.77,-0.12,344.4
2025-08-17 22:00:00,-10.29,-0.2,364.4
2025-08-17 23:00:00,-10.47,-0.44,461.9
2025-08-18 00:00:00,-14.75,0.99,394.4
2025-08-18 01:00:00,-4.43,0.43,429.3
2025-08-18 02:00:00,-7.02,1.65,433.8
2025-08-18 03:00:00,-7.65,-2.37,411.8
2025-08-18 04:00:00,-6.8,4.58,430.5
2025-08-18 05:00:00,-11.22,-0.78,336.6
2025-08-18 06:00:00,-3.22,0.57,393.1
2025-08-18 07:00:00,-4.38,-0.41,307.6
2025-08-18 08:00:00,-6.25,0.16,347.6
2025-08-18 09:00:00,-2.63,-1.07,383.6
2025-08-18 10:00:00,-11.65,0.41,380.0
2025-08-18 11:00:00,-10.5,1.16,401.2
2025-08-18 12:00:00,-12.55,-4.8,399.4
2025-08-18 13:00:00,-12.13,-0.66,404.0
2025-08-18 14:00:00,-12.3,-0.73,405.2
2025-08-18 15:00:00,-12.25,4.64,410.0
2025-08-18 16:00:00,-15.37,1.72,371.2
2025-08-18 17:00:00,-17.46,3.0,378.3
2025-08-18 18:00:00,-9.94,1.12,398.9
2025-08-18 19:00:00,-7.59,0.16,399.4
2025-08-18 20:00:00,-13.9,0.73,367.5
2025-08-18 21:00:00,-15.81,2.25,432.4
2025-08-18 22:00:00,-8.07,3.5,421.7
2025-08-18 23:00:00,-15.63,0.6,374.2
2025-08-19 00:00:00,-11.0,-1.25,393.7
2025-08-19 01:00:00,-10.79,1.85,460.3
2025-08-19 02:00:00,-10.98,-1.71,404.8
2025-08-19 03:00:00,-7.3,0.78,411.9
2025-08-19 04:00:00,-8.26,1.36,381.7
2025-08-19 05:00:00,-5.13,-0.22,390.6
2025-08-19 06:00:00,-4.92,-1.81,445.3
2025-08-19 07:00:00,-7.03,-0.91,403.4
2025-08-19 08:00:00,-6.78,-0.63,397.9
2025-08-19 09:00:00,-7.16,-2.11,400.2
2025-08-19 10:00:00,-5.07,-0.77,476.4
2025-08-19 11:00:00,-9.15,-2.9,401.2
2025-08-19 12:00:00,-7.53,1.18,375.1
2025-08-19 13:00:00,-9.54,0.67,380.3
2025-08-19 14:00:00,-10.79,0.53,423.4
2025-08-19 15:00:00,-9.37,-0.77,357.1
2025-08-19 16:00:00,-17.69,-0.5,413.5
2025-08-19 17:00:00,-16.25,-1.66,378.3
2025-08-19 18:00:00,-9.71,1.01,344.2
2025-08-19 19:00:00,-15.6,-2.72,370.6
2025-08-19 20:00:00,-22.78,0.17,400.8
2025-08-19 21:00:00,-14.14,-1.27,441.9
2025-08-19 22:00:00,-12.1,3.51,427.4
2025-08-19 23:00:00,-19.15,1.05,391.2
2025-08-20 00:00:00,-6.0,-0.0,429.2
2025-08-20 01:00:00,-10.85,-2.21,389.3
2025-08-20 02:00:00,-6.51,-2.73,356.0
2025-08-20 03:00:00,-7.14,0.99,400.6
2025-08-20 04:00:00,-9.53,3.6,354.8
2025-08-20 05:00:00,-8.38,0.82,423.7
2025-08-20 06:00:00,-7.81,0.35,424.2
2025-08-20 07:00:00,-1.91,0.38,373.6
2025-08-20 08:00:00,-6.11,0.21,404.4
2025-08-20 09:00:00,-8.03,0.41,404.1
2025-08-20 10:00:00,-10.3,-1.37,426.2
2025-08-20 11:00:00,-5.12,-1.95,362.6
2025-08-20 12:00:00,-5.61,0.22,418.0
2025-08-20 13:00:00,-7.74,2.99,360.5
2025-08-20 14:00:00,-11.02,1.55,423.3
2025-08-20 15:00:00,-12.67,-2.47,431.9
2025-08-20 16:00:00,-17.98,-0.51,379.9
2025-08-20 17:00:00,-15.57,1.46,436.6
2025-08-20 18:00:00,-17.05,3.03,352.8
2025-08-20 19:00:00,-20.31,3.58,433.0
2025-08-20 20:00:00,-11.16,-0.42,443.2
2025-08-20 21:00:00,-15.62,1.65,410.4
2025-08-20 22:00:00,-8.91,0.5,394.1
2025-08-20 23:00:00,-8.65,-0.24,409.4
2025-08-21 00:00:00,-8.33,0.12,381.9
2025-08-21 01:00:00,-6.87,0.15,478.7
2025-08-21 02:00:00,-9.35,2.35,382.4
2025-08-21 03:00:00,-0.89,-2.81,439.5
2025-08-21 04:00:00,-5.54,0.94,377.8
2025-08-21 05:00:00,-4.26,3.08,447.9
2025-08-21 06:00:00,-6.95,2.86,460.4
2025-08-21 07:00:00,-7.96,1.14,411.6
2025-08-21 08:00:00,-4.24,-1.51,408.6
2025-08-21 09:00:00,-5.81,1.55,371.3
2025-08-21 10:00:00,-9.87,2.65,367.7
2025-08-21 11:00:00,-13.02,-1.03,408.9
2025-08-21 12:00:00,-13.81,0.72,443.7
2025-08-21 13:00:00,-7.71,-0.41,383.6
2025-08-21 14:00:00,-14.34,-1.23,466.2
2025-08-21 15:00:00,-14.55,-0.63,381.7
2025-08-21 16:00:00,-9.98,0.26,406.9
2025-08-21 17:00:00,-18.2,-1.84,407.0
2025-08-21 18:00:00,-17.18,-2.16,397.0
2025-08-21 19:00:00,-17.14,-1.78,338.7
2025-08-21 20:00:00,-9.48,0.66,381.4
2025-08-21 21:00:00,-7.56,-2.93,406.0
2025-08-21 22:00:00,-10.25,-4.43,397.1
2025-08-21 23:00:00,-8.94,2.75,419.1
2025-08-22 00:00:00,-11.74,-2.03,422.7
2025-08-22 01:00:00,-2.86,-0.39,392.8
2025-08-22 02:00:00,-6.7,1.84,371.1
2025-08-22 03:00:00,-3.91,-2.88,446.4
2025-08-22 04:00:00,-5.99,-2.88,359.3
2025-08-22 05:00:00,-5.97,-1.27,382.1
2025-08-22 06:00:00,-0.01,1.92,374.5
2025-08-22 07:00:00,-3.55,-0.04,422.4
2025-08-22 08:00:00,-1.32,-0.02,439.5
2025-08-22 09:00:00,-5.7,-0.59,394.8
2025-08-22 10:00:00,-10.05,1.12,406.9
2025-08-22 11:00:00,-10.46,2.86,412.9
2025-08-22 12:00:00,-9.69,5.97,454.1
2025-08-22 13:00:00,-13.17,-0.3,346.8
2025-08-22 14:00:00,-15.82,3.05,422.3
2025-08-22 15:00:00,-9.93,2.0,411.3
2025-08-22 16:00:00,-15.96,0.53,388.9
2025-08-22 17:00:00,-14.42,-4.42,409.8
2025-08-22 18:00:00,-14.11,-0.76,422.2
2025-08-22 19:00:00,-16.59,-0.68,417.5
2025-08-22 20:00:00,-9.98,0.72,464.8
2025-08-22 21:00:00,-16.89,-0.39,403.8
2025-08-22 22:00:00,-11.72,-1.13,400.8
2025-08-22 23:00:00,-10.56,4.06,394.6
2025-08-23 00:00:00,-10.16,2.62,416.6
2025-08-23 01:00:00,-12.6,-4.05,399.0
2025-08-23 02:00:00,-4.89,-0.56,400.4
2025-08-23 03:00:00,-4.23,1.26,400.5
2025-08-23 04:00:00,-7.7,2.66,396.0
2025-08-23 05:00:00,-3.05,-0.84,381.7
2025-08-23 06:00:00,-3.88,-0.43,412.5
2025-08-23 07:00:00,-9.01,0.19,391.4
2025-08-23 08:00:00,-8.23,1.32,418.4
2025-08-23 09:00:00,-3.05,-3.07,403.3
2025-08-23 10:00:00,-6.57,-4.03,388.4
2025-08-23 11:00:00,-10.4,2.51,446.9
2025-08-23 12:00:00,-12.58,-1.98,396.9
2025-08-23 13:00:00,-12.84,4.25,418.7
2025-08-23 14:00:00,-13.83,-1.73,379.0
2025-08-23 15:00:00,-16.07,-0.37,339.2
2025-08-23 16:00:00,-19.56,0.74,383.0
2025-08-23 17:00:00,-11.41,-4.26,335.9
2025-08-23 18:00:00,-12.09,5.73,392.9
2025-08-23 19:00:00,-18.65,-0.79,444.1
2025-08-23 20:00:00,-13.92,-1.68,372.8
2025-08-23 21:00:00,-16.24,-2.33,336.8
2025-08-23 22:00:00,-13.28,0.72,445.0
2025-08-23 23:00:00,-12.33,0.58,385.7
2025-08-24 00:00:00,-11.28,-2.27,399.5
2025-08-24 01:00:00,-2.7,-2.74,423.6
2025-08-24 02:00:00,-8.82,2.11,415.7
2025-08-24 03:00:00,-8.89,-1.31,422.5
2025-08-24 04:00:00,-7.96,-3.44,427.0
2025-08-24 05:00:00,-2.04,-0.3,347.6
2025-08-24 06:00:00,-9.96,-0.8,357.6
2025-08-24 07:00:00,-7.46,3.9,435.1
2025-08-24 08:00:00,-1.33,-1.04,376.5
2025-08-24 09:00:00,-5.73,-0.62,379.8
2025-08-24 10:00:00,-6.92,0.44,362.1
2025-08-24 11:00:00,-2.31,-1.14,387.9
2025-08-24 12:00:00,-9.26,0.88,389.5
2025-08-24 13:00:00,-13.42,-2.03,371.9
2025-08-24 14:00:00,-13.35,-0.48,368.4
2025-08-24 15:00:00,-16.94,0.81,409.6
2025-08-24 16:00:00,-10.56,2.28,375.8
2025-08-24 17:00:00,-13.11,-1.17,381.8
2025-08-24 18:00:00,-11.63,-1.2,334.4
2025-08-24 19:00:00,-11.19,3.08,458.1
2025-08-24 20:00:00,-15.57,-1.1,428.3
2025-08-24 21:00:00,-16.37,-0.11,385.2
2025-08-24 22:00:00,-12.66,3.43,373.0
2025-08-24 23:00:00,-13.91,0.13,400.3
2025-08-25 00:00:00,-9.51,-0.5,399.5
2025-08-25 01:00:00,-5.31,-0.35,361.7
2025-08-25 02:00:00,-8.0,-1.48,323.5
2025-08-25 03:00:00,-6.01,0.9,384.2
2025-08-25 04:00:00,-5.95,-1.85,353.1
2025-08-25 05:00:00,-2.76,1.56,405.1
2025-08-25 06:00:00,-7.0,0.03,405.3
2025-08-25 07:00:00,-11.76,0.47,370.8
2025-08-25 08:00:00,-4.26,3.46,384.0
2025-08-25 09:00:00,-3.5,-2.9,452.9
2025-08-25 10:00:00,-6.16,0.05,423.3
2025-08-25 11:00:00,-10.63,1.28,386.4
2025-08-25 12:00:00,-13.41,-1.23,468.8
2025-08-25 13:00:00,-9.81,1.9,364.1
2025-08-25 14:00:00,-12.08,-1.09,375.6
2025-08-25 15:00:00,-13.91,0.58,396.7
2025-08-25 16:00:00,-8.86,-0.25,354.1
2025-08-25 17:00:00,-17.67,0.32,453.7
2025-08-25 18:00:00,-9.67,0.15,405.5
2025-08-25 19:00:00,-14.73,-0.06,376.3
2025-08-25 20:00:00,-19.84,-0.95,413.4
2025-08-25 21:00:00,-14.07,-1.33,404.4
2025-08-25 22:00:00,-9.62,0.63,390.9
2025-08-25 23:00:00,-12.39,0.11,363.7
2025-08-26 00:00:00,-14.42,-1.38,356.9
2025-08-26 01:00:00,-9.2,0.69,465.6
2025-08-26 02:00:00,-10.07,-0.93,359.4
2025-08-26 03:00:00,-4.99,3.11,450.9
2025-08-26 04:00:00,-3.35,4.98,374.7
2025-08-26 05:00:00,-8.34,2.78,423.7
2025-08-26 06:00:00,-7.12,2.67,414.0
2025-08-26 07:00:00,-2.9,1.63,420.0
2025-08-26 08:00:00,-8.25,-0.42,422.0
2025-08-26 09:00:00,-9.71,-3.8,351.7
2025-08-26 10:00:00,-11.04,-2.05,379.7
2025-08-26 11:00:00,-7.65,-1.35,359.0
2025-08-26 12:00:00,-9.07,2.42,405.7
2025-08-26 13:00:00,-13.35,0.51,360.3
2025-08-26 14:00:00,-12.48,-1.32,340.6
2025-08-26 15:00:00,-8.95,-3.69,392.9
2025-08-26 16:00:00,-17.25,4.64,333.7
2025-08-26 17:00:00,-20.68,1.07,407.8
2025-08-26 18:00:00,-13.63,1.82,362.3
2025-08-26 19:00:00,-15.16,-1.07,374.8
2025-08-26 20:00:00,-16.46,-0.28,331.6
2025-08-26 21:00:00,-11.58,-0.69,449.5
2025-08-26 22:00:00,-9.98,0.13,356.1
2025-08-26 23:00:00,-17.92,3.69,389.1
2025-08-27 00:00:00,-11.96,-2.41,346.2
2025-08-27 01:00:00,-1.75,-0.08,374.9
2025-08-27 02:00:00,-5.75,0.72,452.6
2025-08-27 03:00:00,-4.44,-0.23,408.9
2025-08-27 04:00:00,-2.15,1.99,378.3
2025-08-27 05:00:00,-5.12,-3.47,399.0
2025-08-27 06:00:00,-2.61,3.77,383.2
2025-08-27 07:00:00,-3.02,-2.74,397.2
2025-08-27 08:00:00,-4.05,-2.26,422.3
2025-08-27 09:00:00,-7.43,-0.9,390.1
2025-08-27 10:00:00,-6.98,-1.3,406.6
2025-08-27 11:00:00,-10.47,0.85,407.1
2025-08-27 12:00:00,-9.96,0.62,390.2
2025-08-27 13:00:00,-14.8,0.23,377.9
2025-08-27 14:00:00,-14.87,-2.84,384.2
2025-08-27 15:00:00,-14.38,-0.28,421.0
2025-08-27 16:00:00,-17.16,0.04,423.5
2025-08-27 17:00:00,-16.34,2.46,365.9
2025-08-27 18:00:00,-15.49,0.4,392.2
2025-08-27 19:00:00,-13.62,0.77,377.4
2025-08-27 20:00:00,-11.48,3.92,424.0
2025-08-27 21:00:00,-14.93,-2.32,385.9
2025-08-27 22:00:00,-8.49,-0.78,466.0
2025-08-27 23:00:00,-8.48,-2.27,406.5
2025-08-28 00:00:00,-8.49,3.21,435.5
2025-08-28 01:00:00,-8.24,3.35,369.6
2025-08-28 02:00:00,-6.54,3.06,400.4
2025-08-28 03:00:00,-2.9,1.09,418.5
2025-08-28 04:00:00,-2.0,0.76,369.0
2025-08-28 05:00:00,-1.17,-0.92,400.6
2025-08-28 06:00:00,-4.88,1.54,431.6
2025-08-28 07:00:00,-3.51,-2.56,390.2
2025-08-28 08:00:00,-1.64,-2.57,374.4
2025-08-28 09:00:00,-8.34,-0.84,454.1
2025-08-28 10:00:00,-8.46,3.77,364.8
2025-08-28 11:00:00,-8.66,-1.03,404.7
2025-08-28 12:00:00,-7.3,-0.76,378.8
2025-08-28 13:00:00,-8.55,0.58,371.9
2025-08-28 14:00:00,-13.19,1.8,422.2
2025-08-28 15:00:00,-18.06,2.5,393.8
2025-08-28 16:00:00,-13.59,-2.24,412.2
2025-08-28 17:00:00,-17.58,-0.19,332.3
2025-08-28 18:00:00,-19.47,0.45,415.1
2025-08-28 19:00:00,-18.62,0.65,378.4
2025-08-28 20:00:00,-13.35,1.73,343.6
2025-08-28 21:00:00,-9.45,1.64,456.5
2025-08-28 22:00:00,-12.38,0.05,418.0
2025-08-28 23:00:00,-10.66,2.3,406.8
2025-08-29 00:00:00,-6.45,1.94,437.5
2025-08-29 01:00:00,-13.34,1.78,407.4
2025-08-29 02:00:00,-5.94,-1.06,376.0
2025-08-29 03:00:00,-6.5,1.43,394.8
2025-08-29 04:00:00,-3.97,2.41,379.6
2025-08-29 05:00:00,-6.62,-1.03,385.0
2025-08-29 06:00:00,-7.45,0.26,362.3
2025-08-29 07:00:00,-4.75,3.13,370.9
2025-08-29 08:00:00,-0.72,0.79,426.8
2025-08-29 09:00:00,-3.88,-0.18,410.0
2025-08-29 10:00:00,-9.02,2.92,384.9
2025-08-29 11:00:00,-12.73,-0.94,369.2
2025-08-29 12:00:00,-15.05,-3.39,387.8
2025-08-29 13:00:00,-7.35,-1.56,349.5
2025-08-29 14:00:00,-15.37,2.27,403.8
2025-08-29 15:00:00,-14.51,1.04,428.4
2025-08-29 16:00:00,-10.37,0.14,471.0
2025-08-29 17:00:00,-19.67,2.12,366.9
2025-08-29 18:00:00,-10.52,0.33,427.1
2025-08-29 19:00:00,-15.59,-0.44,378.8
2025-08-29 20:00:00,-17.78,1.67,366.1
2025-08-29 21:00:00,-14.28,-0.76,366.1
2025-08-29 22:00:00,-14.67,0.98,404.2
2025-08-29 23:00:00,-9.97,-1.59,372.1
2025-08-30 00:00:00,-11.94,-2.11,381.8
2025-08-30 01:00:00,-14.44,-1.73,386.8
2025-08-30 02:00:00,-8.16,-0.05,377.8
2025-08-30 03:00:00,-10.53,-1.3,375.6
2025-08-30 04:00:00,-5.06,-1.24,327.1
2025-08-30 05:00:00,-8.73,-0.31,402.6
2025-08-30 06:00:00,-6.46,-0.14,402.0
2025-08-30 07:00:00,-4.62,-3.1,376.1
2025-08-30 08:00:00,-6.31,-5.04,410.8
2025-08-30 09:00:00,-5.71,0.8,441.9
2025-08-30 10:00:00,-5.46,0.28,400.7
2025-08-30 11:00:00,-12.18,-2.74,439.9
2025-08-30 12:00:00,-10.19,0.87,467.1
2025-08-30 13:00:00,-21.28,0.87,475.9
2025-08-30 14:00:00,-11.76,-0.6,364.4
2025-08-30 15:00:00,-14.44,3.92,364.5
2025-08-30 16:00:00,-17.28,2.54,386.7
2025-08-30 17:00:00,-13.88,-0.8,403.9
2025-08-30 18:00:00,-11.48,-0.76,447.6
2025-08-30 19:00:00,-16.26,-2.92,418.8
2025-08-30 20:00:00,-17.16,2.45,363.9
2025-08-30 21:00:00,-13.04,0.49,381.7
2025-08-30 22:00:00,-16.51,1.65,398.7
2025-08-30 23:00:00,-13.28,-4.27,355.3
2025-08-31 00:00:00,-6.33,1.56,400.4
2025-08-31 01:00:00,-8.52,-1.02,364.3
2025-08-31 02:00:00,-13.14,1.17,350.5
2025-08-31 03:00:00,-11.86,1.04,371.6
2025-08-31 04:00:00,-5.18,-0.04,412.3
2025-08-31 05:00:00,-2.58,-1.39,412.1
2025-08-31 06:00:00,-9.85,0.8,402.9
2025-08-31 07:00:00,-3.82,-1.67,429.7
2025-08-31 08:00:00,-1.68,2.1,426.6
2025-08-31 09:00:00,-0.8,-1.44,406.1
2025-08-31 10:00:00,-6.51,0.05,402.0
2025-08-31 11:00:00,-7.19,-1.49,403.9
2025-08-31 12:00:00,-16.4,0.32,395.6
2025-08-31 13:00:00,-4.99,-2.06,334.8
2025-08-31 14:00:00,-14.23,-1.62,434.1
2025-08-31 15:00:00,-16.34,4.59,411.9
2025-08-31 16:00:00,-15.1,1.69,363.5
2025-08-31 17:00:00,-10.29,0.74,442.8
2025-08-31 18:00:00,-8.38,1.03,382.3
2025-08-31 19:00:00,-14.45,0.61,396.8
2025-08-31 20:00:00,-11.34,-0.18,430.7
2025-08-31 21:00:00,-13.41,1.51,406.6
2025-08-31 22:00:00,-15.61,-1.65,440.1
2025-08-31 23:00:00,-6.86,3.19,389.4
2025-09-01 00:00:00,-11.87,0.24,450.7
2025-09-01 01:00:00,-4.1,1.6,376.7
2025-09-01 02:00:00,-3.6,3.15,439.5
2025-09-01 03:00:00,-4.62,0.98,332.0
2025-09-01 04:00:00,-0.18,-1.62,367.0
2025-09-01 05:00:00,1.53,2.44,408.9
2025-09-01 06:00:00,-5.53,3.39,388.0
2025-09-01 07:00:00,-7.6,-3.89,397.8
2025-09-01 08:00:00,-11.26,-0.2,401.2
2025-09-01 09:00:00,0.27,0.58,364.3
2025-09-01 10:00:00,-8.82,-0.53,366.5
2025-09-01 11:00:00,-5.3,-2.49,407.0
2025-09-01 12:00:00,-12.22,-1.77,380.0
2025-09-01 13:00:00,-6.68,-3.7,440.2
2025-09-01 14:00:00,-14.6,1.91,394.2
2025-09-01 15:00:00,-17.11,2.75,421.6
2025-09-01 16:00:00,-14.96,2.72,413.3
2025-09-01 17:00:00,-16.42,-0.06,382.0
2025-09-01 18:00:00,-13.21,0.54,340.6
2025-09-01 19:00:00,-14.98,2.14,435.5
2025-09-01 20:00:00,-12.45,-0.47,370.6
2025-09-01 21:00:00,-14.41,-1.9,387.9
2025-09-01 22:00:00,-14.5,-1.14,395.5
2025-09-01 23:00:00,-13.04,0.35,398.5
2025-09-02 00:00:00,-3.87,-1.43,428.9
2025-09-02 01:00:00,-8.03,0.95,400.2
2025-09-02 02:00:00,-13.45,-2.71,396.2
2025-09-02 03:00:00,-8.03,-0.49,430.6
2025-09-02 04:00:00,-5.38,0.81,418.0
2025-09-02 05:00:00,0.37,0.27,377.9
2025-09-02 06:00:00,-1.91,-1.47,365.6
2025-09-02 07:00:00,-7.94,1.47,375.3
2025-09-02 08:00:00,1.59,0.52,398.5
2025-09-02 09:00:00,-6.56,-4.18,362.6
2025-09-02 10:00:00,-3.76,0.91,402.7
2025-09-02 11:00:00,-12.17,-0.84,396.1
2025-09-02 12:00:00,-17.19,-1.05,323.7
2025-09-02 13:00:00,-15.52,-1.66,357.8
2025-09-02 14:00:00,-22.25,-2.01,313.4
2025-09-02 15:00:00,-7.2,0.41,389.7
2025-09-02 16:00:00,-13.69,1.09,432.2
2025-09-02 17:00:00,-17.6,0.31,343.3
2025-09-02 18:00:00,-13.64,1.9,360.3
2025-09-02 19:00:00,-14.26,1.16,395.1
2025-09-02 20:00:00,-12.47,-4.01,368.1
2025-09-02 21:00:00,-9.91,-1.83,367.9
2025-09-02 22:00:00,-13.37,2.38,416.2
2025-09-02 23:00:00,-13.93,-2.54,385.2
2025-09-03 00:00:00,-7.52,-5.47,355.4
2025-09-03 01:00:00,-6.3,3.66,337.4
2025-09-03 02:00:00,-7.2,0.59,466.3
2025-09-03 03:00:00,0.07,-1.37,433.8
2025-09-03 04:00:00,-6.98,-1.7,386.5
2025-09-03 05:00:00,-7.87,1.26,402.6
2025-09-03 06:00:00,-3.75,0.96,385.3
2025-09-03 07:00:00,-7.2,0.65,415.3
2025-09-03 08:00:00,-4.18,-0.38,374.4
2025-09-03 09:00:00,-8.96,-2.56,383.7
2025-09-03 10:00:00,-8.7,-0.07,413.7
2025-09-03 11:00:00,-3.03,2.13,443.6
2025-09-03 12:00:00,-11.22,-1.08,422.2
2025-09-03 13:00:00,-13.69,1.2,437.0
2025-09-03 14:00:00,-8.99,-0.81,390.6
2025-09-03 15:00:00,-16.69,1.6,381.3
2025-09-03 16:00:00,-16.41,-1.96,341.8
2025-09-03 17:00:00,-13.1,0.03,402.2
2025-09-03 18:00:00,-12.18,0.91,411.4
2025-09-03 19:00:00,-11.17,-1.35,391.0
2025-09-03 20:00:00,-16.57,0.73,376.7
2025-09-03 21:00:00,-11.75,-0.06,437.3
2025-09-03 22:00:00,-13.9,-0.09,419.0
2025-09-03 23:00:00,-13.11,-1.36,439.4
2025-09-04 00:00:00,-6.39,1.99,371.4
2025-09-04 01:00:00,-10.35,-1.89,378.8
2025-09-04 02:00:00,-6.67,0.56,436.1
2025-09-04 03:00:00,-6.0,-1.7,398.6
2025-09-04 04:00:00,-8.88,-0.13,382.9
2025-09-04 05:00:00,-2.27,1.29,385.0
2025-09-04 06:00:00,-3.32,-0.58,399.7
2025-09-04 07:00:00,-11.13,-6.15,430.1
2025-09-04 08:00:00,-4.84,-2.69,395.2
2025-09-04 09:00:00,-8.78,-4.32,423.7
2025-09-04 10:00:00,-4.21,0.14,414.0
2025-09-04 11:00:00,-13.04,-0.01,373.6
2025-09-04 12:00:00,-11.07,-0.7,373.6
2025-09-04 13:00:00,-10.21,-1.25,386.5
2025-09-04 14:00:00,-12.34,0.44,359.9
2025-09-04 15:00:00,-11.25,-2.89,384.6
2025-09-04 16:00:00,-18.89,1.91,445.4
2025-09-04 17:00:00,-9.87,0.15,399.1
2025-09-04 18:00:00,-13.42,-1.89,377.0
2025-09-04 19:00:00,-10.75,-0.84,457.5
2025-09-04 20:00:00,-11.71,-0.26,372.1
2025-09-04 21:00:00,-13.57,-2.76,371.1
2025-09-04 22:00:00,-16.35,1.34,436.9
2025-09-04 23:00:00,-12.98,1.93,419.8
2025-09-05 00:00:00,-5.23,0.23,396.1
2025-09-05 01:00:00,-4.55,1.88,425.0
2025-09-05 02:00:00,-9.36,5.3,409.0
2025-09-05 03:00:00,-14.92,-3.76,364.4
2025-09-05 04:00:00,-6.31,0.1,328.1
2025-09-05 05:00:00,-6.03,-2.69,383.0
2025-09-05 06:00:00,-5.75,3.12,432.5
2025-09-05 07:00:00,-3.58,0.49,387.1
2025-09-05 08:00:00,-3.04,-1.4,413.8
2025-09-05 09:00:00,-3.49,-0.52,405.5
2025-09-05 10:00:00,-6.16,2.67,349.2
2025-09-05 11:00:00,-14.11,0.9,387.8
2025-09-05 12:00:00,-11.02,1.16,410.8
2025-09-05 13:00:00,-4.38,2.98,376.4
2025-09-05 14:00:00,-11.38,1.91,389.1
2025-09-05 15:00:00,-12.43,2.25,411.8
2025-09-05 16:00:00,-13.25,-0.25,402.2
2025-09-05 17:00:00,-13.58,-4.51,431.4
2025-09-05 18:00:00,-22.15,0.21,411.5
2025-09-05 19:00:00,-15.55,-1.33,371.3
2025-09-05 20:00:00,-14.44,1.58,385.7
2025-09-05 21:00:00,-9.69,-3.54,400.6
2025-09-05 22:00:00,-12.36,1.66,440.2
2025-09-05 23:00:00,-16.23,0.38,385.8
2025-09-06 00:00:00,-8.71,0.71,348.0
2025-09-06 01:00:00,-11.12,1.24,413.2
2025-09-06 02:00:00,-11.15,-0.06,377.3
2025-09-06 03:00:00,-8.97,-0.67,361.4
2025-09-06 04:00:00,-4.04,2.27,400.6
2025-09-06 05:00:00,-1.39,1.19,429.2
2025-09-06 06:00:00,-3.55,1.38,382.8
2025-09-06 07:00:00,-3.27,-0.17,414.9
2025-09-06 08:00:00,-4.25,0.22,420.5
2025-09-06 09:00:00,-6.16,-0.03,423.8
2025-09-06 10:00:00,-5.41,-3.49,378.0
2025-09-06 11:00:00,-15.96,-2.76,366.4
2025-09-06 12:00:00,-9.67,-0.25,370.5
2025-09-06 13:00:00,-14.43,-3.75,423.7
2025-09-06 14:00:00,-9.01,-0.22,420.0
2025-09-06 15:00:00,-13.98,-1.79,371.3
2025-09-06 16:00:00,-14.24,-0.15,464.0
2025-09-06 17:00:00,-19.34,0.34,367.7
2025-09-06 18:00:00,-11.95,-3.72,430.0
2025-09-06 19:00:00,-12.95,0.65,445.6
2025-09-06 20:00:00,-12.66,-0.9,403.3
2025-09-06 21:00:00,-15.97,-4.65,376.9
2025-09-06 22:00:00,-14.82,-0.92,377.6
2025-09-06 23:00:00,-10.62,0.76,392.1
2025-09-07 00:00:00,-12.08,-0.81,432.4
2025-09-07 01:00:00,-7.4,-0.93,364.0
2025-09-07 02:00:00,-13.98,0.31,344.8
2025-09-07 03:00:00,-7.93,-0.96,410.9
2025-09-07 04:00:00,-0.28,-0.53,417.4
2025-09-07 05:00:00,-3.85,-2.65,459.0
2025-09-07 06:00:00,-4.5,-1.04,358.5
2025-09-07 07:00:00,0.79,3.77,396.0
2025-09-07 08:00:00,-12.68,0.36,434.9
2025-09-07 09:00:00,-8.91,0.54,403.6
2025-09-07 10:00:00,-8.7,-1.29,394.1
2025-09-07 11:00:00,-6.13,-0.79,423.7
2025-09-07 12:00:00,-7.37,-0.46,382.0
2025-09-07 13:00:00,-13.89,1.75,425.5
2025-09-07 14:00:00,-9.51,2.4,362.4
2025-09-07 15:00:00,-14.75,-0.91,354.4
2025-09-07 16:00:00,-10.7,-0.05,391.8
2025-09-07 17:00:00,-17.93,-0.47,323.1
2025-09-07 18:00:00,-15.37,1.52,402.5
2025-09-07 19:00:00,-16.3,0.94,348.0
2025-09-07 20:00:00,-11.16,-0.18,408.5
2025-09-07 21:00:00,-15.1,2.02,405.6
2025-09-07 22:00:00,-12.63,1.04,398.0
2025-09-07 23:00:00,-9.77,-1.54,413.1
2025-09-08 00:00:00,-8.36,0.02,406.1
2025-09-08 01:00:00,-6.05,-0.35,391.2
2025-09-08 02:00:00,-6.87,-1.98,454.9
2025-09-08 03:00:00,-7.72,-0.45,411.8
2025-09-08 04:00:00,-6.72,2.28,423.2
2025-09-08 05:00:00,-5.09,2.19,432.2
2025-09-08 06:00:00,-4.25,1.83,420.0
2025-09-08 07:00:00,-5.61,1.56,461.9
2025-09-08 08:00:00,-5.61,0.42,405.0
2025-09-08 09:00:00,-11.02,-1.2,399.8
2025-09-08 10:00:00,-5.5,1.13,380.5
2025-09-08 11:00:00,-8.16,-3.29,392.3
2025-09-08 12:00:00,-6.99,-1.34,378.1
2025-09-08 13:00:00,-11.29,2.21,420.3
2025-09-08 14:00:00,-17.72,-0.98,372.6
2025-09-08 15:00:00,-14.61,1.28,402.2
2025-09-08 16:00:00,-14.93,-0.73,416.8
2025-09-08 17:00:00,-12.6,1.1,404.5
2025-09-08 18:00:00,-21.21,-3.08,373.1
2025-09-08 19:00:00,-14.71,2.54,421.0
2025-09-08 20:00:00,-12.79,-2.23,397.4
2025-09-08 21:00:00,-15.52,-2.72,313.8
2025-09-08 22:00:00,-12.28,2.44,370.5
2025-09-08 23:00:00,-13.18,-0.01,442.0
2025-09-09 00:00:00,-12.19,-0.61,444.5
2025-09-09 01:00:00,-9.93,3.14,415.8
2025-09-09 02:00:00,-9.63,1.46,423.5
2025-09-09 03:00:00,-4.41,-0.9,376.7
2025-09-09 04:00:00,-7.87,-0.27,392.2
2025-09-09 05:00:00,-7.88,2.15,437.1
2025-09-09 06:00:00,0.3,-1.93,412.8
2025-09-09 07:00:00,-2.29,2.89,401.9
2025-09-09 08:00:00,-11.25,-0.89,394.4
2025-09-09 09:00:00,-8.76,-1.74,435.2
2025-09-09 10:00:00,-6.77,2.17,433.7
2025-09-09 11:00:00,-7.73,1.47,419.5
2025-09-09 12:00:00,-14.47,-3.55,402.0
2025-09-09 13:00:00,-7.82,-0.21,389.3
2025-09-09 14:00:00,-10.02,-2.21,420.8
2025-09-09 15:00:00,-12.09,1.6,366.9
2025-09-09 16:00:00,-10.26,3.44,373.2
2025-09-09 17:00:00,-13.47,1.08,356.5
2025-09-09 18:00:00,-13.65,-1.52,437.1
2025-09-09 19:00:00,-10.16,1.78,378.4
2025-09-09 20:00:00,-11.03,-0.1,412.1
2025-09-09 21:00:00,-16.06,-0.15,396.2
2025-09-09 22:00:00,-10.6,-0.97,486.9
2025-09-09 23:00:00,-13.29,0.21,413.3
2025-09-10 00:00:00,-8.49,-0.14,344.1
2025-09-10 01:00:00,-7.28,-4.81,435.3
2025-09-10 02:00:00,-11.65,0.05,388.4
2025-09-10 03:00:00,-6.83,-0.28,394.0
2025-09-10 04:00:00,-4.87,0.69,379.8
2025-09-10 05:00:00,-6.48,-4.01,405.9
2025-09-10 06:00:00,-4.06,1.02,405.5
2025-09-10 07:00:00,-2.75,0.06,380.6
2025-09-10 08:00:00,-5.76,0.99,384.8
2025-09-10 09:00:00,-5.79,-3.26,403.0
2025-09-10 10:00:00,-3.35,-2.47,329.7
2025-09-10 11:00:00,-7.29,-3.75,356.8
2025-09-10 12:00:00,-9.4,0.29,450.1
2025-09-10 13:00:00,-14.17,-0.69,409.8
2025-09-10 14:00:00,-10.49,-0.29,384.3
2025-09-10 15:00:00,-12.55,-2.78,349.1
2025-09-10 16:00:00,-10.48,-2.42,398.3
2025-09-10 17:00:00,-14.69,-4.99,429.6
2025-09-10 18:00:00,-20.45,-2.69,479.2
2025-09-10 19:00:00,-19.93,-1.3,456.8
2025-09-10 20:00:00,-12.12,-1.2,373.4
2025-09-10 21:00:00,-15.25,-0.14,385.1
2025-09-10 22:00:00,-11.19,1.52,355.9
2025-09-10 23:00:00,-10.95,-1.38,374.8
2025-09-11 00:00:00,-10.5,0.98,393.6
2025-09-11 01:00:00,-8.99,1.56,389.0
2025-09-11 02:00:00,-10.1,2.3,461.6
2025-09-11 03:00:00,-6.51,0.98,360.5
2025-09-11 04:00:00,-7.42,0.15,398.6
2025-09-11 05:00:00,-6.29,-2.16,338.1
2025-09-11 06:00:00,-5.97,0.55,409.9
2025-09-11 07:00:00,-5.85,-0.75,359.7
2025-09-11 08:00:00,-2.9,2.75,433.1
2025-09-11 09:00:00,-6.85,0.18,391.3
2025-09-11 10:00:00,-4.43,-0.32,357.9
2025-09-11 11:00:00,-4.09,2.83,336.9
2025-09-11 12:00:00,-7.44,-0.96,370.6
2025-09-11 13:00:00,-9.69,-0.01,407.2
2025-09-11 14:00:00,-11.52,4.02,412.6
2025-09-11 15:00:00,-10.94,0.53,385.0
2025-09-11 16:00:00,-14.06,2.25,427.8
2025-09-11 17:00:00,-11.88,3.01,365.9
2025-09-11 18:00:00,-13.16,-1.1,312.2
2025-09-11 19:00:00,-15.91,1.82,408.5
2025-09-11 20:00:00,-11.64,-0.67,438.7
2025-09-11 21:00:00,-13.26,4.08,439.0
2025-09-11 22:00:00,-12.82,2.89,361.0
2025-09-11 23:00:00,-12.72,1.49,383.7
2025-09-12 00:00:00,-9.5,2.09,421.7
2025-09-12 01:00:00,-5.72,-1.39,381.2
2025-09-12 02:00:00,-4.83,3.44,403.2
2025-09-12 03:00:00,-5.4,-1.81,378.5
2025-09-12 04:00:00,-3.87,0.81,367.3
2025-09-12 05:00:00,-1.36,-1.43,373.1
2025-09-12 06:00:00,-5.45,1.72,428.7
2025-09-12 07:00:00,-8.52,3.49,400.4
2025-09-12 08:00:00,-1.77,0.9,438.2
2025-09-12 09:00:00,-8.05,0.63,415.6
2025-09-12 10:00:00,-9.57,-0.23,448.2
2025-09-12 11:00:00,-14.09,0.2,424.5
2025-09-12 12:00:00,-8.29,-0.67,422.8
2025-09-12 13:00:00,-16.16,3.27,396.4
2025-09-12 14:00:00,-14.75,1.59,490.3
2025-09-12 15:00:00,-11.77,-0.69,403.4
2025-09-12 16:00:00,-12.16,0.12,340.8
2025-09-12 17:00:00,-16.78,5.83,408.0
2025-09-12 18:00:00,-15.4,0.54,370.5
2025-09-12 19:00:00,-17.45,2.91,430.5
2025-09-12 20:00:00,-15.98,-1.15,421.8
2025-09-12 21:00:00,-12.74,0.95,394.3
2025-09-12 22:00:00,-14.0,-1.25,373.4
2025-09-12 23:00:00,-12.03,-1.07,404.4
2025-09-13 00:00:00,-14.39,1.59,380.8
2025-09-13 01:00:00,-5.31,-1.79,423.6
2025-09-13 02:00:00,-5.97,-2.38,416.7
2025-09-13 03:00:00,-4.09,1.37,488.1
2025-09-13 04:00:00,-1.8,-0.98,386.6
2025-09-13 05:00:00,-7.65,-0.56,390.9
2025-09-13 06:00:00,-6.08,-3.6,395.4
2025-09-13 07:00:00,-10.85,-2.54,396.7
2025-09-13 08:00:00,3.75,0.44,430.8
2025-09-13 09:00:00,-6.91,-0.47,391.7
2025-09-13 10:00:00,-4.38,1.82,459.2
2025-09-13 11:00:00,-12.42,-1.8,417.5
2025-09-13 12:00:00,-7.01,-0.33,385.4
2025-09-13 13:00:00,-5.72,0.09,377.8
2025-09-13 14:00:00,-12.68,-0.41,431.2
2025-09-13 15:00:00,-16.57,1.2,400.9
2025-09-13 16:00:00,-14.75,-2.17,400.3
2025-09-13 17:00:00,-21.51,1.02,382.0
2025-09-13 18:00:00,-15.11,2.28,398.2
2025-09-13 19:00:00,-12.37,-1.65,380.8
2025-09-13 20:00:00,-14.44,0.8,440.9
2025-09-13 21:00:00,-14.39,0.71,421.5
2025-09-13 22:00:00,-10.92,1.18,394.8
2025-09-13 23:00:00,-9.48,0.0,394.3
2025-09-14 00:00:00,-14.98,2.84,402.8
2025-09-14 01:00:00,-8.44,4.22,399.8
2025-09-14 02:00:00,-0.19,1.25,371.3
2025-09-14 03:00:00,-10.47,0.63,343.0
2025-09-14 04:00:00,-5.93,0.03,376.1
2025-09-14 05:00:00,0.65,-2.63,396.1
2025-09-14 06:00:00,-1.69,-2.85,377.9
2025-09-14 07:00:00,-6.71,-2.31,424.6
2025-09-14 08:00:00,-5.05,0.53,393.1
2025-09-14 09:00:00,-6.47,-0.39,456.2
2025-09-14 10:00:00,-9.74,3.05,383.2
2025-09-14 11:00:00,-8.93,-5.01,404.2
2025-09-14 12:00:00,-10.84,0.08,391.3
2025-09-14 13:00:00,-10.96,0.87,413.2
2025-09-14 14:00:00,-14.75,1.8,432.0
2025-09-14 15:00:00,-17.37,0.29,418.2
2025-09-14 16:00:00,-14.45,0.73,339.1
2025-09-14 17:00:00,-9.68,0.35,415.0
2025-09-14 18:00:00,-14.75,0.88,369.7
2025-09-14 19:00:00,-15.82,-0.04,390.7
2025-09-14 20:00:00,-12.07,4.23,420.7
2025-09-14 21:00:00,-14.01,1.16,366.4
2025-09-14 22:00:00,-6.9,0.39,434.7
2025-09-14 23:00:00,-11.31,-1.48,389.4
2025-09-15 00:00:00,-7.9,-0.68,465.1
2025-09-15 01:00:00,-10.97,3.02,402.1
2025-09-15 02:00:00,-5.99,-4.97,451.2
2025-09-15 03:00:00,-5.64,0.11,435.9
2025-09-15 04:00:00,-5.84,-0.05,381.7
2025-09-15 05:00:00,-6.68,1.0,360.9
2025-09-15 06:00:00,-6.91,0.53,403.4
2025-09-15 07:00:00,-4.32,3.03,382.5
2025-09-15 08:00:00,-3.78,0.2,447.4
2025-09-15 09:00:00,-6.85,-0.13,392.6
2025-09-15 10:00:00,-6.64,1.9,391.0
2025-09-15 11:00:00,-8.82,3.07,358.1
2025-09-15 12:00:00,-9.7,1.37,412.6
2025-09-15 13:00:00,-11.9,2.02,364.8
2025-09-15 14:00:00,-12.45,-0.43,413.3
2025-09-15 15:00:00,-5.44,0.25,417.4
2025-09-15 16:00:00,-13.4,2.97,377.5
2025-09-15 17:00:00,-12.89,1.05,428.7
2025-09-15 18:00:00,-13.69,-0.48,391.8
2025-09-15 19:00:00,-15.62,0.07,355.9
2025-09-15 20:00:00,-10.45,2.07,446.4
2025-09-15 21:00:00,-14.41,2.25,372.3
2025-09-15 22:00:00,-9.33,-1.68,415.2
2025-09-15 23:00:00,-12.3,0.73,412.8
2025-09-16 00:00:00,-12.88,-0.02,411.7
2025-09-16 01:00:00,-7.61,-0.13,411.2
2025-09-16 02:00:00,-10.81,2.66,370.9
2025-09-16 03:00:00,-4.86,-0.48,450.7
2025-09-16 04:00:00,-9.25,-1.15,428.7
2025-09-16 05:00:00,-6.13,-1.63,414.3
2025-09-16 06:00:00,-9.3,-0.35,360.0
2025-09-16 07:00:00,3.3,-1.47,370.6
2025-09-16 08:00:00,-10.63,-1.73,419.7
2025-09-16 09:00:00,-6.44,-1.78,339.9
2025-09-16 10:00:00,-4.07,-1.66,410.2
2025-09-16 11:00:00,-5.6,-1.52,360.1
2025-09-16 12:00:00,-7.45,0.8,374.0
2025-09-16 13:00:00,-12.25,-3.92,357.7
2025-09-16 14:00:00,-8.45,-1.4,407.4
2025-09-16 15:00:00,-10.8,-0.2,433.5
2025-09-16 16:00:00,-13.69,2.3,410.4
2025-09-16 17:00:00,-14.11,-0.49,413.7
2025-09-16 18:00:00,-15.91,-0.31,405.0
2025-09-16 19:00:00,-17.56,-0.18,420.5
2025-09-16 20:00:00,-10.62,-3.65,414.0
2025-09-16 21:00:00,-9.6,1.32,318.5
2025-09-16 22:00:00,-15.15,1.23,427.2
2025-09-16 23:00:00,-11.76,1.63,424.0
2025-09-17 00:00:00,-10.43,5.01,389.1
2025-09-17 01:00:00,-8.8,-2.6,340.8
2025-09-17 02:00:00,-7.31,-2.98,407.3
2025-09-17 03:00:00,-3.62,1.41,409.8
2025-09-17 04:00:00,-7.91,-0.67,386.8
2025-09-17 05:00:00,-7.71,-13.69,665.5
2025-09-17 06:00:00,-24.47,-12.29,692.1
2025-09-17 07:00:00,-52.92,-12.96,731.9
2025-09-17 08:00:00,-79.0,-8.27,664.3
2025-09-17 09:00:00,-100.64,-7.2,669.9
2025-09-17 10:00:00,-124.39,-14.99,635.2
2025-09-17 11:00:00,-143.12,-14.67,644.9
2025-09-17 12:00:00,-146.3,-1.52,655.8
2025-09-17 13:00:00,-140.25,-1.38,695.3
2025-09-17 14:00:00,-136.09,-1.55,684.5
2025-09-17 15:00:00,-130.7,-0.39,717.8
2025-09-17 16:00:00,-130.63,-0.89,615.2
2025-09-17 17:00:00,-124.18,-2.71,620.2
2025-09-17 18:00:00,-121.51,-2.05,693.0
2025-09-17 19:00:00,-114.03,3.09,703.4
2025-09-17 20:00:00,-106.12,-0.71,660.9
2025-09-17 21:00:00,-102.47,-0.82,526.0
2025-09-17 22:00:00,-93.61,-3.04,637.6
2025-09-17 23:00:00,-95.69,-0.93,670.0
2025-09-18 00:00:00,-85.58,1.92,373.0
2025-09-18 01:00:00,-85.83,1.19,405.6
2025-09-18 02:00:00,-77.08,1.62,457.0
2025-09-18 03:00:00,-70.75,-2.41,442.8
2025-09-18 04:00:00,-69.63,-2.44,424.3
2025-09-18 05:00:00,-63.79,2.27,398.1
2025-09-18 06:00:00,-65.26,1.65,385.2
2025-09-18 07:00:00,-64.79,-0.52,422.7
2025-09-18 08:00:00,-56.01,1.71,400.8
2025-09-18 09:00:00,-50.75,-2.41,401.8
2025-09-18 10:00:00,-57.63,-2.49,353.5
2025-09-18 11:00:00,-49.91,-3.23,378.6
2025-09-18 12:00:00,-52.59,0.72,422.6
2025-09-18 13:00:00,-55.97,0.43,367.0
2025-09-18 14:00:00,-54.61,-1.04,408.0
2025-09-18 15:00:00,-50.35,-1.56,412.4
2025-09-18 16:00:00,-50.64,4.83,414.1
2025-09-18 17:00:00,-52.18,-0.52,416.8
2025-09-18 18:00:00,-51.89,2.78,418.8
2025-09-18 19:00:00,-47.65,-0.29,381.3
2025-09-18 20:00:00,-42.57,-1.0,356.0
2025-09-18 21:00:00,-41.0,2.83,373.8
2025-09-18 22:00:00,-40.13,1.58,421.9
2025-09-18 23:00:00,-35.56,-0.05,364.0
2025-09-19 00:00:00,-30.56,2.27,368.8
2025-09-19 01:00:00,-30.06,5.04,368.6
2025-09-19 02:00:00,-29.32,-1.46,344.6
2025-09-19 03:00:00,-24.11,0.94,365.6
2025-09-19 04:00:00,-28.0,-0.82,430.0
2025-09-19 05:00:00,-24.36,-1.87,378.5
2025-09-19 06:00:00,-23.23,-1.92,347.5
2025-09-19 07:00:00,-25.66,3.18,384.7
2025-09-19 08:00:00,-22.91,-3.65,415.3
2025-09-19 09:00:00,-27.9,1.02,345.1
2025-09-19 10:00:00,-16.24,-1.65,428.6
2025-09-19 11:00:00,-25.3,3.54,356.8
2025-09-19 12:00:00,-18.36,-0.55,388.1
2025-09-19 13:00:00,-23.67,-0.73,387.8
2025-09-19 14:00:00,-22.7,3.14,383.2
2025-09-19 15:00:00,-26.32,1.75,398.1
2025-09-19 16:00:00,-24.49,1.11,423.4
2025-09-19 17:00:00,-23.14,1.61,398.8
2025-09-19 18:00:00,-22.78,-2.17,381.8
2025-09-19 19:00:00,-21.81,1.48,413.7
2025-09-19 20:00:00,-24.29,-0.4,406.2
2025-09-19 21:00:00,-23.41,0.72,379.9
2025-09-19 22:00:00,-25.31,0.97,401.3
2025-09-19 23:00:00,-17.36,-2.22,377.4
2025-09-20 00:00:00,-14.03,1.19,374.0
2025-09-20 01:00:00,-10.78,-0.37,424.2
2025-09-20 02:00:00,-6.58,-2.48,413.4
2025-09-20 03:00:00,-8.76,-0.29,423.1
2025-09-20 04:00:00,-10.76,0.04,419.1
2025-09-20 05:00:00,-2.05,1.19,373.4
2025-09-20 06:00:00,-10.39,-4.78,430.0
2025-09-20 07:00:00,-6.19,0.78,391.1
2025-09-20 08:00:00,-6.34,-1.02,427.9
2025-09-20 09:00:00,-6.67,1.62,396.2
2025-09-20 10:00:00,-7.39,-0.0,409.4
2025-09-20 11:00:00,-8.29,-0.67,410.3
2025-09-20 12:00:00,-17.25,-0.36,424.4
2025-09-20 13:00:00,-11.25,0.67,351.0
2025-09-20 14:00:00,-19.19,1.82,352.7
2025-09-20 15:00:00,-11.34,-1.78,420.2
2025-09-20 16:00:00,-16.0,-0.69,410.7
2025-09-20 17:00:00,-21.3,2.94,376.7
2025-09-20 18:00:00,-17.44,-0.72,410.9
2025-09-20 19:00:00,-16.54,0.73,357.8
2025-09-20 20:00:00,-10.76,-2.47,497.9
2025-09-20 21:00:00,-12.95,-3.43,439.3
2025-09-20 22:00:00,-11.47,-2.08,418.7
2025-09-20 23:00:00,-7.75,-1.38,402.3
2025-09-21 00:00:00,-10.29,2.08,381.4
2025-09-21 01:00:00,-6.44,2.3,360.7
2025-09-21 02:00:00,-5.45,-3.85,396.6
2025-09-21 03:00:00,-10.32,-1.08,374.2
2025-09-21 04:00:00,-1.25,1.4,376.0
2025-09-21 05:00:00,-9.43,-0.21,357.5
2025-09-21 06:00:00,-2.25,3.01,407.5
2025-09-21 07:00:00,-9.72,1.35,388.7
2025-09-21 08:00:00,-3.87,-0.54,416.1
2025-09-21 09:00:00,-0.88,-0.36,413.7
2025-09-21 10:00:00,-8.14,-0.11,406.9
2025-09-21 11:00:00,-9.47,-1.69,479.8
2025-09-21 12:00:00,-8.17,1.88,424.7
2025-09-21 13:00:00,-12.28,1.48,362.2
2025-09-21 14:00:00,-7.05,0.91,413.8
2025-09-21 15:00:00,-12.96,0.49,398.4
2025-09-21 16:00:00,-15.29,-2.04,359.8
2025-09-21 17:00:00,-16.45,1.01,357.4
2025-09-21 18:00:00,-17.8,0.26,413.6
2025-09-21 19:00:00,-16.71,4.0,420.9
2025-09-21 20:00:00,-15.38,-2.59,368.6
2025-09-21 21:00:00,-15.0,-1.45,429.1
2025-09-21 22:00:00,-14.47,-3.17,408.5
2025-09-21 23:00:00,-5.0,-0.44,435.9
2025-09-22 00:00:00,-13.09,-3.48,432.7
2025-09-22 01:00:00,-8.27,2.37,395.2
2025-09-22 02:00:00,-5.72,2.18,449.1
2025-09-22 03:00:00,-4.57,-0.32,366.3
2025-09-22 04:00:00,-5.85,-2.03,471.7
2025-09-22 05:00:00,-5.89,-3.05,373.6
2025-09-22 06:00:00,-3.65,-1.41,398.6
2025-09-22 07:00:00,-4.37,1.25,383.0
2025-09-22 08:00:00,-6.45,-1.57,388.7
2025-09-22 09:00:00,-11.15,3.82,487.7
2025-09-22 10:00:00,-8.9,2.98,386.1
2025-09-22 11:00:00,-12.15,0.0,425.5
2025-09-22 12:00:00,-12.0,-0.92,392.9
2025-09-22 13:00:00,-11.19,-1.14,428.1
2025-09-22 14:00:00,-11.42,3.2,383.7
2025-09-22 15:00:00,-8.19,-1.31,407.7
2025-09-22 16:00:00,-15.94,1.87,418.9
2025-09-22 17:00:00,-12.51,0.04,378.3
2025-09-22 18:00:00,-14.08,1.43,482.7
2025-09-22 19:00:00,-10.94,-1.64,420.4
2025-09-22 20:00:00,-12.6,-0.67,393.2
2025-09-22 21:00:00,-16.56,-0.05,379.1
2025-09-22 22:00:00,-17.67,-1.26,402.8
2025-09-22 23:00:00,-10.36,2.5,363.5
2025-09-23 00:00:00,-11.59,-1.53,453.5
2025-09-23 01:00:00,-11.65,-1.15,412.9
2025-09-23 02:00:00,-11.3,2.72,397.4
2025-09-23 03:00:00,-5.98,2.33,431.4
2025-09-23 04:00:00,-1.15,3.18,378.4
2025-09-23 05:00:00,-6.4,-3.82,365.3
2025-09-23 06:00:00,-3.23,0.4,396.1
2025-09-23 07:00:00,-5.48,0.18,403.8
2025-09-23 08:00:00,-9.54,-1.12,415.9
2025-09-23 09:00:00,-4.26,0.65,355.7
2025-09-23 10:00:00,-10.78,-0.64,386.3
2025-09-23 11:00:00,-8.64,0.32,307.5
2025-09-23 12:00:00,-11.02,6.8,364.5
2025-09-23 13:00:00,-8.61,0.63,421.5
2025-09-23 14:00:00,-15.67,0.72,428.8
2025-09-23 15:00:00,-12.36,1.64,365.7
2025-09-23 16:00:00,-16.85,0.36,390.3
2025-09-23 17:00:00,-16.36,-2.2,400.8
2025-09-23 18:00:00,-25.91,-3.29,432.3
2025-09-23 19:00:00,-8.55,-0.06,445.9
2025-09-23 20:00:00,-12.68,-0.54,404.6
2025-09-23 21:00:00,-15.84,-3.93,392.2
2025-09-23 22:00:00,-15.87,3.26,356.7
2025-09-23 23:00:00,-12.78,0.21,403.2
2025-09-24 00:00:00,-7.85,2.88,462.2
2025-09-24 01:00:00,-14.38,-4.46,438.7
2025-09-24 02:00:00,-7.92,2.92,405.2
2025-09-24 03:00:00,-1.15,-0.97,409.1
2025-09-24 04:00:00,-9.07,2.52,379.3
2025-09-24 05:00:00,-4.93,0.43,389.3
2025-09-24 06:00:00,1.61,0.91,404.4
2025-09-24 07:00:00,-3.27,0.91,404.5
2025-09-24 08:00:00,-5.29,-0.85,430.3
2025-09-24 09:00:00,-4.94,-1.29,428.9
2025-09-24 10:00:00,-8.7,-0.72,415.6
2025-09-24 11:00:00,-4.81,-2.94,370.0
2025-09-24 12:00:00,-11.2,-0.96,371.2
2025-09-24 13:00:00,-17.17,-1.39,373.4
2025-09-24 14:00:00,-13.67,-2.99,407.1
2025-09-24 15:00:00,-16.44,0.92,339.2
2025-09-24 16:00:00,-15.17,0.02,399.8
2025-09-24 17:00:00,-15.61,0.49,442.3
2025-09-24 18:00:00,-11.41,1.39,420.0
2025-09-24 19:00:00,-12.74,-0.48,389.5
2025-09-24 20:00:00,-13.54,-1.88,379.1
2025-09-24 21:00:00,-13.54,0.61,424.2
2025-09-24 22:00:00,-15.68,-5.84,409.2
2025-09-24 23:00:00,-17.84,-0.22,392.6
2025-09-25 00:00:00,-9.66,1.53,382.3
2025-09-25 01:00:00,-6.32,2.09,402.3
2025-09-25 02:00:00,-7.83,-1.06,390.9
2025-09-25 03:00:00,-8.07,-4.48,423.5
2025-09-25 04:00:00,-4.28,-5.27,437.2
2025-09-25 05:00:00,-5.42,1.28,359.0
2025-09-25 06:00:00,0.06,-0.71,363.2
2025-09-25 07:00:00,-1.47,4.03,440.4
2025-09-25 08:00:00,-2.79,-2.82,405.0
2025-09-25 09:00:00,-4.19,0.68,366.1
2025-09-25 10:00:00,-11.37,3.32,429.5
2025-09-25 11:00:00,-6.72,0.41,410.3
2025-09-25 12:00:00,-8.87,-3.18,466.1
2025-09-25 13:00:00,-9.47,5.55,392.9
2025-09-25 14:00:00,-11.02,3.16,433.3
2025-09-25 15:00:00,-12.18,-0.45,356.5
2025-09-25 16:00:00,-6.23,1.64,441.9
2025-09-25 17:00:00,-15.06,1.66,428.3
2025-09-25 18:00:00,-12.19,1.28,448.1
2025-09-25 19:00:00,-16.24,-2.76,433.3
2025-09-25 20:00:00,-11.96,0.65,397.0
2025-09-25 21:00:00,-10.72,2.92,364.9
2025-09-25 22:00:00,-11.41,1.01,381.9
2025-09-25 23:00:00,-6.29,0.79,347.2
2025-09-26 00:00:00,-12.65,-1.07,372.4
2025-09-26 01:00:00,-10.17,-1.81,412.8
2025-09-26 02:00:00,-6.86,-3.15,398.6
2025-09-26 03:00:00,-3.82,1.51,393.3
2025-09-26 04:00:00,-5.13,-0.44,376.2
2025-09-26 05:00:00,-1.31,-2.68,346.8
2025-09-26 06:00:00,-6.99,1.95,405.5
2025-09-26 07:00:00,-8.59,-1.17,411.4
2025-09-26 08:00:00,-4.75,-1.72,370.3
2025-09-26 09:00:00,-6.7,-0.99,384.0
2025-09-26 10:00:00,-5.87,-0.39,446.3
2025-09-26 11:00:00,-8.79,0.92,434.8
2025-09-26 12:00:00,-11.02,-1.75,355.5
2025-09-26 13:00:00,-11.52,2.02,397.5
2025-09-26 14:00:00,-12.41,0.97,443.6
2025-09-26 15:00:00,-14.45,-1.03,393.5
2025-09-26 16:00:00,-14.94,-0.32,391.9
2025-09-26 17:00:00,-16.04,-0.85,432.8
2025-09-26 18:00:00,-12.43,0.13,429.6
2025-09-26 19:00:00,-14.25,3.04,428.1
2025-09-26 20:00:00,-7.56,-0.87,392.1
2025-09-26 21:00:00,-13.05,0.38,419.9
2025-09-26 22:00:00,-14.15,-1.4,444.8
2025-09-26 23:00:00,-3.28,1.06,398.5
2025-09-27 00:00:00,-8.76,0.55,387.9
2025-09-27 01:00:00,-5.74,2.66,436.9
2025-09-27 02:00:00,-5.72,-1.66,461.4
2025-09-27 03:00:00,-4.6,1.38,463.5
2025-09-27 04:00:00,-4.06,2.53,388.8
2025-09-27 05:00:00,-8.48,-0.88,391.8
2025-09-27 06:00:00,-3.9,-0.25,369.1
2025-09-27 07:00:00,-9.14,0.38,403.5
2025-09-27 08:00:00,-6.19,-0.47,367.8
2025-09-27 09:00:00,-8.64,0.35,384.2
2025-09-27 10:00:00,-6.43,1.35,421.0
2025-09-27 11:00:00,-7.7,-0.23,411.7
2025-09-27 12:00:00,-8.56,-0.24,345.7
2025-09-27 13:00:00,-10.43,0.53,447.1
2025-09-27 14:00:00,-14.32,-0.8,367.4
2025-09-27 15:00:00,-14.32,-0.7,371.2
2025-09-27 16:00:00,-11.57,-1.8,362.8
2025-09-27 17:00:00,-11.63,-0.08,380.2
2025-09-27 18:00:00,-18.44,0.9,373.1
2025-09-27 19:00:00,-19.42,-0.54,373.8
2025-09-27 20:00:00,-16.51,-1.55,326.1
2025-09-27 21:00:00,-10.4,-0.19,403.9
2025-09-27 22:00:00,-8.86,0.79,407.0
2025-09-27 23:00:00,-14.07,0.26,467.3
2025-09-28 00:00:00,-9.08,4.46,414.6
2025-09-28 01:00:00,-3.2,-1.31,385.1
2025-09-28 02:00:00,-6.25,-0.3,364.0
2025-09-28 03:00:00,-2.2,1.56,397.1
2025-09-28 04:00:00,-2.67,-1.39,413.5
2025-09-28 05:00:00,-7.9,3.86,384.9
2025-09-28 06:00:00,-5.57,0.01,401.8
2025-09-28 07:00:00,-5.07,1.12,456.9
2025-09-28 08:00:00,-5.36,0.04,388.5
2025-09-28 09:00:00,-3.72,2.04,343.4
2025-09-28 10:00:00,-6.27,-2.13,426.2
2025-09-28 11:00:00,-17.51,3.14,409.4
2025-09-28 12:00:00,-13.94,0.46,348.7
2025-09-28 13:00:00,-17.86,1.32,412.8
2025-09-28 14:00:00,-11.97,-1.48,370.1
2025-09-28 15:00:00,-12.81,0.67,413.2
2025-09-28 16:00:00,-13.48,-1.94,457.2
2025-09-28 17:00:00,-17.71,2.35,394.7
2025-09-28 18:00:00,-12.98,-2.58,432.5
2025-09-28 19:00:00,-12.68,0.31,363.1
2025-09-28 20:00:00,-18.1,-0.78,354.4
2025-09-28 21:00:00,-17.93,-3.13,460.5
2025-09-28 22:00:00,-12.5,-1.87,409.2
2025-09-28 23:00:00,-5.92,0.9,419.1
2025-09-29 00:00:00,-4.9,-1.79,434.6
2025-09-29 01:00:00,-7.02,-1.34,384.2
2025-09-29 02:00:00,-9.69,0.75,424.8
2025-09-29 03:00:00,-3.8,1.83,420.2
2025-09-29 04:00:00,-7.03,1.32,361.2
2025-09-29 05:00:00,-7.47,-0.09,445.4
2025-09-29 06:00:00,-11.43,0.44,439.2
2025-09-29 07:00:00,-4.86,0.24,361.5
2025-09-29 08:00:00,-7.56,-2.07,406.0
2025-09-29 09:00:00,-6.18,0.56,393.1
2025-09-29 10:00:00,-14.4,-2.09,442.5
2025-09-29 11:00:00,-8.2,1.23,357.7
2025-09-29 12:00:00,-17.29,0.27,508.1
2025-09-29 13:00:00,-8.03,-4.33,394.8
2025-09-29 14:00:00,-10.93,1.96,422.2
2025-09-29 15:00:00,-14.37,-1.04,441.6
2025-09-29 16:00:00,-12.64,-1.21,394.1
2025-09-29 17:00:00,-17.76,1.91,396.6
2025-09-29 18:00:00,-14.78,-0.33,384.9
2025-09-29 19:00:00,-12.45,1.19,373.4
2025-09-29 20:00:00,-23.61,-1.31,408.2
2025-09-29 21:00:00,-14.88,1.61,395.9
2025-09-29 22:00:00,-12.57,0.39,384.7
2025-09-29 23:00:00,-11.88,0.81,386.5
2025-09-30 00:00:00,-5.63,-0.36,417.3
2025-09-30 01:00:00,-12.08,3.26,376.1
2025-09-30 02:00:00,-9.36,3.74,392.6
2025-09-30 03:00:00,-12.21,-4.41,427.0
2025-09-30 04:00:00,-1.14,1.85,407.4
2025-09-30 05:00:00,-5.91,-2.16,368.5
2025-09-30 06:00:00,-6.32,1.02,399.3
2025-09-30 07:00:00,-5.33,-3.56,413.1
2025-09-30 08:00:00,-3.76,0.81,429.7
2025-09-30 09:00:00,-5.42,-1.67,377.3
2025-09-30 10:00:00,0.44,-0.92,383.2
2025-09-30 11:00:00,-7.34,-0.86,379.1
2025-09-30 12:00:00,-11.4,-1.47,380.6
2025-09-30 13:00:00,-12.98,-1.41,412.2
2025-09-30 14:00:00,-13.68,-0.8,417.8
2025-09-30 15:00:00,-18.04,-0.31,431.5
2025-09-30 16:00:00,-14.21,0.65,397.3
2025-09-30 17:00:00,-12.48,3.72,357.8
2025-09-30 18:00:00,-16.84,-1.89,420.1
2025-09-30 19:00:00,-17.25,0.25,404.8
2025-09-30 20:00:00,-9.78,1.55,401.8
2025-09-30 21:00:00,-17.81,-1.42,361.5
2025-09-30 22:00:00,-18.7,-4.51,394.1
2025-09-30 23:00:00,-14.75,-3.82,364.2
2025-10-01 00:00:00,-14.62,-4.44,414.5
2025-10-01 01:00:00,-7.55,3.08,387.1
2025-10-01 02:00:00,-8.58,1.23,384.4
2025-10-01 03:00:00,-7.12,1.51,353.9
2025-10-01 04:00:00,-2.21,1.96,430.8
2025-10-01 05:00:00,-7.24,-1.15,392.2
2025-10-01 06:00:00,-2.67,4.61,402.6
2025-10-01 07:00:00,-0.64,0.67,377.9
2025-10-01 08:00:00,-7.04,-0.15,350.5
2025-10-01 09:00:00,-4.25,2.22,384.1
2025-10-01 10:00:00,-8.23,1.33,388.9
2025-10-01 11:00:00,-5.93,2.67,408.8
2025-10-01 12:00:00,-14.71,2.79,389.3
2025-10-01 13:00:00,-16.23,-0.71,378.4
2025-10-01 14:00:00,-13.67,0.37,354.9
2025-10-01 15:00:00,-16.2,-1.82,401.5
2025-10-01 16:00:00,-15.88,-3.26,376.1
2025-10-01 17:00:00,-15.49,1.67,439.6
2025-10-01 18:00:00,-12.84,1.91,404.5
2025-10-01 19:00:00,-16.05,-3.96,416.9
2025-10-01 20:00:00,-16.8,-1.43,392.5
2025-10-01 21:00:00,-14.59,0.11,406.0
2025-10-01 22:00:00,-14.81,0.3,373.3
2025-10-01 23:00:00,-14.1,4.09,364.7
2025-10-02 00:00:00,-14.84,-1.25,400.5
2025-10-02 01:00:00,-8.5,-0.34,417.1
2025-10-02 02:00:00,-9.21,1.3,341.6
2025-10-02 03:00:00,-3.57,-0.7,385.0
2025-10-02 04:00:00,-10.01,-1.01,455.3
2025-10-02 05:00:00,-6.8,-1.17,414.4
2025-10-02 06:00:00,0.44,0.47,446.1
2025-10-02 07:00:00,-7.99,-0.35,381.0
2025-10-02 08:00:00,-6.38,1.36,386.3
2025-10-02 09:00:00,-10.11,0.71,429.0
2025-10-02 10:00:00,-11.55,-5.83,418.7
2025-10-02 11:00:00,-4.06,-3.5,397.2
2025-10-02 12:00:00,-9.49,-1.0,362.1
2025-10-02 13:00:00,-10.89,1.96,434.7
2025-10-02 14:00:00,-17.59,-1.3,475.3
2025-10-02 15:00:00,-12.46,0.75,352.8
2025-10-02 16:00:00,-10.86,1.2,442.1
2025-10-02 17:00:00,-11.38,1.08,386.0
2025-10-02 18:00:00,-13.0,-1.09,390.0
2025-10-02 19:00:00,-18.22,-2.3,408.1
2025-10-02 20:00:00,-13.39,-2.62,363.8
2025-10-02 21:00:00,-11.53,5.94,398.9
2025-10-02 22:00:00,-17.88,0.91,351.7
2025-10-02 23:00:00,-14.66,3.68,414.3
2025-10-03 00:00:00,-7.34,-1.67,467.0
2025-10-03 01:00:00,-6.08,2.5,380.8
2025-10-03 02:00:00,-12.15,-0.95,394.9
2025-10-03 03:00:00,-4.08,-0.06,396.4
2025-10-03 04:00:00,-5.38,-0.57,429.6
2025-10-03 05:00:00,-2.83,-1.76,412.2
2025-10-03 06:00:00,-6.9,-1.73,427.6
2025-10-03 07:00:00,-3.23,-0.08,384.8
2025-10-03 08:00:00,-3.14,-1.17,413.0
2025-10-03 09:00:00,-7.52,0.25,299.0
2025-10-03 10:00:00,-7.45,-1.68,420.0
2025-10-03 11:00:00,-10.65,1.41,363.5
2025-10-03 12:00:00,-5.05,-0.92,390.2
2025-10-03 13:00:00,-11.65,3.27,422.4
2025-10-03 14:00:00,-15.27,-0.1,353.9
2025-10-03 15:00:00,-15.68,-0.2,432.7
2025-10-03 16:00:00,-13.95,3.21,396.3
2025-10-03 17:00:00,-12.57,-0.99,443.6
2025-10-03 18:00:00,-19.01,-0.81,372.9
2025-10-03 19:00:00,-9.29,-1.4,345.6
2025-10-03 20:00:00,-13.4,0.41,399.1
2025-10-03 21:00:00,-12.14,-1.47,417.6
2025-10-03 22:00:00,-12.79,1.55,420.1
2025-10-03 23:00:00,-11.24,-0.09,365.9
2025-10-04 00:00:00,-10.44,1.68,351.3
2025-10-04 01:00:00,-5.65,1.45,390.6
2025-10-04 02:00:00,-7.52,-1.02,415.5
2025-10-04 03:00:00,-4.16,-1.47,414.0
2025-10-04 04:00:00,-6.97,-0.66,447.2
2025-10-04 05:00:00,-4.58,0.02,388.8
2025-10-04 06:00:00,-7.41,0.67,344.7
2025-10-04 07:00:00,-1.52,0.89,435.9
2025-10-04 08:00:00,-8.17,-0.06,405.9
2025-10-04 09:00:00,-7.44,-1.36,408.5
2025-10-04 10:00:00,-8.44,-1.17,423.0
2025-10-04 11:00:00,-9.77,1.04,437.9
2025-10-04 12:00:00,-7.83,-1.3,399.3
2025-10-04 13:00:00,-12.24,1.12,435.3
2025-10-04 14:00:00,-8.32,1.19,416.6
2025-10-04 15:00:00,-15.99,3.07,380.3
2025-10-04 16:00:00,-13.82,-0.96,393.0
2025-10-04 17:00:00,-17.16,-0.65,418.5
2025-10-04 18:00:00,-13.74,-4.63,378.7
2025-10-04 19:00:00,-14.88,-1.89,426.6
2025-10-04 20:00:00,-14.8,-1.91,404.7
2025-10-04 21:00:00,-9.97,1.01,411.4
2025-10-04 22:00:00,-14.46,3.61,443.2
2025-10-04 23:00:00,-9.53,1.16,410.7
2025-10-05 00:00:00,-12.31,1.98,402.1
2025-10-05 01:00:00,-8.37,-1.42,397.5
2025-10-05 02:00:00,-11.09,-2.4,396.0
2025-10-05 03:00:00,-8.45,-0.48,409.4
2025-10-05 04:00:00,-5.92,-1.25,440.9
2025-10-05 05:00:00,0.27,-1.72,381.6
2025-10-05 06:00:00,-4.7,0.44,379.4
2025-10-05 07:00:00,-0.21,-2.37,438.6
2025-10-05 08:00:00,-5.01,1.65,383.0
2025-10-05 09:00:00,-7.63,-0.8,406.5
2025-10-05 10:00:00,-2.88,-0.09,382.2
2025-10-05 11:00:00,-7.39,0.2,349.6
2025-10-05 12:00:00,-11.93,-0.93,405.9
2025-10-05 13:00:00,-9.88,2.53,433.5
2025-10-05 14:00:00,-13.38,-3.21,398.1
2025-10-05 15:00:00,-19.5,2.57,355.6
2025-10-05 16:00:00,-11.52,-0.69,403.3
2025-10-05 17:00:00,-11.54,1.84,377.3
2025-10-05 18:00:00,-9.49,0.4,321.4
2025-10-05 19:00:00,-13.56,1.7,397.6
2025-10-05 20:00:00,-15.08,-0.24,415.5
2025-10-05 21:00:00,-11.03,0.48,435.3
2025-10-05 22:00:00,-9.95,2.2,452.7
2025-10-05 23:00:00,-6.38,0.19,419.5
2025-10-06 00:00:00,-10.13,2.66,428.0
2025-10-06 01:00:00,-9.2,0.7,361.5
2025-10-06 02:00:00,-9.65,-1.47,448.7
2025-10-06 03:00:00,-4.85,-0.71,438.0
2025-10-06 04:00:00,-10.31,1.78,389.0
2025-10-06 05:00:00,-2.84,-2.48,420.4
2025-10-06 06:00:00,-3.24,1.59,417.4
2025-10-06 07:00:00,-3.42,-0.73,444.1
2025-10-06 08:00:00,-5.26,-2.58,395.5
2025-10-06 09:00:00,-1.87,0.41,377.6
2025-10-06 10:00:00,-4.88,-1.4,385.3
2025-10-06 11:00:00,-10.53,-1.14,426.9
2025-10-06 12:00:00,-11.77,-1.25,342.4
2025-10-06 13:00:00,-13.93,0.23,310.1
2025-10-06 14:00:00,-10.85,-0.78,426.8
2025-10-06 15:00:00,-16.54,0.78,408.2
2025-10-06 16:00:00,-11.08,2.02,400.6
2025-10-06 17:00:00,-10.86,1.08,360.8
2025-10-06 18:00:00,-17.64,3.61,348.7
2025-10-06 19:00:00,-15.39,4.1,381.0
2025-10-06 20:00:00,-14.28,-0.58,410.9
2025-10-06 21:00:00,-10.88,-2.31,382.4
2025-10-06 22:00:00,-7.67,-0.58,427.0
2025-10-06 23:00:00,-16.35,0.24,371.4
2025-10-07 00:00:00,-10.95,4.45,384.4
2025-10-07 01:00:00,-9.5,-0.75,421.1
2025-10-07 02:00:00,-11.7,0.56,388.7
2025-10-07 03:00:00,-7.92,-1.36,390.2
2025-10-07 04:00:00,-4.39,-0.69,380.7
2025-10-07 05:00:00,-6.01,-2.43,375.1
2025-10-07 06:00:00,-9.63,-2.93,410.6
2025-10-07 07:00:00,3.45,2.72,414.5
2025-10-07 08:00:00,-4.87,2.13,406.8
2025-10-07 09:00:00,-6.13,-0.74,381.5
2025-10-07 10:00:00,-10.79,2.13,394.0
2025-10-07 11:00:00,-7.92,-2.61,447.9
2025-10-07 12:00:00,-10.49,-0.35,357.4
2025-10-07 13:00:00,-16.96,0.35,456.6
2025-10-07 14:00:00,-15.71,2.53,403.0
2025-10-07 15:00:00,-11.15,0.4,394.6
2025-10-07 16:00:00,-8.5,1.09,428.6
2025-10-07 17:00:00,-13.73,-0.94,338.0
2025-10-07 18:00:00,-11.69,0.53,441.4
2025-10-07 19:00:00,-15.3,2.53,455.7
2025-10-07 20:00:00,-14.59,-3.23,432.6
2025-10-07 21:00:00,-10.26,2.27,336.9
2025-10-07 22:00:00,-7.51,-0.42,422.9
2025-10-07 23:00:00,-7.39,-2.81,449.4
2025-10-08 00:00:00,-13.2,-0.53,446.3
2025-10-08 01:00:00,-8.91,2.58,357.8
2025-10-08 02:00:00,-6.67,-0.96,430.5
2025-10-08 03:00:00,-7.24,0.6,453.9
2025-10-08 04:00:00,-4.51,-3.23,400.9
2025-10-08 05:00:00,-2.71,-3.65,356.4
2025-10-08 06:00:00,-1.99,-2.15,424.9
2025-10-08 07:00:00,-0.11,2.03,431.6
2025-10-08 08:00:00,-6.66,-0.1,395.8
2025-10-08 09:00:00,-10.56,2.2,364.3
2025-10-08 10:00:00,-6.43,2.32,429.5
2025-10-08 11:00:00,-3.05,-1.52,376.9
2025-10-08 12:00:00,-11.43,3.13,411.9
2025-10-08 13:00:00,-9.23,-1.09,446.7
2025-10-08 14:00:00,-10.41,2.0,350.2
2025-10-08 15:00:00,-12.96,1.92,427.2
2025-10-08 16:00:00,-14.31,0.13,393.8
2025-10-08 17:00:00,-17.6,0.13,394.6
2025-10-08 18:00:00,-21.84,0.64,415.4
2025-10-08 19:00:00,-18.17,0.23,376.9
2025-10-08 20:00:00,-15.5,-0.78,364.7
2025-10-08 21:00:00,-10.24,-0.95,346.5
2025-10-08 22:00:00,-12.81,-0.76,437.0
2025-10-08 23:00:00,-12.85,2.44,388.8
2025-10-09 00:00:00,-12.67,-3.18,417.1
2025-10-09 01:00:00,-6.74,-0.99,385.4
2025-10-09 02:00:00,-3.42,-0.65,365.1
2025-10-09 03:00:00,-3.27,-0.46,419.6
2025-10-09 04:00:00,-3.85,0.59,409.8
2025-10-09 05:00:00,-9.6,-2.7,392.9
2025-10-09 06:00:00,-6.06,2.05,409.1
2025-10-09 07:00:00,0.67,1.77,371.2
2025-10-09 08:00:00,-2.3,1.35,431.8
2025-10-09 09:00:00,-11.08,-0.42,438.8
2025-10-09 10:00:00,-7.67,-1.48,422.8
2025-10-09 11:00:00,-7.62,-0.65,388.8
2025-10-09 12:00:00,-12.29,0.12,401.8
2025-10-09 13:00:00,-18.22,1.33,447.1
2025-10-09 14:00:00,-12.2,-0.16,438.4
2025-10-09 15:00:00,-15.9,0.72,459.8
2025-10-09 16:00:00,-16.68,-0.87,376.6
2025-10-09 17:00:00,-15.89,0.57,373.9
2025-10-09 18:00:00,-15.4,-0.5,404.0
2025-10-09 19:00:00,-14.86,0.54,412.2
2025-10-09 20:00:00,-16.98,-3.53,395.7
2025-10-09 21:00:00,-14.2,0.97,388.3
2025-10-09 22:00:00,-17.77,1.08,438.0
2025-10-09 23:00:00,-10.36,1.06,397.3
2025-10-10 00:00:00,-18.57,-1.97,363.5
2025-10-10 01:00:00,-9.57,-1.42,367.0
2025-10-10 02:00:00,-4.74,-1.74,407.4
2025-10-10 03:00:00,-9.64,0.66,490.1
2025-10-10 04:00:00,-3.52,1.32,370.7
2025-10-10 05:00:00,-1.7,-1.39,390.6
2025-10-10 06:00:00,-14.92,2.63,472.1
2025-10-10 07:00:00,-5.62,2.6,385.5
2025-10-10 08:00:00,-14.3,0.28,413.7
2025-10-10 09:00:00,-6.82,0.74,456.3
2025-10-10 10:00:00,-7.52,-3.36,371.5
2025-10-10 11:00:00,-16.15,-1.06,390.7
2025-10-10 12:00:00,-4.23,-2.5,385.5
2025-10-10 13:00:00,-10.44,-1.82,354.5
2025-10-10 14:00:00,-15.05,1.03,447.1
2025-10-10 15:00:00,-9.14,1.51,382.4
2025-10-10 16:00:00,-19.72,1.6,373.7
2025-10-10 17:00:00,-18.52,0.48,386.7
2025-10-10 18:00:00,-21.9,1.05,427.9
2025-10-10 19:00:00,-9.43,-3.18,403.4
2025-10-10 20:00:00,-13.33,-2.58,376.3
2025-10-10 21:00:00,-11.56,-0.42,412.3
2025-10-10 22:00:00,-11.6,1.19,424.4
2025-10-10 23:00:00,-9.57,-0.89,399.3
2025-10-11 00:00:00,-9.77,-2.72,393.0
2025-10-11 01:00:00,-7.89,-1.38,430.5
2025-10-11 02:00:00,-7.18,-1.87,394.6
2025-10-11 03:00:00,-8.29,-3.45,448.2
2025-10-11 04:00:00,-5.81,4.45,377.3
2025-10-11 05:00:00,-4.35,2.47,376.6
2025-10-11 06:00:00,-4.67,-3.95,372.9
2025-10-11 07:00:00,-9.6,-3.84,392.8
2025-10-11 08:00:00,-9.7,-1.61,400.1
2025-10-11 09:00:00,-3.22,-2.98,360.2
2025-10-11 10:00:00,-8.42,4.77,402.9
2025-10-11 11:00:00,-6.95,-1.6,417.0
2025-10-11 12:00:00,-13.28,0.72,356.0
2025-10-11 13:00:00,-15.71,-1.01,384.4
2025-10-11 14:00:00,-15.03,-2.33,417.0
2025-10-11 15:00:00,-14.2,2.09,367.3
2025-10-11 16:00:00,-16.33,1.31,390.5
2025-10-11 17:00:00,-10.95,-0.12,432.6
2025-10-11 18:00:00,-14.46,4.76,453.9
2025-10-11 19:00:00,-9.28,0.47,413.2
2025-10-11 20:00:00,-13.12,-0.91,394.9
2025-10-11 21:00:00,-20.77,3.83,385.0
2025-10-11 22:00:00,-9.33,0.81,427.3
2025-10-11 23:00:00,-15.82,3.26,434.0
2025-10-12 00:00:00,-9.31,-0.08,365.3
2025-10-12 01:00:00,-11.03,-6.03,427.3
2025-10-12 02:00:00,-1.07,-3.12,381.8
2025-10-12 03:00:00,-2.15,2.17,374.2
2025-10-12 04:00:00,-7.9,-1.18,395.4
2025-10-12 05:00:00,-5.55,0.51,429.7
2025-10-12 06:00:00,-4.27,2.27,409.3
2025-10-12 07:00:00,-2.58,0.36,408.5
2025-10-12 08:00:00,-5.58,-1.72,410.6
2025-10-12 09:00:00,-9.54,-0.02,414.0
2025-10-12 10:00:00,-9.65,0.21,396.6
2025-10-12 11:00:00,-8.72,-0.82,419.0
2025-10-12 12:00:00,-6.3,-2.77,380.2
2025-10-12 13:00:00,-10.01,-0.71,419.5
2025-10-12 14:00:00,-14.82,-0.19,425.7
2025-10-12 15:00:00,-11.59,-2.89,421.0
2025-10-12 16:00:00,-15.49,-1.84,422.5
2025-10-12 17:00:00,-12.16,-1.43,413.9
2025-10-12 18:00:00,-7.42,-3.72,435.2
2025-10-12 19:00:00,-15.91,0.26,331.9
2025-10-12 20:00:00,-11.93,0.47,425.6
2025-10-12 21:00:00,-15.77,-1.09,459.3
2025-10-12 22:00:00,-12.84,-2.74,381.3
2025-10-12 23:00:00,-11.21,0.81,378.0
2025-10-13 00:00:00,-10.58,1.09,438.6
2025-10-13 01:00:00,-1.32,0.2,372.2
2025-10-13 02:00:00,-8.42,0.08,380.0
2025-10-13 03:00:00,-4.7,1.19,405.1
2025-10-13 04:00:00,-11.46,-0.19,376.0
2025-10-13 05:00:00,-3.87,-1.84,426.3
2025-10-13 06:00:00,-1.57,-0.14,376.3
2025-10-13 07:00:00,-6.75,-0.78,410.8
2025-10-13 08:00:00,-13.2,-0.14,408.5
2025-10-13 09:00:00,-6.58,1.77,449.9
2025-10-13 10:00:00,-7.45,-2.4,435.0
2025-10-13 11:00:00,-6.53,0.35,384.1
2025-10-13 12:00:00,-3.97,-2.51,362.1
2025-10-13 13:00:00,-12.43,-1.84,425.1
2025-10-13 14:00:00,-15.07,3.15,380.4
2025-10-13 15:00:00,-17.04,0.91,389.9
2025-10-13 16:00:00,-13.74,0.32,368.2
2025-10-13 17:00:00,-13.39,-3.32,420.4
2025-10-13 18:00:00,-16.64,-0.47,380.6
2025-10-13 19:00:00,-12.49,-4.15,398.9
2025-10-13 20:00:00,-12.93,0.07,399.4
2025-10-13 21:00:00,-13.41,-2.49,405.5
2025-10-13 22:00:00,-15.21,1.12,419.8
2025-10-13 23:00:00,-12.74,0.32,392.7
2025-10-14 00:00:00,-17.29,-2.43,377.8
2025-10-14 01:00:00,-8.0,0.76,344.2
2025-10-14 02:00:00,-7.42,4.19,403.1
2025-10-14 03:00:00,-5.9,-0.41,395.3
2025-10-14 04:00:00,-4.16,1.76,378.7
2025-10-14 05:00:00,-4.01,-4.21,401.9
2025-10-14 06:00:00,-5.33,0.94,425.7
2025-10-14 07:00:00,-5.02,-1.14,433.4
2025-10-14 08:00:00,-9.88,-0.54,353.9
2025-10-14 09:00:00,-8.22,1.19,389.2
2025-10-14 10:00:00,-7.35,-0.49,428.8
2025-10-14 11:00:00,-10.91,-3.23,447.9
2025-10-14 12:00:00,-7.42,3.05,375.5
2025-10-14 13:00:00,-13.27,-2.9,441.3
2025-10-14 14:00:00,-11.85,-1.68,359.5
2025-10-14 15:00:00,-13.19,0.26,434.4
2025-10-14 16:00:00,-12.09,0.27,391.5
2025-10-14 17:00:00,-12.13,0.86,446.9
2025-10-14 18:00:00,-12.92,0.27,386.1
2025-10-14 19:00:00,-21.15,2.3,390.7
2025-10-14 20:00:00,-10.75,0.98,396.0
2025-10-14 21:00:00,-8.95,-2.37,353.9
2025-10-14 22:00:00,-13.95,-5.2,347.1
2025-10-14 23:00:00,-10.58,0.3,415.3
2025-10-15 00:00:00,-12.67,2.93,429.7
2025-10-15 01:00:00,-14.55,-2.5,418.2
2025-10-15 02:00:00,-9.72,-2.1,362.4
2025-10-15 03:00:00,-8.08,0.71,414.4
2025-10-15 04:00:00,-6.73,-16.68,699.5
2025-10-15 05:00:00,-36.93,-15.4,741.4
2025-10-15 06:00:00,-64.96,-14.36,763.1
2025-10-15 07:00:00,-91.84,-17.17,740.2
2025-10-15 08:00:00,-123.49,-19.49,773.2
2025-10-15 09:00:00,-149.22,-19.43,724.7
2025-10-15 10:00:00,-149.85,-1.09,722.7
2025-10-15 11:00:00,-135.26,2.06,731.2
2025-10-15 12:00:00,-130.42,-1.0,688.9
2025-10-15 13:00:00,-125.2,1.92,717.1
2025-10-15 14:00:00,-120.51,-3.05,719.7
2025-10-15 15:00:00,-110.94,0.57,720.7
2025-10-15 16:00:00,-104.36,-1.5,737.2
2025-10-15 17:00:00,-100.64,1.04,684.8
2025-10-15 18:00:00,-90.68,-0.51,694.8
2025-10-15 19:00:00,-91.28,1.6,763.1
2025-10-15 20:00:00,-81.97,-0.87,669.0
2025-10-15 21:00:00,-73.82,-0.05,747.7
2025-10-15 22:00:00,-70.73,1.62,388.8
2025-10-15 23:00:00,-65.03,-0.2,404.8
2025-10-16 00:00:00,-59.6,0.12,446.7
2025-10-16 01:00:00,-56.76,1.52,396.1
2025-10-16 02:00:00,-46.15,-0.15,418.8
2025-10-16 03:00:00,-48.57,-3.17,401.8
2025-10-16 04:00:00,-40.87,-1.14,396.7
2025-10-16 05:00:00,-37.41,-3.85,393.0
2025-10-16 06:00:00,-38.85,-0.5,421.0
2025-10-16 07:00:00,-33.66,0.94,378.1
2025-10-16 08:00:00,-34.98,0.25,366.0
2025-10-16 09:00:00,-26.9,2.79,402.2
2025-10-16 10:00:00,-33.71,2.57,405.8
2025-10-16 11:00:00,-31.77,0.51,345.3
2025-10-16 12:00:00,-33.21,-4.78,399.7
2025-10-16 13:00:00,-33.46,1.34,363.2
2025-10-16 14:00:00,-24.48,-1.54,418.8
2025-10-16 15:00:00,-27.42,1.76,345.9
2025-10-16 16:00:00,-28.27,0.63,457.8
2025-10-16 17:00:00,-30.1,1.31,389.9
2025-10-16 18:00:00,-24.59,1.0,374.1
2025-10-16 19:00:00,-28.71,4.78,391.5
2025-10-16 20:00:00,-22.51,1.04,416.7
2025-10-16 21:00:00,-25.93,-2.56,426.7
2025-10-16 22:00:00,-23.49,2.14,391.8
2025-10-16 23:00:00,-17.4,-0.86,356.8
2025-10-17 00:00:00,-15.17,2.69,363.6
2025-10-17 01:00:00,-14.1,3.09,408.6
2025-10-17 02:00:00,-10.65,1.24,429.6
2025-10-17 03:00:00,-7.8,-2.56,433.5
2025-10-17 04:00:00,-5.2,-0.92,405.0
2025-10-17 05:00:00,-7.72,2.68,429.0
2025-10-17 06:00:00,-0.89,4.0,457.4
2025-10-17 07:00:00,-12.38,0.12,435.7
2025-10-17 08:00:00,-8.01,-0.55,427.7
2025-10-17 09:00:00,-7.99,-2.36,375.8
2025-10-17 10:00:00,-16.03,-2.33,428.9
2025-10-17 11:00:00,-12.89,0.47,413.8
2025-10-17 12:00:00,-8.12,1.4,419.5
2025-10-17 13:00:00,-11.2,-2.97,437.8
2025-10-17 14:00:00,-7.78,1.66,410.8
2025-10-17 15:00:00,-8.9,2.74,396.9
2025-10-17 16:00:00,-13.03,1.26,367.9
2025-10-17 17:00:00,-13.89,3.31,391.1
2025-10-17 18:00:00,-14.8,0.71,406.4
2025-10-17 19:00:00,-22.79,0.73,408.3
2025-10-17 20:00:00,-18.51,0.69,407.3
2025-10-17 21:00:00,-13.23,2.72,428.8
2025-10-17 22:00:00,-10.65,1.08,426.0
2025-10-17 23:00:00,-10.43,-1.06,398.1
2025-10-18 00:00:00,-12.68,0.85,374.6
2025-10-18 01:00:00,-5.89,0.87,411.5
2025-10-18 02:00:00,-3.05,-0.42,467.4
2025-10-18 03:00:00,-3.65,2.05,409.6
2025-10-18 04:00:00,-2.7,0.18,391.1
2025-10-18 05:00:00,-6.85,1.41,416.1
2025-10-18 06:00:00,-1.77,1.02,417.9
2025-10-18 07:00:00,-4.73,-1.45,417.5
2025-10-18 08:00:00,-4.14,-1.96,441.2
2025-10-18 09:00:00,-5.37,-1.43,411.6
2025-10-18 10:00:00,-7.86,-0.16,439.8
2025-10-18 11:00:00,-11.29,3.18,406.9
2025-10-18 12:00:00,-10.25,-0.09,445.4
2025-10-18 13:00:00,-8.33,0.75,436.2
2025-10-18 14:00:00,-13.82,1.75,427.7
2025-10-18 15:00:00,-10.86,-0.72,423.7
2025-10-18 16:00:00,-12.12,-0.83,469.0
2025-10-18 17:00:00,-15.73,2.1,432.3
2025-10-18 18:00:00,-10.83,1.14,374.5
2025-10-18 19:00:00,-15.9,-1.13,407.4
2025-10-18 20:00:00,-9.8,-0.82,392.1
2025-10-18 21:00:00,-12.23,0.17,461.9
2025-10-18 22:00:00,-12.55,0.66,437.5
2025-10-18 23:00:00,-13.96,2.49,461.0
2025-10-19 00:00:00,-10.26,1.06,377.2
2025-10-19 01:00:00,-9.32,-1.97,433.1
2025-10-19 02:00:00,-11.27,-1.57,359.1
2025-10-19 03:00:00,-7.12,0.62,352.2
2025-10-19 04:00:00,-8.08,0.29,388.1
2025-10-19 05:00:00,-3.41,-1.69,445.4
2025-10-19 06:00:00,-1.08,2.11,370.2
2025-10-19 07:00:00,-8.85,-4.5,399.5
2025-10-19 08:00:00,-0.53,0.67,435.7
2025-10-19 09:00:00,-6.85,-3.09,425.4
2025-10-19 10:00:00,-10.43,1.76,466.5
2025-10-19 11:00:00,-6.43,-0.53,400.1
2025-10-19 12:00:00,-11.34,1.5,386.8
2025-10-19 13:00:00,-11.54,-0.78,367.2
2025-10-19 14:00:00,-13.71,2.65,389.0
2025-10-19 15:00:00,-15.99,-3.73,366.9
2025-10-19 16:00:00,-12.16,1.76,346.1
2025-10-19 17:00:00,-15.69,-1.22,458.9
2025-10-19 18:00:00,-19.31,0.75,401.5
2025-10-19 19:00:00,-13.18,0.83,477.7
2025-10-19 20:00:00,-17.95,-2.78,374.8
2025-10-19 21:00:00,-17.0,1.99,387.1
2025-10-19 22:00:00,-8.92,0.79,376.7
2025-10-19 23:00:00,-14.88,0.23,380.8
2025-10-20 00:00:00,-16.95,0.77,426.2
2025-10-20 01:00:00,-6.84,0.25,417.0
2025-10-20 02:00:00,-8.41,1.67,426.3
2025-10-20 03:00:00,-7.12,-0.94,440.3
2025-10-20 04:00:00,-6.61,1.67,433.2
2025-10-20 05:00:00,-4.48,1.14,369.7
2025-10-20 06:00:00,-7.26,-0.34,384.3
2025-10-20 07:00:00,-0.74,3.69,403.6
2025-10-20 08:00:00,-10.1,0.9,511.8
2025-10-20 09:00:00,-5.13,0.39,423.2
2025-10-20 10:00:00,-5.57,1.15,403.2
2025-10-20 11:00:00,-10.98,-0.21,420.2
2025-10-20 12:00:00,-13.07,2.4,381.9
2025-10-20 13:00:00,-8.24,-0.04,407.9
2025-10-20 14:00:00,-15.47,1.64,428.6
2025-10-20 15:00:00,-15.36,-2.14,399.1
2025-10-20 16:00:00,-11.67,-3.59,377.3
2025-10-20 17:00:00,-14.73,0.81,397.7
2025-10-20 18:00:00,-20.39,-0.77,390.4
2025-10-20 19:00:00,-9.59,-0.39,359.3
2025-10-20 20:00:00,-15.92,-4.68,382.9
2025-10-20 21:00:00,-14.74,3.4,358.2
2025-10-20 22:00:00,-11.73,0.21,362.9
2025-10-20 23:00:00,-9.42,2.67,365.8
2025-10-21 00:00:00,-4.12,-2.79,428.6
2025-10-21 01:00:00,-13.69,0.2,444.7
2025-10-21 02:00:00,-5.02,0.82,353.9
2025-10-21 03:00:00,-4.24,0.27,447.4
2025-10-21 04:00:00,-6.08,0.47,366.2
2025-10-21 05:00:00,-2.81,-2.78,422.4
2025-10-21 06:00:00,-2.2,0.63,407.8
2025-10-21 07:00:00,-9.32,-1.69,419.1
2025-10-21 08:00:00,-0.42,-1.24,365.0
2025-10-21 09:00:00,-11.14,0.03,345.6
2025-10-21 10:00:00,-10.91,-0.7,375.9
2025-10-21 11:00:00,-9.49,-0.59,412.8
2025-10-21 12:00:00,-4.23,2.25,458.7
2025-10-21 13:00:00,-12.22,-0.31,369.1
2025-10-21 14:00:00,-12.6,-0.79,397.0
2025-10-21 15:00:00,-9.24,-0.25,377.5
2025-10-21 16:00:00,-15.23,-2.22,399.5
2025-10-21 17:00:00,-18.36,0.33,342.1
2025-10-21 18:00:00,-16.25,1.44,444.9
2025-10-21 19:00:00,-10.72,0.63,400.7
2025-10-21 20:00:00,-14.12,0.07,427.5
2025-10-21 21:00:00,-7.74,1.2,393.0
2025-10-21 22:00:00,-10.29,-1.11,405.7
2025-10-21 23:00:00,-13.23,0.08,433.9
2025-10-22 00:00:00,-9.85,2.8,404.0
2025-10-22 01:00:00,-11.27,-0.59,405.0
2025-10-22 02:00:00,-9.51,1.22,376.2
2025-10-22 03:00:00,6.97,1.27,384.0
2025-10-22 04:00:00,-2.61,-1.52,369.6
2025-10-22 05:00:00,-2.59,1.38,377.9
2025-10-22 06:00:00,-6.87,-1.21,437.5
2025-10-22 07:00:00,-0.46,0.86,454.3
2025-10-22 08:00:00,-2.37,-1.25,362.6
2025-10-22 09:00:00,-0.82,0.56,411.9
2025-10-22 10:00:00,-2.0,0.26,390.5
2025-10-22 11:00:00,-13.14,0.22,441.9
2025-10-22 12:00:00,-13.33,0.54,404.0
2025-10-22 13:00:00,-14.31,-1.06,399.8
2025-10-22 14:00:00,-15.33,-2.33,377.7
2025-10-22 15:00:00,-12.57,0.16,354.0
2025-10-22 16:00:00,-16.03,2.21,422.8
2025-10-22 17:00:00,-8.61,1.17,410.6
2025-10-22 18:00:00,-9.29,0.89,411.3
2025-10-22 19:00:00,-14.85,-1.02,382.0
2025-10-22 20:00:00,-8.46,0.37,395.6
2025-10-22 21:00:00,-9.07,-1.66,423.7
2025-10-22 22:00:00,-13.85,-0.85,429.5
2025-10-22 23:00:00,-17.32,0.71,364.6
2025-10-23 00:00:00,-10.65,-3.63,381.0
2025-10-23 01:00:00,-10.64,3.46,358.3
2025-10-23 02:00:00,-6.88,-2.67,406.0
2025-10-23 03:00:00,-6.2,3.78,426.5
2025-10-23 04:00:00,-5.48,-1.68,391.6
2025-10-23 05:00:00,-3.6,-1.7,380.1
2025-10-23 06:00:00,-8.64,-0.8,389.9
2025-10-23 07:00:00,-3.94,-0.88,469.2
2025-10-23 08:00:00,-6.99,-1.21,435.8
2025-10-23 09:00:00,-5.86,-0.74,421.9
2025-10-23 10:00:00,-4.63,0.18,409.6
2025-10-23 11:00:00,-12.38,-1.79,399.6
2025-10-23 12:00:00,-10.84,1.68,372.8
2025-10-23 13:00:00,-11.65,2.82,368.1
2025-10-23 14:00:00,-14.04,-3.89,383.0
2025-10-23 15:00:00,-10.84,3.71,371.4
2025-10-23 16:00:00,-16.49,1.55,381.8
2025-10-23 17:00:00,-16.5,0.52,396.9
2025-10-23 18:00:00,-17.13,-1.15,399.2
2025-10-23 19:00:00,-11.55,0.33,381.4
2025-10-23 20:00:00,-15.81,1.79,414.9
2025-10-23 21:00:00,-12.16,5.22,394.3
2025-10-23 22:00:00,-6.57,4.38,406.4
2025-10-23 23:00:00,-11.52,-3.06,377.7
2025-10-24 00:00:00,-6.66,-0.42,420.8
2025-10-24 01:00:00,-3.69,0.16,384.0
2025-10-24 02:00:00,-4.42,2.69,448.3
2025-10-24 03:00:00,-6.51,-0.17,393.3
2025-10-24 04:00:00,-3.74,-1.51,397.2
2025-10-24 05:00:00,-9.03,0.11,417.8
2025-10-24 06:00:00,-7.34,-0.77,424.4
2025-10-24 07:00:00,-6.98,1.97,427.6
2025-10-24 08:00:00,1.05,4.78,453.3
2025-10-24 09:00:00,-8.9,1.82,419.9
2025-10-24 10:00:00,-9.98,1.9,398.0
2025-10-24 11:00:00,-11.84,2.47,384.1
2025-10-24 12:00:00,-8.32,0.91,396.0
2025-10-24 13:00:00,-10.87,-0.8,444.5
2025-10-24 14:00:00,-9.24,-0.6,358.4
2025-10-24 15:00:00,-11.52,2.19,375.4
2025-10-24 16:00:00,-18.47,0.58,393.4
2025-10-24 17:00:00,-17.25,-1.96,375.0
2025-10-24 18:00:00,-10.9,2.62,387.7
2025-10-24 19:00:00,-15.44,-1.55,454.2
2025-10-24 20:00:00,-10.77,-2.25,391.1
2025-10-24 21:00:00,-13.98,-1.75,412.3
2025-10-24 22:00:00,-15.4,0.61,350.3
2025-10-24 23:00:00,-12.2,1.95,366.9
2025-10-25 00:00:00,-12.9,0.51,428.0
2025-10-25 01:00:00,-10.4,-1.11,450.0
2025-10-25 02:00:00,-6.9,-1.62,406.6
2025-10-25 03:00:00,-4.93,1.54,390.8
2025-10-25 04:00:00,-10.44,-0.19,414.9
2025-10-25 05:00:00,-5.22,0.68,322.1
2025-10-25 06:00:00,-6.76,-0.28,406.9
2025-10-25 07:00:00,-7.12,0.6,368.6
2025-10-25 08:00:00,-5.27,0.78,423.8
2025-10-25 09:00:00,-8.12,4.85,334.2
2025-10-25 10:00:00,-3.35,0.8,381.1
2025-10-25 11:00:00,-5.14,-0.77,398.8
2025-10-25 12:00:00,-6.45,0.35,377.1
2025-10-25 13:00:00,-12.78,-1.9,388.7
2025-10-25 14:00:00,-15.39,-1.92,427.1
2025-10-25 15:00:00,-13.29,2.5,399.3
2025-10-25 16:00:00,-14.78,0.61,372.1
2025-10-25 17:00:00,-16.66,2.24,428.2
2025-10-25 18:00:00,-18.53,-3.25,407.5
2025-10-25 19:00:00,-14.95,-1.95,408.8
2025-10-25 20:00:00,-15.54,0.6,373.2
2025-10-25 21:00:00,-11.47,-1.65,323.6
2025-10-25 22:00:00,-10.5,-2.85,372.8
2025-10-25 23:00:00,-7.99,-2.16,369.8
2025-10-26 00:00:00,-13.78,-0.64,381.6
2025-10-26 01:00:00,-7.5,0.83,374.7
2025-10-26 02:00:00,-9.68,3.43,403.4
2025-10-26 03:00:00,-10.13,-2.11,426.4
2025-10-26 04:00:00,-6.96,-2.0,432.3
2025-10-26 05:00:00,-1.96,-2.9,425.1
2025-10-26 06:00:00,-6.12,1.15,373.1
2025-10-26 07:00:00,-0.47,0.25,401.8
2025-10-26 08:00:00,-4.02,-1.93,447.0
2025-10-26 09:00:00,-7.65,-1.66,352.5
2025-10-26 10:00:00,-4.02,-0.25,440.4
2025-10-26 11:00:00,-7.37,-0.13,370.1
2025-10-26 12:00:00,-12.8,-2.08,408.8
2025-10-26 13:00:00,-5.72,0.35,412.4
2025-10-26 14:00:00,-11.72,-2.75,405.7
2025-10-26 15:00:00,-13.48,0.1,466.9
2025-10-26 16:00:00,-16.9,-0.36,391.0
2025-10-26 17:00:00,-11.29,0.8,350.8
2025-10-26 18:00:00,-13.45,2.42,410.7
2025-10-26 19:00:00,-12.94,-0.74,394.9
2025-10-26 20:00:00,-15.85,0.0,416.6
2025-10-26 21:00:00,-11.03,-3.96,426.5
2025-10-26 22:00:00,-9.76,3.94,399.0
2025-10-26 23:00:00,-13.3,-3.72,413.1
2025-10-27 00:00:00,-14.25,-0.17,404.3
2025-10-27 01:00:00,-6.96,-5.1,453.8
2025-10-27 02:00:00,-12.22,-1.65,388.9
2025-10-27 03:00:00,-6.01,3.47,379.4
2025-10-27 04:00:00,-7.01,2.29,426.4
2025-10-27 05:00:00,-1.51,1.97,372.1
2025-10-27 06:00:00,-6.18,-0.39,411.8
2025-10-27 07:00:00,-1.85,3.3,394.9
2025-10-27 08:00:00,-7.21,0.51,397.0
2025-10-27 09:00:00,-3.46,1.38,473.1
2025-10-27 10:00:00,-1.32,5.29,437.0
2025-10-27 11:00:00,-11.91,2.18,430.6
2025-10-27 12:00:00,-9.12,-0.13,415.9
2025-10-27 13:00:00,-3.05,1.02,379.3
2025-10-27 14:00:00,-12.3,2.81,407.8
2025-10-27 15:00:00,-13.35,1.24,417.5
2025-10-27 16:00:00,-11.96,1.57,406.0
2025-10-27 17:00:00,-14.71,2.58,402.8
2025-10-27 18:00:00,-20.12,5.06,388.1
2025-10-27 19:00:00,-11.43,-1.87,408.2
2025-10-27 20:00:00,-20.34,1.4,384.2
2025-10-27 21:00:00,-14.79,0.92,421.1
2025-10-27 22:00:00,-8.88,-0.77,339.5
2025-10-27 23:00:00,-12.36,-1.29,440.8
2025-10-28 00:00:00,-12.08,3.3,360.7
2025-10-28 01:00:00,-6.07,-2.04,368.0
2025-10-28 02:00:00,-10.05,-2.82,412.3
2025-10-28 03:00:00,-10.13,-1.13,416.2
2025-10-28 04:00:00,-4.85,-3.56,462.3
2025-10-28 05:00:00,-5.72,-1.69,408.9
2025-10-28 06:00:00,-8.73,-2.11,398.8
2025-10-28 07:00:00,-3.26,0.17,405.7
2025-10-28 08:00:00,-4.28,2.89,447.7
2025-10-28 09:00:00,-7.54,-1.18,472.7
2025-10-28 10:00:00,-8.37,1.73,394.5
2025-10-28 11:00:00,-7.29,1.5,416.3
2025-10-28 12:00:00,-6.43,-4.44,397.8
2025-10-28 13:00:00,-12.14,-1.1,397.2
2025-10-28 14:00:00,-10.54,-0.75,456.4
2025-10-28 15:00:00,-11.84,0.76,372.2
2025-10-28 16:00:00,-11.69,1.14,330.0
2025-10-28 17:00:00,-14.71,0.66,409.5
2025-10-28 18:00:00,-17.74,-1.79,436.0
2025-10-28 19:00:00,-16.22,-1.27,406.6
2025-10-28 20:00:00,-13.3,-3.01,415.1
2025-10-28 21:00:00,-8.08,0.13,422.6
2025-10-28 22:00:00,-13.95,-0.73,403.3
2025-10-28 23:00:00,-8.88,1.07,416.7
2025-10-29 00:00:00,-10.98,1.39,416.2
2025-10-29 01:00:00,-8.37,-0.67,341.2
2025-10-29 02:00:00,-2.95,0.56,403.4
2025-10-29 03:00:00,-4.17,-0.43,352.8
2025-10-29 04:00:00,-9.39,-2.23,398.9
2025-10-29 05:00:00,-6.89,-1.6,385.1
2025-10-29 06:00:00,-1.23,-4.54,431.0
2025-10-29 07:00:00,-4.74,-0.79,407.3
2025-10-29 08:00:00,-9.12,-1.19,414.2
2025-10-29 09:00:00,-8.92,-2.19,394.3
2025-10-29 10:00:00,-5.39,1.64,431.6
2025-10-29 11:00:00,-5.72,1.05,352.1
2025-10-29 12:00:00,-9.95,1.11,373.1
2025-10-29 13:00:00,-3.87,1.38,438.6
2025-10-29 14:00:00,-10.03,-0.0,386.9
2025-10-29 15:00:00,-14.27,-0.02,335.6
2025-10-29 16:00:00,-16.78,1.66,443.6
2025-10-29 17:00:00,-17.75,1.33,432.3
2025-10-29 18:00:00,-13.99,2.05,421.3
2025-10-29 19:00:00,-16.3,-0.09,402.8
2025-10-29 20:00:00,-9.31,-1.97,449.8
2025-10-29 21:00:00,-9.14,0.47,437.8
2025-10-29 22:00:00,-10.6,-1.16,446.4
2025-10-29 23:00:00,-14.83,1.31,420.9
2025-10-30 00:00:00,-12.02,0.58,403.7
2025-10-30 01:00:00,-4.94,0.1,388.0
2025-10-30 02:00:00,-9.19,-0.78,361.9
2025-10-30 03:00:00,-3.1,2.0,415.1
2025-10-30 04:00:00,-4.25,1.85,417.6
2025-10-30 05:00:00,-5.02,-1.12,389.5
2025-10-30 06:00:00,-7.11,-2.46,418.4
2025-10-30 07:00:00,-5.45,0.36,390.0
2025-10-30 08:00:00,-5.1,2.37,426.0
2025-10-30 09:00:00,-3.37,-2.52,373.5
2025-10-30 10:00:00,-10.16,0.94,368.3
2025-10-30 11:00:00,-9.49,-1.64,392.8
2025-10-30 12:00:00,-9.87,-2.03,424.9
2025-10-30 13:00:00,-9.31,1.86,365.2
2025-10-30 14:00:00,-15.23,1.3,431.5
2025-10-30 15:00:00,-17.49,-0.3,350.7
2025-10-30 16:00:00,-12.31,1.58,392.6
2025-10-30 17:00:00,-19.38,1.37,357.6
2025-10-30 18:00:00,-11.15,-2.97,321.7
2025-10-30 19:00:00,-15.3,0.17,411.0
2025-10-30 20:00:00,-18.97,2.83,394.7
2025-10-30 21:00:00,-14.98,0.95,358.1
2025-10-30 22:00:00,-11.36,-5.23,384.5
2025-10-30 23:00:00,-12.89,-2.14,413.3
2025-10-31 00:00:00,-9.94,1.99,389.0
2025-10-31 01:00:00,-6.49,-1.11,394.0
2025-10-31 02:00:00,-8.11,2.24,388.0
2025-10-31 03:00:00,-9.28,4.09,382.5
2025-10-31 04:00:00,-6.57,-0.48,382.1
2025-10-31 05:00:00,-0.93,-1.24,381.3
2025-10-31 06:00:00,0.06,-2.01,377.4
2025-10-31 07:00:00,-11.23,1.52,369.5
2025-10-31 08:00:00,-2.4,-1.21,388.6
2025-10-31 09:00:00,-5.71,-0.8,380.8
2025-10-31 10:00:00,-4.73,-2.22,367.8
2025-10-31 11:00:00,-10.36,-0.87,423.0
2025-10-31 12:00:00,-15.3,-1.41,437.0
2025-10-31 13:00:00,-9.54,-3.96,400.0
2025-10-31 14:00:00,-15.32,-1.68,402.0
2025-10-31 15:00:00,-17.7,1.49,379.2
2025-10-31 16:00:00,-18.29,2.7,432.0
2025-10-31 17:00:00,-13.03,-0.21,452.1
2025-10-31 18:00:00,-14.58,0.07,395.1
2025-10-31 19:00:00,-12.48,0.57,384.4
2025-10-31 20:00:00,-12.32,3.93,410.2
2025-10-31 21:00:00,-14.8,-2.02,403.9
2025-10-31 22:00:00,-12.71,-2.52,385.0
2025-10-31 23:00:00,-12.83,-0.1,414.1
2025-11-01 00:00:00,-10.63,0.79,428.1
2025-11-01 01:00:00,-11.61,-0.07,376.4
2025-11-01 02:00:00,-6.33,-2.73,476.3
2025-11-01 03:00:00,-3.24,1.77,354.0
2025-11-01 04:00:00,-8.12,-0.28,374.4
2025-11-01 05:00:00,-1.33,1.11,407.0
2025-11-01 06:00:00,-4.66,3.11,467.4
2025-11-01 07:00:00,-4.45,-2.93,383.1
2025-11-01 08:00:00,-10.77,-3.44,368.0
2025-11-01 09:00:00,-11.89,1.13,416.5
2025-11-01 10:00:00,-7.07,-4.07,392.5
2025-11-01 11:00:00,-6.34,-0.8,420.0
2025-11-01 12:00:00,-12.01,-1.14,397.9
2025-11-01 13:00:00,-6.28,0.72,374.3
2025-11-01 14:00:00,-10.3,-1.33,470.5
2025-11-01 15:00:00,-16.26,0.98,311.4
2025-11-01 16:00:00,-14.24,-2.13,454.6
2025-11-01 17:00:00,-7.4,-2.48,428.0
2025-11-01 18:00:00,-18.73,0.04,377.6
2025-11-01 19:00:00,-13.24,0.21,456.2
2025-11-01 20:00:00,-15.3,0.59,358.9
2025-11-01 21:00:00,-11.41,2.96,430.2
2025-11-01 22:00:00,-8.7,2.56,337.5
2025-11-01 23:00:00,-12.45,0.9,365.6
2025-11-02 00:00:00,-6.64,1.62,365.5
2025-11-02 01:00:00,-2.04,0.52,377.5
2025-11-02 02:00:00,-7.3,2.36,400.3
2025-11-02 03:00:00,-4.11,0.73,375.2
2025-11-02 04:00:00,-7.44,-1.1,338.9
2025-11-02 05:00:00,-5.11,-1.5,413.9
2025-11-02 06:00:00,-5.53,2.3,401.5
2025-11-02 07:00:00,-2.78,-0.37,412.3
2025-11-02 08:00:00,-2.06,3.83,405.2
2025-11-02 09:00:00,-6.79,-2.21,428.6
2025-11-02 10:00:00,-2.9,2.5,397.7
2025-11-02 11:00:00,-4.12,-0.85,430.4
2025-11-02 12:00:00,-7.46,0.81,376.7
2025-11-02 13:00:00,-12.84,-2.6,378.4
2025-11-02 14:00:00,-14.34,-3.68,441.3
2025-11-02 15:00:00,-15.97,2.96,440.7
2025-11-02 16:00:00,-11.48,-0.88,417.2
2025-11-02 17:00:00,-18.46,1.97,373.3
2025-11-02 18:00:00,-12.97,-1.31,370.9
2025-11-02 19:00:00,-18.07,1.97,439.8
2025-11-02 20:00:00,-11.86,-0.86,438.2
2025-11-02 21:00:00,-13.48,-2.42,398.1
2025-11-02 22:00:00,-8.5,1.29,470.3
2025-11-02 23:00:00,-7.87,1.89,413.8
2025-11-03 00:00:00,-5.69,1.28,366.8
2025-11-03 01:00:00,-4.32,-0.29,391.7
2025-11-03 02:00:00,-7.07,-3.5,400.2
2025-11-03 03:00:00,-9.94,-2.14,402.6
2025-11-03 04:00:00,-8.83,-1.4,437.5
2025-11-03 05:00:00,-11.43,-0.52,371.3
2025-11-03 06:00:00,-8.25,2.26,360.1
2025-11-03 07:00:00,-4.96,-0.23,418.1
2025-11-03 08:00:00,-7.35,-4.21,384.8
2025-11-03 09:00:00,-7.0,-5.18,472.7
2025-11-03 10:00:00,-6.02,-1.39,428.3
2025-11-03 11:00:00,-9.62,-1.03,384.2
2025-11-03 12:00:00,-13.37,0.71,436.4
2025-11-03 13:00:00,-11.45,-2.9,421.9
2025-11-03 14:00:00,-15.2,-2.77,419.0
2025-11-03 15:00:00,-14.35,0.91,396.3
2025-11-03 16:00:00,-10.3,2.67,412.6
2025-11-03 17:00:00,-15.64,-3.93,336.9
2025-11-03 18:00:00,-9.69,-1.54,439.5
2025-11-03 19:00:00,-10.53,2.22,296.9
2025-11-03 20:00:00,-16.07,1.87,386.7
2025-11-03 21:00:00,-16.87,-1.85,352.1
2025-11-03 22:00:00,-12.66,2.32,385.0
2025-11-03 23:00:00,-7.83,0.09,397.8
2025-11-04 00:00:00,-11.47,1.32,364.1
2025-11-04 01:00:00,-5.98,-1.41,316.8
2025-11-04 02:00:00,-3.87,0.58,406.2
2025-11-04 03:00:00,-8.79,-2.33,462.6
2025-11-04 04:00:00,-7.7,-1.09,389.5
2025-11-04 05:00:00,-3.03,-0.59,428.8
2025-11-04 06:00:00,-4.54,0.28,445.1
2025-11-04 07:00:00,-7.23,4.81,343.0
2025-11-04 08:00:00,-6.73,5.12,386.3
2025-11-04 09:00:00,-6.68,-0.78,361.7
2025-11-04 10:00:00,-12.19,2.96,375.8
2025-11-04 11:00:00,-6.41,-2.22,451.1
2025-11-04 12:00:00,-11.44,0.8,406.7
2025-11-04 13:00:00,-19.65,-1.37,423.7
2025-11-04 14:00:00,-12.57,-0.9,398.7
2025-11-04 15:00:00,-15.76,5.32,363.7
2025-11-04 16:00:00,-9.26,-0.77,420.3
2025-11-04 17:00:00,-16.59,-1.3,437.6
2025-11-04 18:00:00,-18.29,-2.0,409.5
2025-11-04 19:00:00,-13.31,-1.54,414.7
2025-11-04 20:00:00,-16.31,-2.84,363.0
2025-11-04 21:00:00,-15.87,0.45,421.2
2025-11-04 22:00:00,-10.97,0.41,440.4
2025-11-04 23:00:00,-14.42,0.68,412.1
2025-11-05 00:00:00,-14.37,-0.02,346.1
2025-11-05 01:00:00,-3.53,-1.13,449.1
2025-11-05 02:00:00,-5.76,-1.31,371.7
2025-11-05 03:00:00,-7.26,0.32,411.6
2025-11-05 04:00:00,-5.68,-0.1,428.6
2025-11-05 05:00:00,-3.65,-1.27,432.4
2025-11-05 06:00:00,-2.08,-0.57,346.0
2025-11-05 07:00:00,-7.44,3.08,403.5
2025-11-05 08:00:00,-4.57,3.94,401.5
2025-11-05 09:00:00,-7.98,-0.44,443.2
2025-11-05 10:00:00,-8.07,-1.47,413.8
2025-11-05 11:00:00,-8.22,-0.09,443.4
2025-11-05 12:00:00,-10.02,2.27,416.2
2025-11-05 13:00:00,-9.09,-0.09,397.8
2025-11-05 14:00:00,-11.04,0.71,405.8
2025-11-05 15:00:00,-18.06,-1.32,445.7
2025-11-05 16:00:00,-18.4,-2.33,361.1
2025-11-05 17:00:00,-15.94,1.52,427.2
2025-11-05 18:00:00,-9.51,0.39,381.2
2025-11-05 19:00:00,-17.38,1.31,374.7
2025-11-05 20:00:00,-14.95,-3.42,430.7
2025-11-05 21:00:00,-15.14,3.67,373.5
2025-11-05 22:00:00,-14.16,0.5,411.3
2025-11-05 23:00:00,-10.76,-3.61,385.3
2025-11-06 00:00:00,-5.8,1.97,329.3
2025-11-06 01:00:00,-7.34,-0.75,414.3
2025-11-06 02:00:00,-9.91,0.06,403.8
2025-11-06 03:00:00,1.8,-0.96,342.7
2025-11-06 04:00:00,-5.43,-0.2,379.0
2025-11-06 05:00:00,-6.9,-0.1,345.8
2025-11-06 06:00:00,-0.76,-3.34,422.0
2025-11-06 07:00:00,-6.58,1.73,441.6
2025-11-06 08:00:00,-0.68,0.23,425.5
2025-11-06 09:00:00,-9.08,0.89,429.7
2025-11-06 10:00:00,-3.21,1.63,384.5
2025-11-06 11:00:00,-8.1,0.24,416.4
2025-11-06 12:00:00,-6.13,0.66,399.7
2025-11-06 13:00:00,-5.59,-2.94,405.6
2025-11-06 14:00:00,-15.9,-1.66,428.7
2025-11-06 15:00:00,-9.71,0.17,435.3
2025-11-06 16:00:00,-18.56,0.37,388.3
2025-11-06 17:00:00,-17.97,0.8,357.8
2025-11-06 18:00:00,-17.41,2.81,394.4
2025-11-06 19:00:00,-13.32,-0.19,393.4
2025-11-06 20:00:00,-14.23,0.73,408.5
2025-11-06 21:00:00,-14.04,0.12,425.0
2025-11-06 22:00:00,-12.06,-0.5,342.6
2025-11-06 23:00:00,-9.52,-0.42,379.9
2025-11-07 00:00:00,-8.0,-1.57,371.1
2025-11-07 01:00:00,-5.42,-0.23,437.5
2025-11-07 02:00:00,-2.04,-0.44,393.7
2025-11-07 03:00:00,-6.53,-0.3,384.6
2025-11-07 04:00:00,-7.23,-3.48,416.1
2025-11-07 05:00:00,-3.33,-0.2,382.2
2025-11-07 06:00:00,-8.43,-1.75,399.5
2025-11-07 07:00:00,-7.21,-0.12,454.4
2025-11-07 08:00:00,-2.67,-2.19,453.6
2025-11-07 09:00:00,-6.84,0.1,387.8
2025-11-07 10:00:00,-11.12,-0.59,394.5
2025-11-07 11:00:00,-13.18,-1.25,381.4
2025-11-07 12:00:00,-9.85,0.58,342.2
2025-11-07 13:00:00,-7.87,0.75,431.1
2025-11-07 14:00:00,-9.11,-0.1,472.6
2025-11-07 15:00:00,-13.2,1.14,386.7
2025-11-07 16:00:00,-8.3,-0.83,375.5
2025-11-07 17:00:00,-15.14,0.8,391.8
2025-11-07 18:00:00,-15.42,-0.08,402.6
2025-11-07 19:00:00,-22.53,-2.0,365.9
2025-11-07 20:00:00,-15.67,-1.6,386.2
2025-11-07 21:00:00,-10.98,2.33,430.4
2025-11-07 22:00:00,-7.81,3.15,403.8
2025-11-07 23:00:00,-13.78,1.43,438.1
2025-11-08 00:00:00,-8.61,-1.17,410.9
2025-11-08 01:00:00,-5.57,2.86,367.3
2025-11-08 02:00:00,-7.47,1.23,382.7
2025-11-08 03:00:00,-13.31,0.67,407.5
2025-11-08 04:00:00,-4.93,3.68,366.3
2025-11-08 05:00:00,-2.89,-1.72,362.4
2025-11-08 06:00:00,-7.84,1.55,364.2
2025-11-08 07:00:00,-5.93,-1.63,415.5
2025-11-08 08:00:00,-9.14,-1.21,389.0
2025-11-08 09:00:00,-14.17,5.2,435.5
2025-11-08 10:00:00,-4.42,1.0,373.1
2025-11-08 11:00:00,-8.72,3.7,326.3
2025-11-08 12:00:00,-5.21,1.09,396.1
2025-11-08 13:00:00,-8.72,0.8,449.4
2025-11-08 14:00:00,-13.56,-1.25,401.0
2025-11-08 15:00:00,-13.79,1.96,358.8
2025-11-08 16:00:00,-12.63,0.05,351.3
2025-11-08 17:00:00,-11.93,0.16,435.9
2025-11-08 18:00:00,-14.03,-0.52,375.8
2025-11-08 19:00:00,-11.51,-0.2,446.3
2025-11-08 20:00:00,-15.22,0.05,419.6
2025-11-08 21:00:00,-16.53,0.25,376.9
2025-11-08 22:00:00,-12.69,-0.1,435.0
2025-11-08 23:00:00,-10.68,-3.11,372.3
2025-11-09 00:00:00,-13.6,1.08,356.6
2025-11-09 01:00:00,-12.72,-0.25,374.0
2025-11-09 02:00:00,-6.16,-6.63,423.1
2025-11-09 03:00:00,-7.68,-3.18,434.1
2025-11-09 04:00:00,-6.17,-0.95,388.1
2025-11-09 05:00:00,-6.25,2.56,344.0
2025-11-09 06:00:00,-0.44,1.22,353.3
2025-11-09 07:00:00,-1.39,-1.37,368.0
2025-11-09 08:00:00,-9.38,-0.38,361.2
2025-11-09 09:00:00,-8.06,2.21,408.0
2025-11-09 10:00:00,-4.95,-1.23,458.1
2025-11-09 11:00:00,-6.9,-2.17,423.9
2025-11-09 12:00:00,-10.12,1.76,366.2
2025-11-09 13:00:00,-14.71,2.23,379.2
2025-11-09 14:00:00,-14.55,-1.21,385.0
2025-11-09 15:00:00,-15.09,0.98,411.7
2025-11-09 16:00:00,-13.5,-0.08,447.1
2025-11-09 17:00:00,-9.72,-1.18,386.0
2025-11-09 18:00:00,-17.06,2.34,446.2
2025-11-09 19:00:00,-17.91,-1.33,463.1
2025-11-09 20:00:00,-14.66,1.51,389.5
2025-11-09 21:00:00,-10.44,0.14,388.7
2025-11-09 22:00:00,-16.84,-0.34,389.2
2025-11-09 23:00:00,-6.93,-1.11,401.9
2025-11-10 00:00:00,-10.52,-1.97,389.3
2025-11-10 01:00:00,-10.91,-0.5,426.5
2025-11-10 02:00:00,-12.3,-1.02,353.5
2025-11-10 03:00:00,-4.34,0.19,384.0
2025-11-10 04:00:00,-6.18,-2.39,409.9
2025-11-10 05:00:00,-4.66,-0.3,426.1
2025-11-10 06:00:00,-7.7,0.81,465.9
2025-11-10 07:00:00,-6.13,-1.35,361.3
2025-11-10 08:00:00,-7.13,1.48,380.4
2025-11-10 09:00:00,-6.77,1.7,332.0
2025-11-10 10:00:00,-9.51,-2.41,366.7
2025-11-10 11:00:00,-13.31,-1.52,346.9
2025-11-10 12:00:00,-1.81,-2.68,384.4
2025-11-10 13:00:00,-15.38,0.85,393.1
2025-11-10 14:00:00,-11.96,0.26,414.1
2025-11-10 15:00:00,-18.85,-3.2,391.0
2025-11-10 16:00:00,-20.32,-1.3,414.1
2025-11-10 17:00:00,-14.54,0.62,403.4
2025-11-10 18:00:00,-14.48,0.23,369.0
2025-11-10 19:00:00,-11.05,2.42,349.4
2025-11-10 20:00:00,-13.13,-2.3,417.5
2025-11-10 21:00:00,-13.98,-0.02,449.4
2025-11-10 22:00:00,-15.35,-2.0,476.1
2025-11-10 23:00:00,-6.8,0.22,428.1
2025-11-11 00:00:00,-7.21,-0.36,443.7
2025-11-11 01:00:00,-12.44,0.54,413.8
2025-11-11 02:00:00,-7.39,-0.82,409.1
2025-11-11 03:00:00,-6.03,1.52,403.3
2025-11-11 04:00:00,-6.71,-1.43,396.8
2025-11-11 05:00:00,-2.85,-2.03,418.2
2025-11-11 06:00:00,-2.5,0.45,384.4
2025-11-11 07:00:00,-5.74,3.71,395.6
2025-11-11 08:00:00,-6.51,-3.04,364.7
2025-11-11 09:00:00,-1.97,-2.29,414.2
2025-11-11 10:00:00,-4.7,0.46,371.2
2025-11-11 11:00:00,-8.49,2.25,401.0
2025-11-11 12:00:00,-14.89,0.61,415.0
2025-11-11 13:00:00,-10.26,-1.22,417.6
2025-11-11 14:00:00,-10.41,0.84,423.1
2025-11-11 15:00:00,-21.8,1.03,393.6
2025-11-11 16:00:00,-13.57,-1.36,414.6
2025-11-11 17:00:00,-16.08,1.65,385.4
2025-11-11 18:00:00,-15.66,-0.07,340.9
2025-11-11 19:00:00,-17.55,-3.5,415.9
2025-11-11 20:00:00,-14.77,-0.27,409.0
2025-11-11 21:00:00,-9.36,-1.14,430.4
2025-11-11 22:00:00,-13.84,2.61,399.2
2025-11-11 23:00:00,-8.4,-2.66,351.9
2025-11-12 00:00:00,-12.42,-0.97,397.3
2025-11-12 01:00:00,-6.43,0.51,426.6
2025-11-12 02:00:00,-7.5,4.84,414.3
2025-11-12 03:00:00,-5.41,3.91,395.6
2025-11-12 04:00:00,-5.65,-0.09,350.1
2025-11-12 05:00:00,-3.25,0.7,369.2
2025-11-12 06:00:00,-12.7,1.2,414.3
2025-11-12 07:00:00,-9.43,-2.02,350.0
2025-11-12 08:00:00,-4.42,0.02,390.5
2025-11-12 09:00:00,-12.6,2.71,401.2
2025-11-12 10:00:00,-9.09,0.28,434.5
2025-11-12 11:00:00,-8.87,3.9,418.4
2025-11-12 12:00:00,-12.48,-0.89,428.9
2025-11-12 13:00:00,-13.37,-0.18,409.1
2025-11-12 14:00:00,-11.69,-0.16,374.6
2025-11-12 15:00:00,-10.51,-2.6,381.6
2025-11-12 16:00:00,-17.21,2.21,372.0
2025-11-12 17:00:00,-16.55,-0.67,417.7
2025-11-12 18:00:00,-17.19,0.52,379.2
2025-11-12 19:00:00,-22.09,-1.2,388.2
2025-11-12 20:00:00,-13.9,3.45,400.7
2025-11-12 21:00:00,-10.73,2.47,449.2
2025-11-12 22:00:00,-9.45,0.12,419.7
2025-11-12 23:00:00,-13.91,-2.45,376.8
2025-11-13 00:00:00,-13.76,1.49,404.6
2025-11-13 01:00:00,-8.64,2.17,449.5
2025-11-13 02:00:00,-5.01,-1.85,418.5
2025-11-13 03:00:00,-6.0,-0.29,352.1
2025-11-13 04:00:00,-4.8,0.15,372.5
2025-11-13 05:00:00,-1.74,2.17,370.2
2025-11-13 06:00:00,-7.22,-0.3,443.2
2025-11-13 07:00:00,-5.83,1.92,437.7
2025-11-13 08:00:00,-0.77,-1.55,381.2
2025-11-13 09:00:00,-7.05,-2.11,380.6
2025-11-13 10:00:00,-11.3,3.66,401.3
2025-11-13 11:00:00,-10.71,-2.62,402.2
2025-11-13 12:00:00,-12.81,-1.5,371.1
2025-11-13 13:00:00,-10.22,1.57,392.5
2025-11-13 14:00:00,-15.19,-1.06,356.4
2025-11-13 15:00:00,-12.72,-1.11,438.2
2025-11-13 16:00:00,-16.54,-0.4,347.2
2025-11-13 17:00:00,-21.2,-4.31,346.9
2025-11-13 18:00:00,-14.08,2.24,413.1
2025-11-13 19:00:00,-14.38,0.35,362.9
2025-11-13 20:00:00,-12.78,-1.62,385.0
2025-11-13 21:00:00,-15.55,-3.43,401.9
2025-11-13 22:00:00,-14.84,-2.73,420.3
2025-11-13 23:00:00,-10.09,-3.19,393.4
2025-11-14 00:00:00,-5.44,0.45,453.4
2025-11-14 01:00:00,-8.67,0.47,400.0
2025-11-14 02:00:00,-6.23,1.22,435.7
2025-11-14 03:00:00,-7.43,1.47,408.4
2025-11-14 04:00:00,-10.3,1.26,463.9
2025-11-14 05:00:00,-2.27,3.08,431.8
2025-11-14 06:00:00,-2.27,2.39,401.3
2025-11-14 07:00:00,-3.04,1.92,418.9
2025-11-14 08:00:00,-6.22,0.47,392.2
2025-11-14 09:00:00,-4.67,1.44,391.9
2025-11-14 10:00:00,-4.82,-0.82,360.9
2025-11-14 11:00:00,-3.85,-0.44,375.8
2025-11-14 12:00:00,-7.03,3.44,461.8
2025-11-14 13:00:00,-11.1,-1.11,363.9
2025-11-14 14:00:00,-16.42,-1.26,380.3
2025-11-14 15:00:00,-13.07,-0.72,397.2
2025-11-14 16:00:00,-13.56,-1.1,398.2
2025-11-14 17:00:00,-12.7,-0.93,411.5
2025-11-14 18:00:00,-10.94,0.48,385.9
2025-11-14 19:00:00,-15.12,0.55,413.4
2025-11-14 20:00:00,-8.03,1.82,434.3
2025-11-14 21:00:00,-18.81,4.38,438.0
2025-11-14 22:00:00,-11.24,-0.74,392.0
2025-11-14 23:00:00,-13.69,-0.13,418.3
2025-11-15 00:00:00,-15.72,-3.68,365.6
2025-11-15 01:00:00,-9.31,-2.58,378.3
2025-11-15 02:00:00,-11.87,-0.29,364.8
2025-11-15 03:00:00,-6.95,0.93,398.6
2025-11-15 04:00:00,-5.57,0.98,374.2
2025-11-15 05:00:00,-1.81,1.23,354.4
2025-11-15 06:00:00,-9.52,2.51,388.4
2025-11-15 07:00:00,-2.45,3.41,348.1
2025-11-15 08:00:00,-5.38,-0.49,439.8
2025-11-15 09:00:00,-3.38,-1.6,383.3
2025-11-15 10:00:00,-8.8,1.31,429.6
2025-11-15 11:00:00,-12.7,1.87,385.2
2025-11-15 12:00:00,-13.65,0.27,364.2
2025-11-15 13:00:00,-15.17,-0.36,435.3
2025-11-15 14:00:00,-11.07,-1.01,402.7
2025-11-15 15:00:00,-9.1,-0.08,456.6
2025-11-15 16:00:00,-16.02,1.38,386.0
2025-11-15 17:00:00,-12.94,-1.34,386.7
2025-11-15 18:00:00,-19.57,-1.6,430.1
2025-11-15 19:00:00,-14.29,1.2,430.4
2025-11-15 20:00:00,-12.32,-1.7,404.6
2025-11-15 21:00:00,-17.88,0.3,500.1
2025-11-15 22:00:00,-13.11,0.2,391.6
2025-11-15 23:00:00,-9.15,0.0,361.9
2025-11-16 00:00:00,-18.8,-1.29,369.9
2025-11-16 01:00:00,-4.7,3.47,391.8
2025-11-16 02:00:00,-6.44,0.8,445.6
2025-11-16 03:00:00,-4.31,-1.03,394.4
2025-11-16 04:00:00,-6.91,0.66,447.0
2025-11-16 05:00:00,-10.34,3.66,413.0
2025-11-16 06:00:00,-3.4,0.18,432.5
2025-11-16 07:00:00,-5.42,3.07,411.6
2025-11-16 08:00:00,-5.57,-2.3,411.4
2025-11-16 09:00:00,-3.2,-1.7,422.6
2025-11-16 10:00:00,-5.21,-4.28,383.0
2025-11-16 11:00:00,-2.94,3.95,383.3
2025-11-16 12:00:00,-9.54,-3.4,410.5
2025-11-16 13:00:00,-13.37,0.35,458.2
2025-11-16 14:00:00,-13.07,3.48,353.8
2025-11-16 15:00:00,-12.29,1.94,339.1
2025-11-16 16:00:00,-11.28,0.75,392.1
2025-11-16 17:00:00,-19.23,2.57,430.9
2025-11-16 18:00:00,-14.97,-1.34,401.5
2025-11-16 19:00:00,-10.0,1.04,364.9
2025-11-16 20:00:00,-15.05,-0.23,402.4
2025-11-16 21:00:00,-10.74,-0.27,348.0
2025-11-16 22:00:00,-11.02,0.38,418.9
2025-11-16 23:00:00,-8.43,2.35,390.7
2025-11-17 00:00:00,-12.43,3.13,397.5
2025-11-17 01:00:00,-11.12,-0.53,412.8
2025-11-17 02:00:00,-7.44,-2.18,406.2
2025-11-17 03:00:00,-11.06,-1.64,383.8
2025-11-17 04:00:00,-6.48,3.9,431.0
2025-11-17 05:00:00,-4.41,2.96,423.9
2025-11-17 06:00:00,0.35,-2.18,346.8
2025-11-17 07:00:00,-3.96,3.32,393.1
2025-11-17 08:00:00,-3.79,-1.42,367.6
2025-11-17 09:00:00,-2.97,1.33,362.0
2025-11-17 10:00:00,-10.39,-1.42,416.1
2025-11-17 11:00:00,-9.2,4.33,387.4
2025-11-17 12:00:00,-2.72,-1.14,395.7
2025-11-17 13:00:00,-11.53,-2.1,379.9
2025-11-17 14:00:00,-9.15,-0.91,411.1
2025-11-17 15:00:00,-10.64,5.25,420.4
2025-11-17 16:00:00,-18.76,0.52,465.1
2025-11-17 17:00:00,-13.9,-2.06,394.6
2025-11-17 18:00:00,-14.56,-1.58,356.5
2025-11-17 19:00:00,-13.84,-3.5,384.9
2025-11-17 20:00:00,-16.59,1.08,425.4
2025-11-17 21:00:00,-16.89,-2.5,376.8
2025-11-17 22:00:00,-13.93,2.21,355.5
2025-11-17 23:00:00,-11.59,1.58,377.4
2025-11-18 00:00:00,-6.45,-0.2,384.0
2025-11-18 01:00:00,-3.25,2.47,367.5
2025-11-18 02:00:00,-3.31,1.85,406.5
2025-11-18 03:00:00,-3.88,0.31,397.6
2025-11-18 04:00:00,-8.68,-1.54,423.7
2025-11-18 05:00:00,-6.4,0.83,386.6
2025-11-18 06:00:00,-4.37,0.82,416.7
2025-11-18 07:00:00,-7.07,0.98,385.2
2025-11-18 08:00:00,-3.94,0.16,366.1
2025-11-18 09:00:00,-4.3,0.65,383.7
2025-11-18 10:00:00,-5.89,0.6,351.5
2025-11-18 11:00:00,-5.63,2.72,453.6
2025-11-18 12:00:00,-12.71,-2.55,404.3
2025-11-18 13:00:00,-8.5,-2.0,376.1
2025-11-18 14:00:00,-14.59,0.15,388.7
2025-11-18 15:00:00,-16.36,-1.52,326.5
2025-11-18 16:00:00,-12.73,0.42,443.0
2025-11-18 17:00:00,-11.18,-2.23,440.1
2025-11-18 18:00:00,-13.54,-1.91,403.2
2025-11-18 19:00:00,-14.77,4.12,409.6
2025-11-18 20:00:00,-13.4,-0.46,362.0
2025-11-18 21:00:00,-13.13,-2.34,364.2
2025-11-18 22:00:00,-15.88,-0.23,349.1
2025-11-18 23:00:00,-15.02,2.07,395.2
2025-11-19 00:00:00,-10.24,2.41,431.8
2025-11-19 01:00:00,-8.47,-2.92,388.5
2025-11-19 02:00:00,-7.47,-1.53,410.4
2025-11-19 03:00:00,-4.44,0.45,429.4
2025-11-19 04:00:00,-6.32,-0.07,351.3
2025-11-19 05:00:00,-3.48,-3.2,455.4
2025-11-19 06:00:00,-5.43,-2.88,434.7
2025-11-19 07:00:00,0.3,-2.14,415.4
2025-11-19 08:00:00,-5.43,-3.54,427.7
2025-11-19 09:00:00,0.56,-0.92,429.1
2025-11-19 10:00:00,-6.44,2.39,408.8
2025-11-19 11:00:00,-9.35,-1.33,442.8
2025-11-19 12:00:00,-12.7,2.16,386.4
2025-11-19 13:00:00,-15.62,0.06,413.9
2025-11-19 14:00:00,-15.47,-0.37,439.6
2025-11-19 15:00:00,-16.17,-3.33,319.3
2025-11-19 16:00:00,-13.15,2.34,413.1
2025-11-19 17:00:00,-16.41,0.23,421.7
2025-11-19 18:00:00,-14.44,-3.2,348.7
2025-11-19 19:00:00,-10.98,0.76,408.5
2025-11-19 20:00:00,-14.59,-1.18,376.2
2025-11-19 21:00:00,-7.3,0.12,411.9
2025-11-19 22:00:00,-16.03,0.48,397.2
2025-11-19 23:00:00,-11.75,2.43,371.6
2025-11-20 00:00:00,-11.62,-2.25,433.3
2025-11-20 01:00:00,-5.9,1.14,387.4
2025-11-20 02:00:00,-14.22,2.66,408.1
2025-11-20 03:00:00,-10.79,5.04,439.4
2025-11-20 04:00:00,-5.99,2.1,372.5
2025-11-20 05:00:00,-0.52,0.72,400.2
2025-11-20 06:00:00,-4.32,0.55,385.1
2025-11-20 07:00:00,-9.23,3.1,391.8
2025-11-20 08:00:00,-9.26,-0.57,464.7
2025-11-20 09:00:00,-1.45,1.59,413.7
2025-11-20 10:00:00,-9.36,4.39,409.4
2025-11-20 11:00:00,-11.53,-0.22,415.7
2025-11-20 12:00:00,-5.57,-4.03,412.9
2025-11-20 13:00:00,-8.26,-1.72,345.2
2025-11-20 14:00:00,-8.68,0.59,468.9
2025-11-20 15:00:00,-16.39,-1.67,356.1
2025-11-20 16:00:00,-18.91,-0.69,452.0
2025-11-20 17:00:00,-14.43,-0.59,418.5
2025-11-20 18:00:00,-13.99,1.12,405.4
2025-11-20 19:00:00,-13.74,-1.89,390.8
2025-11-20 20:00:00,-9.9,-1.17,478.2
2025-11-20 21:00:00,-18.74,2.81,418.1
2025-11-20 22:00:00,-9.92,-0.96,400.5
2025-11-20 23:00:00,-14.58,1.45,383.9
2025-11-21 00:00:00,-7.43,0.03,380.3
2025-11-21 01:00:00,-10.13,-0.05,401.5
2025-11-21 02:00:00,-9.94,1.48,372.1
2025-11-21 03:00:00,-8.29,-3.72,420.4
2025-11-21 04:00:00,-10.01,0.89,380.6
2025-11-21 05:00:00,-5.05,1.11,430.1
2025-11-21 06:00:00,-7.32,1.7,429.5
2025-11-21 07:00:00,-2.81,-0.75,398.3
2025-11-21 08:00:00,-3.75,0.0,417.4
2025-11-21 09:00:00,-1.4,-4.91,418.9
2025-11-21 10:00:00,-6.4,-1.34,356.1
2025-11-21 11:00:00,-7.14,0.35,452.0
2025-11-21 12:00:00,-5.8,2.94,392.3
2025-11-21 13:00:00,-13.18,3.69,420.9
2025-11-21 14:00:00,-16.96,-0.68,421.7
2025-11-21 15:00:00,-12.94,1.75,325.3
2025-11-21 16:00:00,-18.6,-0.29,380.3
2025-11-21 17:00:00,-7.47,-3.23,425.2
2025-11-21 18:00:00,-10.63,1.21,401.9
2025-11-21 19:00:00,-8.34,3.66,420.7
2025-11-21 20:00:00,-14.14,-0.76,402.8
2025-11-21 21:00:00,-11.88,-1.81,436.9
2025-11-21 22:00:00,-13.88,0.13,403.4
2025-11-21 23:00:00,-8.65,-0.25,442.7
2025-11-22 00:00:00,-13.65,5.22,370.6
2025-11-22 01:00:00,-16.34,2.01,396.2
2025-11-22 02:00:00,-9.87,0.26,382.2
2025-11-22 03:00:00,-10.83,-5.79,411.7
2025-11-22 04:00:00,-1.24,-0.29,391.6
2025-11-22 05:00:00,0.28,3.7,393.1
2025-11-22 06:00:00,-9.21,0.16,378.9
2025-11-22 07:00:00,-1.3,1.64,386.2
2025-11-22 08:00:00,-2.82,0.78,399.7
2025-11-22 09:00:00,-11.17,-0.97,339.4
2025-11-22 10:00:00,-8.67,3.38,330.9
2025-11-22 11:00:00,-10.45,0.38,401.8
2025-11-22 12:00:00,-7.76,-1.41,316.9
2025-11-22 13:00:00,-14.98,0.04,394.2
2025-11-22 14:00:00,-12.8,2.86,388.7
2025-11-22 15:00:00,-15.59,-2.96,416.3
2025-11-22 16:00:00,-12.91,0.54,379.8
2025-11-22 17:00:00,-15.48,0.15,447.1
2025-11-22 18:00:00,-16.61,-3.08,425.4
2025-11-22 19:00:00,-15.47,1.53,354.6
2025-11-22 20:00:00,-8.22,0.51,391.5
2025-11-22 21:00:00,-14.79,1.76,445.8
2025-11-22 22:00:00,-15.62,2.28,379.1
2025-11-22 23:00:00,-9.54,-0.11,398.4
2025-11-23 00:00:00,-10.43,-1.11,442.1
2025-11-23 01:00:00,-12.95,-2.85,383.8
2025-11-23 02:00:00,-0.81,-1.29,433.7
2025-11-23 03:00:00,-7.52,0.02,372.7
2025-11-23 04:00:00,-6.8,-1.93,313.4
2025-11-23 05:00:00,-4.69,1.17,436.9
2025-11-23 06:00:00,0.19,-1.81,413.2
2025-11-23 07:00:00,-10.21,-3.53,415.1
2025-11-23 08:00:00,-4.84,-1.16,367.2
2025-11-23 09:00:00,-0.2,0.37,369.6
2025-11-23 10:00:00,-7.11,-2.52,434.5
2025-11-23 11:00:00,-12.41,-1.78,407.3
2025-11-23 12:00:00,-11.86,-1.26,396.5
2025-11-23 13:00:00,-10.67,-1.0,406.6
2025-11-23 14:00:00,-8.51,0.6,445.3
2025-11-23 15:00:00,-14.55,1.28,421.7
2025-11-23 16:00:00,-11.85,-0.95,385.8
2025-11-23 17:00:00,-19.14,-2.08,357.9
2025-11-23 18:00:00,-19.33,0.27,417.6
2025-11-23 19:00:00,-16.28,1.04,372.3
2025-11-23 20:00:00,-10.02,3.23,364.5
2025-11-23 21:00:00,-13.33,2.29,439.5
2025-11-23 22:00:00,-11.63,-2.52,426.2
2025-11-23 23:00:00,-10.46,-0.28,411.6
2025-11-24 00:00:00,-6.67,0.91,362.8
2025-11-24 01:00:00,-10.54,-1.7,453.7
2025-11-24 02:00:00,-5.44,-0.7,430.9
2025-11-24 03:00:00,-8.96,1.35,390.9
2025-11-24 04:00:00,0.28,0.5,384.5
2025-11-24 05:00:00,-7.57,0.0,402.4
2025-11-24 06:00:00,-7.65,-1.31,385.6
2025-11-24 07:00:00,-3.52,-2.89,466.4
2025-11-24 08:00:00,-5.43,-0.62,388.4
2025-11-24 09:00:00,-5.48,-0.18,368.0
2025-11-24 10:00:00,-6.82,-2.94,447.7
2025-11-24 11:00:00,-11.98,0.1,382.9
2025-11-24 12:00:00,-5.16,0.78,423.6
2025-11-24 13:00:00,-8.61,-1.38,420.3
2025-11-24 14:00:00,-8.42,0.81,398.2
2025-11-24 15:00:00,-15.12,0.55,370.8
2025-11-24 16:00:00,-13.08,-0.61,398.6
2025-11-24 17:00:00,-14.24,-0.83,364.9
2025-11-24 18:00:00,-11.62,-0.66,399.3
2025-11-24 19:00:00,-11.35,-1.71,423.2
2025-11-24 20:00:00,-13.75,0.69,451.5
2025-11-24 21:00:00,-18.09,-1.69,367.4
2025-11-24 22:00:00,-7.16,-1.56,392.5
2025-11-24 23:00:00,-9.63,0.99,384.3
2025-11-25 00:00:00,-11.83,-0.48,408.2
2025-11-25 01:00:00,-7.49,0.12,354.3
2025-11-25 02:00:00,-12.03,-3.42,372.1
2025-11-25 03:00:00,-3.3,-1.05,349.2
2025-11-25 04:00:00,-10.08,3.36,356.9
2025-11-25 05:00:00,-5.83,-3.56,380.2
2025-11-25 06:00:00,-4.27,3.5,450.1
2025-11-25 07:00:00,-2.05,0.52,410.4
2025-11-25 08:00:00,-5.35,-1.07,401.9
2025-11-25 09:00:00,-4.56,-0.41,440.4
2025-11-25 10:00:00,-7.58,2.46,411.5
2025-11-25 11:00:00,-8.8,-4.55,414.3
2025-11-25 12:00:00,-9.74,2.83,385.8
2025-11-25 13:00:00,-11.86,0.53,380.9
2025-11-25 14:00:00,-17.56,2.02,360.7
2025-11-25 15:00:00,-15.84,-3.5,382.0
2025-11-25 16:00:00,-13.6,-0.45,391.6
2025-11-25 17:00:00,-15.58,-4.66,410.3
2025-11-25 18:00:00,-15.47,2.4,398.9
2025-11-25 19:00:00,-15.8,-1.97,389.0
2025-11-25 20:00:00,-16.92,-1.99,372.6
2025-11-25 21:00:00,-15.01,-3.87,412.0
2025-11-25 22:00:00,-13.42,0.89,385.1
2025-11-25 23:00:00,-11.28,0.14,410.6
2025-11-26 00:00:00,-8.82,-1.5,342.6
2025-11-26 01:00:00,-9.25,0.53,410.1
2025-11-26 02:00:00,-10.59,-1.56,422.4
2025-11-26 03:00:00,-10.66,-3.52,418.6
2025-11-26 04:00:00,2.12,-0.73,394.1
2025-11-26 05:00:00,-8.56,3.29,427.5
2025-11-26 06:00:00,-6.56,1.94,361.8
2025-11-26 07:00:00,-3.62,0.91,397.3
2025-11-26 08:00:00,-4.59,0.49,394.2
2025-11-26 09:00:00,-4.9,-0.73,431.1
2025-11-26 10:00:00,-8.83,1.47,339.4
2025-11-26 11:00:00,-7.99,1.13,368.3
2025-11-26 12:00:00,-9.82,-0.17,452.4
2025-11-26 13:00:00,-12.23,0.4,327.1
2025-11-26 14:00:00,-11.76,-3.21,424.4
2025-11-26 15:00:00,-10.37,-0.96,379.0
2025-11-26 16:00:00,-14.4,-2.39,407.6
2025-11-26 17:00:00,-14.88,-2.42,442.4
2025-11-26 18:00:00,-11.8,0.94,408.8
2025-11-26 19:00:00,-11.95,-2.53,443.0
2025-11-26 20:00:00,-9.58,1.54,385.2
2025-11-26 21:00:00,-18.8,2.06,389.2
2025-11-26 22:00:00,-9.78,-0.12,423.6
2025-11-26 23:00:00,-9.49,-1.21,386.8
2025-11-27 00:00:00,-12.66,2.06,417.9
2025-11-27 01:00:00,-7.95,1.1,435.5
2025-11-27 02:00:00,-4.35,2.39,426.1
2025-11-27 03:00:00,-8.95,-2.16,352.6
2025-11-27 04:00:00,-4.34,-0.52,389.8
2025-11-27 05:00:00,-2.56,-0.44,408.5
2025-11-27 06:00:00,-8.21,0.42,392.7
2025-11-27 07:00:00,-5.6,1.25,402.4
2025-11-27 08:00:00,-4.77,0.28,408.9
2025-11-27 09:00:00,-8.85,2.67,384.2
2025-11-27 10:00:00,-10.14,-0.75,394.2
2025-11-27 11:00:00,-9.11,-2.1,364.6
2025-11-27 12:00:00,-7.6,-1.33,385.7
2025-11-27 13:00:00,-9.36,-1.58,354.2
2025-11-27 14:00:00,-15.08,-0.91,403.5
2025-11-27 15:00:00,-11.58,-0.54,394.2
2025-11-27 16:00:00,-16.84,-0.45,372.5
2025-11-27 17:00:00,-19.66,0.46,453.6
2025-11-27 18:00:00,-16.1,-0.92,392.6
2025-11-27 19:00:00,-11.46,2.1,408.6
2025-11-27 20:00:00,-12.36,-3.88,380.8
2025-11-27 21:00:00,-13.54,-4.45,387.6
2025-11-27 22:00:00,-13.75,2.0,409.7
2025-11-27 23:00:00,-12.46,1.85,390.0
2025-11-28 00:00:00,-9.67,2.48,400.1
2025-11-28 01:00:00,-11.91,1.27,424.2
2025-11-28 02:00:00,-8.54,0.01,384.5
2025-11-28 03:00:00,-7.11,-0.52,360.0
2025-11-28 04:00:00,-9.72,-3.2,354.2
2025-11-28 05:00:00,-7.69,0.3,443.2
2025-11-28 06:00:00,-3.77,-2.87,427.9
2025-11-28 07:00:00,-5.14,4.93,419.7
2025-11-28 08:00:00,-6.6,-2.06,386.9
2025-11-28 09:00:00,-9.2,-0.15,360.0
2025-11-28 10:00:00,-2.77,3.01,391.5
2025-11-28 11:00:00,-11.22,-0.73,397.2
2025-11-28 12:00:00,-9.25,-0.72,366.1
2025-11-28 13:00:00,-12.76,-5.17,355.9
2025-11-28 14:00:00,-12.39,-2.62,348.1
2025-11-28 15:00:00,-12.16,1.12,419.7
2025-11-28 16:00:00,-18.44,3.35,363.8
2025-11-28 17:00:00,-14.85,-1.78,409.3
2025-11-28 18:00:00,-11.43,0.39,388.1
2025-11-28 19:00:00,-9.55,5.42,417.7
2025-11-28 20:00:00,-14.72,1.13,410.1
2025-11-28 21:00:00,-13.41,1.95,393.0
2025-11-28 22:00:00,-5.87,-1.53,403.9
2025-11-28 23:00:00,-7.89,3.1,396.7
2025-11-29 00:00:00,-11.85,-1.38,381.5
2025-11-29 01:00:00,-10.56,-1.74,429.4
2025-11-29 02:00:00,-4.63,2.96,387.3
2025-11-29 03:00:00,-9.5,-1.27,397.4
2025-11-29 04:00:00,-2.41,-0.01,357.5
2025-11-29 05:00:00,-4.17,3.25,408.2
2025-11-29 06:00:00,-3.45,-1.83,381.7
2025-11-29 07:00:00,-5.94,-0.47,385.7
2025-11-29 08:00:00,-7.56,-1.22,374.8
2025-11-29 09:00:00,-2.08,-0.66,396.3
2025-11-29 10:00:00,-8.24,0.08,339.8
2025-11-29 11:00:00,-9.94,2.68,420.5
2025-11-29 12:00:00,-10.24,3.28,398.8
2025-11-29 13:00:00,-10.72,0.31,386.0
2025-11-29 14:00:00,-15.59,-1.45,353.6
2025-11-29 15:00:00,-15.23,1.36,413.0
2025-11-29 16:00:00,-16.18,0.01,381.0
2025-11-29 17:00:00,-12.29,0.08,439.2
2025-11-29 18:00:00,-17.66,-2.06,414.6
2025-11-29 19:00:00,-20.1,-3.23,446.0
2025-11-29 20:00:00,-20.23,-0.04,404.1
2025-11-29 21:00:00,-17.95,-2.14,432.3
2025-11-29 22:00:00,-8.42,-1.06,413.9
2025-11-29 23:00:00,-11.25,2.97,386.5
2025-11-30 00:00:00,-8.5,-0.14,405.6
2025-11-30 01:00:00,-7.1,2.21,375.0
2025-11-30 02:00:00,-7.33,0.59,462.1
2025-11-30 03:00:00,-6.69,1.17,397.0
2025-11-30 04:00:00,-2.54,-1.1,400.8
2025-11-30 05:00:00,-4.73,2.31,411.7
2025-11-30 06:00:00,-0.8,0.62,367.4
2025-11-30 07:00:00,-3.31,-0.53,439.6
2025-11-30 08:00:00,-7.52,0.62,369.2
2025-11-30 09:00:00,-7.96,-1.43,362.5
2025-11-30 10:00:00,-9.68,-0.59,395.0
2025-11-30 11:00:00,-5.05,-0.11,361.6
2025-11-30 12:00:00,-11.22,-1.05,446.9
2025-11-30 13:00:00,-13.69,3.12,393.1
2025-11-30 14:00:00,-11.54,-0.83,303.4
2025-11-30 15:00:00,-13.83,4.17,406.0
2025-11-30 16:00:00,-13.45,0.13,416.6
2025-11-30 17:00:00,-9.16,-0.47,387.4
2025-11-30 18:00:00,-12.26,-1.01,359.3
2025-11-30 19:00:00,-14.75,0.84,396.9
2025-11-30 20:00:00,-18.56,1.79,385.5
2025-11-30 21:00:00,-15.04,-5.08,370.7
2025-11-30 22:00:00,-10.37,0.01,368.1
2025-11-30 23:00:00,-14.81,-3.98,404.7
2025-12-01 00:00:00,-3.58,1.96,427.1
2025-12-01 01:00:00,-8.66,2.0,413.8
2025-12-01 02:00:00,-7.35,0.08,348.2
2025-12-01 03:00:00,-8.46,0.42,418.5
2025-12-01 04:00:00,-4.18,-2.86,423.2
2025-12-01 05:00:00,-8.64,-1.09,441.8
2025-12-01 06:00:00,1.49,-1.22,371.5
2025-12-01 07:00:00,-1.22,-0.9,398.3
2025-12-01 08:00:00,-2.72,1.74,417.0
2025-12-01 09:00:00,-10.64,2.56,384.2
2025-12-01 10:00:00,-6.88,1.22,416.6
2025-12-01 11:00:00,-5.08,-0.65,399.3
2025-12-01 12:00:00,-8.22,-1.49,374.6
2025-12-01 13:00:00,-14.3,0.18,377.2
2025-12-01 14:00:00,-14.45,0.59,437.5
2025-12-01 15:00:00,-14.89,-0.44,370.1
2025-12-01 16:00:00,-16.14,-1.32,365.0
2025-12-01 17:00:00,-10.24,1.23,410.3
2025-12-01 18:00:00,-20.76,1.43,399.1
2025-12-01 19:00:00,-12.86,-2.62,360.7
2025-12-01 20:00:00,-18.21,-0.77,384.4
2025-12-01 21:00:00,-16.42,1.56,375.5
2025-12-01 22:00:00,-18.53,1.98,380.7
2025-12-01 23:00:00,-12.94,0.13,475.7
2025-12-02 00:00:00,-5.47,0.73,390.9
2025-12-02 01:00:00,-7.91,0.51,373.6
2025-12-02 02:00:00,-11.1,1.91,460.7
2025-12-02 03:00:00,-3.41,-2.22,426.6
2025-12-02 04:00:00,-1.98,0.54,421.7
2025-12-02 05:00:00,-4.86,-1.78,375.0
2025-12-02 06:00:00,1.1,2.18,435.7
2025-12-02 07:00:00,-2.71,-2.12,424.5
2025-12-02 08:00:00,-3.62,0.82,404.4
2025-12-02 09:00:00,-8.87,-1.77,348.5
2025-12-02 10:00:00,-5.62,1.5,399.4
2025-12-02 11:00:00,-8.06,0.88,451.9
2025-12-02 12:00:00,-8.44,0.48,406.6
2025-12-02 13:00:00,-13.35,3.92,388.7
2025-12-02 14:00:00,-12.12,-1.41,393.1
2025-12-02 15:00:00,-15.99,1.85,395.2
2025-12-02 16:00:00,-20.77,2.34,376.0
2025-12-02 17:00:00,-11.83,1.85,398.8
2025-12-02 18:00:00,-19.51,-1.35,443.3
2025-12-02 19:00:00,-14.51,-0.47,439.9
2025-12-02 20:00:00,-13.33,-1.21,377.4
2025-12-02 21:00:00,-12.56,-0.59,438.3
2025-12-02 22:00:00,-13.35,-1.68,422.8
2025-12-02 23:00:00,-10.48,-0.73,419.0
2025-12-03 00:00:00,-8.59,2.94,413.0
2025-12-03 01:00:00,-6.5,-0.64,372.1
2025-12-03 02:00:00,-2.3,0.21,387.8
2025-12-03 03:00:00,-5.76,-1.45,425.0
2025-12-03 04:00:00,-5.48,-0.03,363.8
2025-12-03 05:00:00,-7.89,1.65,368.8
2025-12-03 06:00:00,-3.69,0.98,409.2
2025-12-03 07:00:00,-3.17,2.84,376.3
2025-12-03 08:00:00,-6.25,-2.42,424.7
2025-12-03 09:00:00,-4.83,-1.51,377.4
2025-12-03 10:00:00,-8.38,-0.83,407.3
2025-12-03 11:00:00,-6.69,3.05,409.8
2025-12-03 12:00:00,-7.26,0.6,385.5
2025-12-03 13:00:00,-8.6,-2.83,392.8
2025-12-03 14:00:00,-12.15,2.18,379.6
2025-12-03 15:00:00,-16.66,0.22,399.4
2025-12-03 16:00:00,-16.17,1.78,371.1
2025-12-03 17:00:00,-13.04,3.17,393.3
2025-12-03 18:00:00,-7.65,-1.96,422.5
2025-12-03 19:00:00,-15.85,3.17,365.9
2025-12-03 20:00:00,-12.96,-0.15,385.4
2025-12-03 21:00:00,-15.2,-0.83,415.5
2025-12-03 22:00:00,-15.42,0.31,337.7
2025-12-03 23:00:00,-13.32,-2.39,455.7
2025-12-04 00:00:00,-16.25,-0.04,431.4
2025-12-04 01:00:00,-4.65,-0.49,353.8
2025-12-04 02:00:00,-14.19,-1.88,336.9
2025-12-04 03:00:00,-7.26,-1.29,400.9
2025-12-04 04:00:00,-9.2,2.28,366.4
2025-12-04 05:00:00,-7.82,-0.36,428.8
2025-12-04 06:00:00,-0.87,-1.96,411.8
2025-12-04 07:00:00,-4.57,0.9,403.7
2025-12-04 08:00:00,-8.57,1.53,382.9
2025-12-04 09:00:00,-8.23,-0.0,448.0
2025-12-04 10:00:00,-9.8,-2.47,422.6
2025-12-04 11:00:00,-8.84,-5.09,418.1
2025-12-04 12:00:00,-9.48,-1.8,436.0
2025-12-04 13:00:00,-5.61,2.11,369.4
2025-12-04 14:00:00,-18.25,1.93,438.5
2025-12-04 15:00:00,-13.64,-1.59,392.1
2025-12-04 16:00:00,-15.28,-0.47,410.0
2025-12-04 17:00:00,-11.99,1.4,395.3
2025-12-04 18:00:00,-13.94,-0.28,343.7
2025-12-04 19:00:00,-13.06,1.87,428.7
2025-12-04 20:00:00,-13.29,-0.19,345.3
2025-12-04 21:00:00,-16.33,0.96,371.0
2025-12-04 22:00:00,-8.87,-0.65,386.4
2025-12-04 23:00:00,-8.9,-1.57,341.4
2025-12-05 00:00:00,-7.25,2.33,367.0
2025-12-05 01:00:00,-4.91,-3.0,407.3
2025-12-05 02:00:00,-6.25,-1.2,389.6
2025-12-05 03:00:00,-2.02,-0.19,392.1
2025-12-05 04:00:00,-4.54,1.72,372.5
2025-12-05 05:00:00,-5.83,-1.76,401.4
2025-12-05 06:00:00,-5.02,0.25,390.2
2025-12-05 07:00:00,-5.24,-2.77,350.8
2025-12-05 08:00:00,-7.23,0.88,394.0
2025-12-05 09:00:00,-1.57,3.65,362.7
2025-12-05 10:00:00,-6.61,-3.92,426.9
2025-12-05 11:00:00,-8.42,-1.45,388.3
2025-12-05 12:00:00,-8.84,1.67,475.6
2025-12-05 13:00:00,-2.35,5.89,429.0
2025-12-05 14:00:00,-15.9,1.18,396.1
2025-12-05 15:00:00,-16.07,-1.46,417.4
2025-12-05 16:00:00,-18.47,-0.3,337.3
2025-12-05 17:00:00,-15.53,-2.45,428.9
2025-12-05 18:00:00,-14.26,1.61,375.4
2025-12-05 19:00:00,-16.23,2.09,402.7
2025-12-05 20:00:00,-15.95,2.81,378.2
2025-12-05 21:00:00,-13.11,-0.66,381.4
2025-12-05 22:00:00,-14.01,-1.62,394.6
2025-12-05 23:00:00,-10.36,2.99,402.3
2025-12-06 00:00:00,-6.66,2.76,399.2
2025-12-06 01:00:00,-6.67,-1.98,399.9
2025-12-06 02:00:00,-4.86,-0.75,351.2
2025-12-06 03:00:00,-3.21,1.58,470.0
2025-12-06 04:00:00,-4.82,-0.5,407.0
2025-12-06 05:00:00,-5.65,0.06,413.1
2025-12-06 06:00:00,-7.32,-2.94,389.8
2025-12-06 07:00:00,-6.34,-2.24,373.8
2025-12-06 08:00:00,-7.24,-0.18,404.5
2025-12-06 09:00:00,-4.27,-1.4,408.7
2025-12-06 10:00:00,-6.46,-2.3,439.1
2025-12-06 11:00:00,-6.62,-0.63,462.3
2025-12-06 12:00:00,-13.48,-1.76,444.3
2025-12-06 13:00:00,-7.0,0.06,347.0
2025-12-06 14:00:00,-13.78,1.98,386.2
2025-12-06 15:00:00,-16.84,-0.6,410.1
2025-12-06 16:00:00,-15.65,-0.85,388.0
2025-12-06 17:00:00,-7.38,2.15,398.7
2025-12-06 18:00:00,-16.16,1.47,335.6
2025-12-06 19:00:00,-15.8,1.6,427.4
2025-12-06 20:00:00,-14.91,-5.04,343.7
2025-12-06 21:00:00,-13.98,-0.9,352.8
2025-12-06 22:00:00,-14.84,-1.14,369.6
2025-12-06 23:00:00,-10.86,-1.65,397.1
2025-12-07 00:00:00,-6.77,2.11,351.3
2025-12-07 01:00:00,-7.76,-1.09,368.2
2025-12-07 02:00:00,-10.83,-2.78,434.5
2025-12-07 03:00:00,-7.5,0.49,396.6
2025-12-07 04:00:00,-7.32,-0.02,413.0
2025-12-07 05:00:00,-5.01,-1.84,362.9
2025-12-07 06:00:00,-1.01,2.04,398.4
2025-12-07 07:00:00,-5.62,1.06,395.9
2025-12-07 08:00:00,-5.93,1.06,376.1
2025-12-07 09:00:00,-1.13,0.97,398.5
2025-12-07 10:00:00,-4.87,2.18,343.2
2025-12-07 11:00:00,-6.98,-0.31,413.2
2025-12-07 12:00:00,-4.13,-2.48,388.0
2025-12-07 13:00:00,-9.82,-0.41,392.3
2025-12-07 14:00:00,-18.46,-3.31,425.6
2025-12-07 15:00:00,-11.04,-2.12,413.0
2025-12-07 16:00:00,-19.11,3.24,390.4
2025-12-07 17:00:00,-13.47,-2.2,366.5
2025-12-07 18:00:00,-20.14,-2.35,439.9
2025-12-07 19:00:00,-16.23,1.34,359.8
2025-12-07 20:00:00,-15.42,1.73,418.9
2025-12-07 21:00:00,-15.85,-3.33,352.1
2025-12-07 22:00:00,-13.55,0.5,427.5
2025-12-07 23:00:00,-8.2,-1.1,430.3
2025-12-08 00:00:00,-12.14,0.66,342.6
2025-12-08 01:00:00,-7.07,-0.61,413.5
2025-12-08 02:00:00,-10.4,-2.73,411.0
2025-12-08 03:00:00,-7.03,-0.96,421.1
2025-12-08 04:00:00,-4.7,1.25,411.0
2025-12-08 05:00:00,-8.16,3.89,371.1
2025-12-08 06:00:00,-8.94,0.78,393.5
2025-12-08 07:00:00,-3.69,-0.78,449.9
2025-12-08 08:00:00,-2.3,-2.36,366.8
2025-12-08 09:00:00,-6.7,-0.32,409.7
2025-12-08 10:00:00,-8.87,-0.76,434.5
2025-12-08 11:00:00,-8.24,0.61,370.3
2025-12-08 12:00:00,-9.83,-0.12,357.5
2025-12-08 13:00:00,-10.57,0.96,362.0
2025-12-08 14:00:00,-20.08,-0.72,411.8
2025-12-08 15:00:00,-16.74,3.42,361.8
2025-12-08 16:00:00,-16.87,1.17,395.9
2025-12-08 17:00:00,-14.38,-1.41,441.1
2025-12-08 18:00:00,-14.44,2.0,398.5
2025-12-08 19:00:00,-12.92,-2.31,376.7
2025-12-08 20:00:00,-13.56,-1.71,403.8
2025-12-08 21:00:00,-17.44,-1.6,397.9
2025-12-08 22:00:00,-8.16,2.66,413.6
2025-12-08 23:00:00,-7.48,-0.36,448.6
2025-12-09 00:00:00,-13.77,-1.26,411.9
2025-12-09 01:00:00,-7.71,0.33,461.0
2025-12-09 02:00:00,-9.29,1.08,413.7
2025-12-09 03:00:00,-6.05,3.18,377.0
2025-12-09 04:00:00,-2.51,-2.99,468.6
2025-12-09 05:00:00,1.22,2.53,396.3
2025-12-09 06:00:00,-2.75,-4.13,368.4
2025-12-09 07:00:00,-4.29,1.81,469.7
2025-12-09 08:00:00,-6.69,2.33,378.0
2025-12-09 09:00:00,-5.92,2.43,376.8
2025-12-09 10:00:00,-3.42,1.14,383.5
2025-12-09 11:00:00,-8.84,-2.13,404.9
2025-12-09 12:00:00,-12.66,1.49,427.9
2025-12-09 13:00:00,-16.15,-2.14,320.5
2025-12-09 14:00:00,-10.96,-1.88,427.8
2025-12-09 15:00:00,-12.79,-0.91,383.4
2025-12-09 16:00:00,-16.27,-0.73,387.6
2025-12-09 17:00:00,-11.75,0.48,451.5
2025-12-09 18:00:00,-16.27,-1.39,406.4
2025-12-09 19:00:00,-15.23,0.66,413.4
2025-12-09 20:00:00,-14.38,-2.74,398.5
2025-12-09 21:00:00,-14.59,0.08,422.9
2025-12-09 22:00:00,-11.79,-0.54,448.5
2025-12-09 23:00:00,-7.84,2.03,325.7
2025-12-10 00:00:00,-13.43,2.23,432.5
2025-12-10 01:00:00,-7.24,-0.34,446.4
2025-12-10 02:00:00,-6.98,-3.92,415.0
2025-12-10 03:00:00,-6.0,-2.95,379.7
2025-12-10 04:00:00,-3.05,2.25,365.4
2025-12-10 05:00:00,-5.02,-0.29,470.9
2025-12-10 06:00:00,-3.56,3.5,372.9
2025-12-10 07:00:00,-3.02,1.79,445.5
2025-12-10 08:00:00,-7.18,0.51,411.7
2025-12-10 09:00:00,-5.57,0.26,461.4
2025-12-10 10:00:00,-8.25,-2.3,390.5
2025-12-10 11:00:00,-9.1,-1.26,351.8
2025-12-10 12:00:00,-10.97,0.83,400.1
2025-12-10 13:00:00,-9.88,-0.69,355.4
2025-12-10 14:00:00,-12.26,0.94,480.3
2025-12-10 15:00:00,-12.35,2.06,418.9
2025-12-10 16:00:00,-14.38,-0.36,423.3
2025-12-10 17:00:00,-19.64,-0.86,423.4
2025-12-10 18:00:00,-14.91,-1.79,379.2
2025-12-10 19:00:00,-14.64,1.67,396.0
2025-12-10 20:00:00,-13.6,1.51,403.3
2025-12-10 21:00:00,-15.32,4.37,458.3
2025-12-10 22:00:00,-16.09,0.35,365.3
2025-12-10 23:00:00,-9.42,-0.19,378.1
2025-12-11 00:00:00,-10.82,0.93,389.1
2025-12-11 01:00:00,-8.19,-0.58,379.8
2025-12-11 02:00:00,-8.34,-1.77,356.2
2025-12-11 03:00:00,-6.48,0.18,318.9
2025-12-11 04:00:00,-7.02,0.92,345.2
2025-12-11 05:00:00,-8.07,1.05,433.0
2025-12-11 06:00:00,-3.58,0.89,399.8
2025-12-11 07:00:00,-6.98,2.13,425.1
2025-12-11 08:00:00,-5.18,1.04,382.5
2025-12-11 09:00:00,-5.23,0.54,397.0
2025-12-11 10:00:00,-9.26,-2.53,448.4
2025-12-11 11:00:00,-12.32,0.49,446.6
2025-12-11 12:00:00,-2.72,-0.34,428.3
2025-12-11 13:00:00,-12.88,-2.24,406.1
2025-12-11 14:00:00,-10.63,1.0,415.5
2025-12-11 15:00:00,-7.72,1.04,411.1
2025-12-11 16:00:00,-11.96,0.85,395.0
2025-12-11 17:00:00,-15.73,1.11,387.9
2025-12-11 18:00:00,-15.2,0.25,433.7
2025-12-11 19:00:00,-17.33,-0.49,361.1
2025-12-11 20:00:00,-11.69,3.54,444.6
2025-12-11 21:00:00,-11.84,0.3,391.7
2025-12-11 22:00:00,-14.04,-5.09,360.6
2025-12-11 23:00:00,-14.42,-4.86,383.6
2025-12-12 00:00:00,-13.96,2.41,373.8
2025-12-12 01:00:00,-5.75,-3.67,382.7
2025-12-12 02:00:00,-7.14,-1.09,382.2
2025-12-12 03:00:00,-5.82,-2.43,381.0
2025-12-12 04:00:00,-8.14,-0.61,390.8
2025-12-12 05:00:00,-9.56,0.77,398.1
2025-12-12 06:00:00,-2.11,-1.33,422.9
2025-12-12 07:00:00,-5.04,-1.63,392.7
2025-12-12 08:00:00,-2.95,1.46,409.8
2025-12-12 09:00:00,-7.62,5.26,400.2
2025-12-12 10:00:00,-8.21,1.08,416.2
2025-12-12 11:00:00,-6.57,-1.83,401.4
2025-12-12 12:00:00,-7.8,1.74,380.6
2025-12-12 13:00:00,-8.9,3.49,372.5
2025-12-12 14:00:00,-13.39,2.13,406.3
2025-12-12 15:00:00,-11.69,-3.09,438.2
2025-12-12 16:00:00,-11.0,1.06,393.1
2025-12-12 17:00:00,-15.14,-0.92,379.0
2025-12-12 18:00:00,-16.54,0.11,392.3
2025-12-12 19:00:00,-10.8,-0.75,383.2
2025-12-12 20:00:00,-16.29,1.49,380.0
2025-12-12 21:00:00,-11.65,-0.71,356.7
2025-12-12 22:00:00,-12.68,2.84,392.7
2025-12-12 23:00:00,-16.82,-0.01,407.1
2025-12-13 00:00:00,-6.61,-0.45,367.5
2025-12-13 01:00:00,-16.98,1.14,373.6
2025-12-13 02:00:00,-13.45,0.71,371.6
2025-12-13 03:00:00,-4.88,1.2,358.4
2025-12-13 04:00:00,-4.09,-0.27,371.3
2025-12-13 05:00:00,-7.08,2.67,394.1
2025-12-13 06:00:00,-4.56,1.98,359.7
2025-12-13 07:00:00,-12.76,-0.02,395.9
2025-12-13 08:00:00,-3.55,1.65,378.9
2025-12-13 09:00:00,-5.72,-0.53,372.1
2025-12-13 10:00:00,-7.64,1.14,411.3
2025-12-13 11:00:00,-8.64,1.65,380.8
2025-12-13 12:00:00,-8.52,0.5,385.9
2025-12-13 13:00:00,-11.38,-1.64,438.9
2025-12-13 14:00:00,-18.12,-2.39,372.4
2025-12-13 15:00:00,-6.95,0.59,447.0
2025-12-13 16:00:00,-10.73,-1.45,389.6
2025-12-13 17:00:00,-18.68,2.11,365.9
2025-12-13 18:00:00,-16.04,-3.02,383.4
2025-12-13 19:00:00,-15.54,2.63,402.1
2025-12-13 20:00:00,-11.09,0.1,437.6
2025-12-13 21:00:00,-20.01,-1.71,424.0
2025-12-13 22:00:00,-14.0,-0.9,401.9
2025-12-13 23:00:00,-16.58,-0.41,437.8
2025-12-14 00:00:00,-10.86,0.97,343.6
2025-12-14 01:00:00,-10.12,-2.45,407.5
2025-12-14 02:00:00,-7.26,-1.92,409.3
2025-12-14 03:00:00,-8.28,-0.65,409.7
2025-12-14 04:00:00,-7.92,-0.06,351.7
2025-12-14 05:00:00,-3.31,1.43,369.5
2025-12-14 06:00:00,-3.64,0.54,395.0
2025-12-14 07:00:00,-3.52,-0.78,433.4
2025-12-14 08:00:00,-6.2,0.47,457.5
2025-12-14 09:00:00,-8.18,0.33,380.1
2025-12-14 10:00:00,-7.86,-0.5,360.7
2025-12-14 11:00:00,-7.2,0.23,424.5
2025-12-14 12:00:00,-16.53,-4.3,478.4
2025-12-14 13:00:00,-10.11,1.87,433.2
2025-12-14 14:00:00,-11.57,1.1,377.5
2025-12-14 15:00:00,-13.35,3.0,485.8
2025-12-14 16:00:00,-14.78,-1.62,420.6
2025-12-14 17:00:00,-22.53,1.14,376.3
2025-12-14 18:00:00,-16.32,-3.81,458.0
2025-12-14 19:00:00,-9.46,-3.53,373.9
2025-12-14 20:00:00,-14.29,-0.47,381.4
2025-12-14 21:00:00,-14.46,-1.16,421.8
2025-12-14 22:00:00,-12.45,2.09,399.3
2025-12-14 23:00:00,-10.23,2.36,401.1
2025-12-15 00:00:00,-8.02,2.57,401.2
2025-12-15 01:00:00,-9.39,1.2,433.4
2025-12-15 02:00:00,-6.23,1.28,330.3
2025-12-15 03:00:00,-1.43,-2.56,408.5
2025-12-15 04:00:00,-2.65,2.8,391.3
2025-12-15 05:00:00,1.85,2.5,377.4
2025-12-15 06:00:00,-6.97,-2.76,377.3
2025-12-15 07:00:00,-0.14,0.94,320.9
2025-12-15 08:00:00,-8.04,-1.09,376.0
2025-12-15 09:00:00,-5.4,3.7,438.7
2025-12-15 10:00:00,-5.3,-1.95,425.0
2025-12-15 11:00:00,-10.24,0.19,394.3
2025-12-15 12:00:00,-9.74,0.37,357.7
2025-12-15 13:00:00,-8.56,-0.11,424.7
2025-12-15 14:00:00,-14.63,4.3,439.3
2025-12-15 15:00:00,-8.53,3.38,431.0
2025-12-15 16:00:00,-18.48,-3.28,370.9
2025-12-15 17:00:00,-9.01,0.97,374.1
2025-12-15 18:00:00,-12.0,-0.02,449.7
2025-12-15 19:00:00,-15.1,1.67,363.7
2025-12-15 20:00:00,-15.54,0.43,414.3
2025-12-15 21:00:00,-15.06,-1.63,346.7
2025-12-15 22:00:00,-12.91,-2.07,391.0
2025-12-15 23:00:00,-11.44,-0.8,417.6
2025-12-16 00:00:00,-6.23,-0.24,399.1
2025-12-16 01:00:00,-2.8,0.39,415.7
2025-12-16 02:00:00,-6.9,-1.14,363.2
2025-12-16 03:00:00,-9.0,3.41,375.4
2025-12-16 04:00:00,-7.31,1.07,414.5
2025-12-16 05:00:00,-5.72,1.75,420.9
2025-12-16 06:00:00,-8.09,-0.28,406.6
2025-12-16 07:00:00,-8.71,-2.08,428.4
2025-12-16 08:00:00,0.62,1.77,350.3
2025-12-16 09:00:00,-5.56,-1.99,386.0
2025-12-16 10:00:00,-10.0,-4.05,454.7
2025-12-16 11:00:00,-6.26,1.13,438.5
2025-12-16 12:00:00,-13.54,-1.51,419.0
2025-12-16 13:00:00,-14.58,-0.67,395.3
2025-12-16 14:00:00,-14.91,1.39,431.0
2025-12-16 15:00:00,-8.57,-1.86,412.9
2025-12-16 16:00:00,-15.09,-3.2,354.5
2025-12-16 17:00:00,-22.15,2.44,429.9
2025-12-16 18:00:00,-11.37,-0.12,374.0
2025-12-16 19:00:00,-15.75,2.51,422.8
2025-12-16 20:00:00,-19.88,1.25,351.5
2025-12-16 21:00:00,-14.49,1.31,448.0
2025-12-16 22:00:00,-10.94,0.33,391.8
2025-12-16 23:00:00,-10.08,0.33,366.7
2025-12-17 00:00:00,-4.6,2.27,379.3
2025-12-17 01:00:00,-11.26,1.63,389.9
2025-12-17 02:00:00,-7.36,-1.18,399.8
2025-12-17 03:00:00,-8.56,0.99,439.5
2025-12-17 04:00:00,-10.3,-1.24,402.1
2025-12-17 05:00:00,-2.51,-0.63,334.9
2025-12-17 06:00:00,-3.61,1.14,363.1
2025-12-17 07:00:00,-4.32,-1.27,482.7
2025-12-17 08:00:00,-4.39,0.3,404.1
2025-12-17 09:00:00,-8.52,0.76,428.5
2025-12-17 10:00:00,-10.52,-0.68,390.7
2025-12-17 11:00:00,-8.59,1.44,369.9
2025-12-17 12:00:00,-6.52,-0.88,385.6
2025-12-17 13:00:00,-6.47,1.89,403.8
2025-12-17 14:00:00,-10.11,0.26,386.2
2025-12-17 15:00:00,-13.45,0.35,457.6
2025-12-17 16:00:00,-13.52,-1.8,381.5
2025-12-17 17:00:00,-14.79,-0.47,368.4
2025-12-17 18:00:00,-18.08,0.39,424.3
2025-12-17 19:00:00,-14.76,2.05,428.0
2025-12-17 20:00:00,-18.33,-0.64,400.9
2025-12-17 21:00:00,-13.91,2.04,381.9
2025-12-17 22:00:00,-7.59,-1.51,343.0
2025-12-17 23:00:00,-8.83,0.67,436.6
2025-12-18 00:00:00,-12.77,-1.01,426.1
2025-12-18 01:00:00,-8.92,3.09,386.8
2025-12-18 02:00:00,-10.0,2.73,401.8
2025-12-18 03:00:00,-6.65,0.57,393.2
2025-12-18 04:00:00,-2.55,-1.07,448.9
2025-12-18 05:00:00,-3.21,-3.03,368.9
2025-12-18 06:00:00,2.45,0.76,381.4
2025-12-18 07:00:00,-1.59,0.42,378.5
2025-12-18 08:00:00,-5.06,1.72,409.3
2025-12-18 09:00:00,-4.43,-2.93,401.7
2025-12-18 10:00:00,-8.11,0.28,406.0
2025-12-18 11:00:00,-12.09,0.86,373.6
2025-12-18 12:00:00,-6.08,-1.8,444.5
2025-12-18 13:00:00,-8.27,0.23,386.4
2025-12-18 14:00:00,-13.22,-1.45,435.6
2025-12-18 15:00:00,-12.71,-1.65,494.2
2025-12-18 16:00:00,-10.61,-1.06,373.8
2025-12-18 17:00:00,-12.29,-0.53,410.3
2025-12-18 18:00:00,-19.39,2.48,396.1
2025-12-18 19:00:00,-14.1,-0.64,460.9
2025-12-18 20:00:00,-14.83,-1.69,391.6
2025-12-18 21:00:00,-10.2,1.63,407.5
2025-12-18 22:00:00,-9.41,2.06,406.8
2025-12-18 23:00:00,-7.34,1.64,397.0
2025-12-19 00:00:00,-13.35,2.74,422.7
2025-12-19 01:00:00,-11.06,0.38,402.8
2025-12-19 02:00:00,-4.16,0.31,414.5
2025-12-19 03:00:00,-8.24,-1.41,406.4
2025-12-19 04:00:00,-10.23,2.8,381.9
2025-12-19 05:00:00,-3.57,-0.18,391.9
2025-12-19 06:00:00,-6.64,-0.61,416.7
2025-12-19 07:00:00,0.2,-0.79,416.5
2025-12-19 08:00:00,-4.78,1.27,437.4
2025-12-19 09:00:00,-5.98,0.17,455.8
2025-12-19 10:00:00,-8.61,0.38,384.4
2025-12-19 11:00:00,-3.93,-0.65,404.0
2025-12-19 12:00:00,-8.92,-0.4,394.2
2025-12-19 13:00:00,-12.52,-0.3,366.8
2025-12-19 14:00:00,-14.88,2.84,416.9
2025-12-19 15:00:00,-13.76,-3.6,423.3
2025-12-19 16:00:00,-17.26,0.9,367.7
2025-12-19 17:00:00,-11.74,2.18,388.8
2025-12-19 18:00:00,-20.43,-3.68,385.8
2025-12-19 19:00:00,-15.25,-0.14,354.7
2025-12-19 20:00:00,-12.5,1.96,398.9
2025-12-19 21:00:00,-12.51,-1.51,365.6
2025-12-19 22:00:00,-14.65,0.54,404.8
2025-12-19 23:00:00,-9.31,-1.86,408.1
2025-12-20 00:00:00,-12.66,0.07,411.8
2025-12-20 01:00:00,-8.77,2.56,413.2
2025-12-20 02:00:00,-5.54,3.39,445.9
2025-12-20 03:00:00,-5.08,0.51,375.7
2025-12-20 04:00:00,-7.69,-2.56,377.2
2025-12-20 05:00:00,-1.58,-0.62,419.7
2025-12-20 06:00:00,-4.74,-3.63,396.0
2025-12-20 07:00:00,-2.94,-0.59,433.8
2025-12-20 08:00:00,-1.08,1.93,416.9
2025-12-20 09:00:00,-3.11,-2.73,457.5
2025-12-20 10:00:00,-4.14,-0.41,397.3
2025-12-20 11:00:00,-8.13,-1.63,355.5
2025-12-20 12:00:00,-7.62,3.59,410.2
2025-12-20 13:00:00,-10.65,0.8,397.8
2025-12-20 14:00:00,-16.13,1.7,416.0
2025-12-20 15:00:00,-12.63,0.59,419.9
2025-12-20 16:00:00,-13.56,1.52,384.0
2025-12-20 17:00:00,-13.08,2.16,369.7
2025-12-20 18:00:00,-15.38,0.08,395.6
2025-12-20 19:00:00,-17.11,-1.06,328.6
2025-12-20 20:00:00,-12.36,-1.87,402.4
2025-12-20 21:00:00,-17.48,3.52,387.8
2025-12-20 22:00:00,-8.12,1.64,425.9
2025-12-20 23:00:00,-11.99,-4.45,340.4
2025-12-21 00:00:00,-9.26,-0.49,400.2
2025-12-21 01:00:00,-7.03,0.83,447.3
2025-12-21 02:00:00,-5.73,3.34,420.3
2025-12-21 03:00:00,-10.69,-2.21,429.4
2025-12-21 04:00:00,-3.2,0.85,410.2
2025-12-21 05:00:00,-4.26,-0.8,350.2
2025-12-21 06:00:00,-6.91,-2.39,405.0
2025-12-21 07:00:00,-7.42,2.69,412.3
2025-12-21 08:00:00,-6.67,-1.93,367.7
2025-12-21 09:00:00,-10.36,1.94,396.2
2025-12-21 10:00:00,-2.33,-3.19,313.0
2025-12-21 11:00:00,-4.25,-0.98,390.0
2025-12-21 12:00:00,-8.64,1.14,386.9
2025-12-21 13:00:00,-11.96,1.43,442.1
2025-12-21 14:00:00,-13.09,0.87,381.9
2025-12-21 15:00:00,-11.26,1.97,392.0
2025-12-21 16:00:00,-9.06,-0.58,397.6
2025-12-21 17:00:00,-16.54,2.78,382.3
2025-12-21 18:00:00,-18.35,0.71,421.6
2025-12-21 19:00:00,-10.19,1.47,340.2
2025-12-21 20:00:00,-19.69,0.73,434.1
2025-12-21 21:00:00,-16.56,0.98,399.6
2025-12-21 22:00:00,-13.24,-2.0,439.0
2025-12-21 23:00:00,-15.98,-1.88,317.6
2025-12-22 00:00:00,-6.66,-1.08,326.9
2025-12-22 01:00:00,-6.14,1.03,391.2
2025-12-22 02:00:00,-9.22,-1.18,415.2
2025-12-22 03:00:00,-2.63,-0.59,383.4
2025-12-22 04:00:00,-1.32,-0.15,417.5
2025-12-22 05:00:00,-5.51,2.84,429.4
2025-12-22 06:00:00,-6.35,1.21,420.0
2025-12-22 07:00:00,1.61,-2.92,403.1
2025-12-22 08:00:00,-3.51,0.32,402.9
2025-12-22 09:00:00,-5.7,-0.61,381.6
2025-12-22 10:00:00,-3.41,-0.46,398.3
2025-12-22 11:00:00,-7.8,0.0,369.3
2025-12-22 12:00:00,-11.52,2.25,376.5
2025-12-22 13:00:00,-11.05,-1.63,415.4
2025-12-22 14:00:00,-9.38,0.41,386.1
2025-12-22 15:00:00,-19.51,0.58,377.9
2025-12-22 16:00:00,-15.19,-0.44,413.5
2025-12-22 17:00:00,-10.68,-1.28,411.4
2025-12-22 18:00:00,-16.54,-1.51,393.5
2025-12-22 19:00:00,-10.19,-0.84,395.5
2025-12-22 20:00:00,-10.09,1.48,412.5
2025-12-22 21:00:00,-13.73,-0.72,429.1
2025-12-22 22:00:00,-14.21,-0.2,406.0
2025-12-22 23:00:00,-12.16,-2.31,364.2
2025-12-23 00:00:00,-2.01,-0.95,393.4
2025-12-23 01:00:00,-3.08,0.46,387.8
2025-12-23 02:00:00,-7.12,-3.33,368.4
2025-12-23 03:00:00,-8.29,2.09,414.9
2025-12-23 04:00:00,-5.32,-1.19,417.2
2025-12-23 05:00:00,-4.44,3.53,421.8
2025-12-23 06:00:00,-8.73,0.84,370.3
2025-12-23 07:00:00,-4.93,-3.67,404.7
2025-12-23 08:00:00,-1.7,0.56,399.8
2025-12-23 09:00:00,-11.86,-0.64,409.2
2025-12-23 10:00:00,-5.02,0.58,403.9
2025-12-23 11:00:00,-4.58,3.23,399.6
2025-12-23 12:00:00,-11.68,1.41,396.0
2025-12-23 13:00:00,-6.21,-0.45,433.2
2025-12-23 14:00:00,-14.57,-2.79,374.1
2025-12-23 15:00:00,-12.21,1.75,394.8
2025-12-23 16:00:00,-15.25,1.02,432.4
2025-12-23 17:00:00,-15.75,2.32,375.7
2025-12-23 18:00:00,-16.85,-0.29,377.2
2025-12-23 19:00:00,-12.73,0.59,422.0
2025-12-23 20:00:00,-11.78,-0.49,357.3
2025-12-23 21:00:00,-13.73,0.17,419.8
2025-12-23 22:00:00,-16.58,-3.03,385.3
2025-12-23 23:00:00,-10.08,0.64,412.3
2025-12-24 00:00:00,-8.73,0.76,363.4
2025-12-24 01:00:00,-9.36,-1.01,435.6
2025-12-24 02:00:00,-1.9,1.21,363.5
2025-12-24 03:00:00,-11.16,1.75,421.7
2025-12-24 04:00:00,-12.32,2.8,364.7
2025-12-24 05:00:00,-7.36,-2.04,454.2
2025-12-24 06:00:00,-2.87,1.34,397.9
2025-12-24 07:00:00,-8.34,2.68,458.5
2025-12-24 08:00:00,-8.61,-0.7,375.4
2025-12-24 09:00:00,-3.61,2.79,386.7
2025-12-24 10:00:00,-6.11,-1.45,436.3
2025-12-24 11:00:00,-7.57,0.14,357.2
2025-12-24 12:00:00,-7.66,-3.45,379.0
2025-12-24 13:00:00,-12.57,-3.73,414.9
2025-12-24 14:00:00,-13.64,-3.11,369.4
2025-12-24 15:00:00,-11.11,2.84,415.7
2025-12-24 16:00:00,-18.36,-1.55,405.1
2025-12-24 17:00:00,-21.26,-1.55,354.6
2025-12-24 18:00:00,-16.3,0.82,429.0
2025-12-24 19:00:00,-12.04,-1.49,362.1
2025-12-24 20:00:00,-13.56,2.41,423.1
2025-12-24 21:00:00,-10.96,3.73,403.9
2025-12-24 22:00:00,-18.55,-4.44,386.3
2025-12-24 23:00:00,-10.35,1.04,366.8
2025-12-25 00:00:00,-8.04,-4.12,409.9
2025-12-25 01:00:00,-12.76,-2.72,373.8
2025-12-25 02:00:00,-4.91,0.96,436.2
2025-12-25 03:00:00,-6.8,-1.89,437.3
2025-12-25 04:00:00,3.54,0.52,449.3
2025-12-25 05:00:00,-11.7,0.06,408.4
2025-12-25 06:00:00,-0.89,-3.3,387.9
2025-12-25 07:00:00,-6.35,1.31,391.1
2025-12-25 08:00:00,-10.52,0.6,388.9
2025-12-25 09:00:00,-8.05,0.08,407.4
2025-12-25 10:00:00,-6.67,-1.3,413.1
2025-12-25 11:00:00,-5.59,0.78,436.9
2025-12-25 12:00:00,-4.83,-2.59,400.6
2025-12-25 13:00:00,-7.03,-2.02,357.9
2025-12-25 14:00:00,-15.4,0.64,387.8
2025-12-25 15:00:00,-10.15,2.06,446.7
2025-12-25 16:00:00,-13.16,-0.95,353.3
2025-12-25 17:00:00,-16.79,0.91,422.2
2025-12-25 18:00:00,-15.64,0.41,388.3
2025-12-25 19:00:00,-16.96,0.83,373.5
2025-12-25 20:00:00,-14.22,-1.38,411.9
2025-12-25 21:00:00,-15.72,-0.3,446.8
2025-12-25 22:00:00,-15.58,-0.08,410.2
2025-12-25 23:00:00,-9.86,3.0,392.1
2025-12-26 00:00:00,-8.11,-2.21,361.1
2025-12-26 01:00:00,-9.27,-2.81,397.0
2025-12-26 02:00:00,-3.4,6.0,360.0
2025-12-26 03:00:00,-7.25,0.62,390.7
2025-12-26 04:00:00,-6.58,1.1,398.1
2025-12-26 05:00:00,-3.19,1.28,329.2
2025-12-26 06:00:00,-5.4,1.54,441.6
2025-12-26 07:00:00,-4.92,1.8,362.8
2025-12-26 08:00:00,-13.23,1.55,394.4
2025-12-26 09:00:00,-6.41,2.25,416.0
2025-12-26 10:00:00,-12.98,0.33,439.3
2025-12-26 11:00:00,-12.37,2.14,376.2
2025-12-26 12:00:00,-14.01,3.78,324.7
2025-12-26 13:00:00,-14.42,0.39,432.4
2025-12-26 14:00:00,-14.15,0.96,362.5
2025-12-26 15:00:00,-15.0,-1.16,410.8
2025-12-26 16:00:00,-12.34,-0.33,412.6
2025-12-26 17:00:00,-14.16,0.71,302.4
2025-12-26 18:00:00,-20.7,-0.78,351.6
2025-12-26 19:00:00,-14.58,0.18,386.2
2025-12-26 20:00:00,-13.38,0.68,322.5
2025-12-26 21:00:00,-14.52,3.04,359.9
2025-12-26 22:00:00,-12.68,-1.73,403.7
2025-12-26 23:00:00,-10.72,0.84,397.3
2025-12-27 00:00:00,-7.71,-1.21,409.1
2025-12-27 01:00:00,-13.43,1.53,413.5
2025-12-27 02:00:00,-8.23,1.69,349.5
2025-12-27 03:00:00,-1.94,3.35,361.5
2025-12-27 04:00:00,-1.42,-0.85,422.8
2025-12-27 05:00:00,-2.62,0.29,445.7
2025-12-27 06:00:00,-3.39,1.61,371.0
2025-12-27 07:00:00,-0.21,1.32,407.8
2025-12-27 08:00:00,0.08,-4.98,424.2
2025-12-27 09:00:00,-6.85,-1.37,407.1
2025-12-27 10:00:00,-10.41,1.14,392.5
2025-12-27 11:00:00,-9.52,-0.42,380.8
2025-12-27 12:00:00,-0.71,1.62,459.6
2025-12-27 13:00:00,-16.0,2.08,402.9
2025-12-27 14:00:00,-13.91,-0.43,411.7
2025-12-27 15:00:00,-17.77,1.2,409.7
2025-12-27 16:00:00,-13.96,2.91,375.6
2025-12-27 17:00:00,-18.44,2.04,401.5
2025-12-27 18:00:00,-15.33,-1.54,390.3
2025-12-27 19:00:00,-20.68,-0.37,389.8
2025-12-27 20:00:00,-12.48,0.05,409.5
2025-12-27 21:00:00,-9.87,-1.87,372.5
2025-12-27 22:00:00,-13.65,2.14,363.9
2025-12-27 23:00:00,-11.7,-1.29,415.1
2025-12-28 00:00:00,-10.49,-0.2,384.1
2025-12-28 01:00:00,-8.16,2.14,389.6
2025-12-28 02:00:00,-7.61,-0.9,342.1
2025-12-28 03:00:00,-4.16,-0.67,428.9
2025-12-28 04:00:00,-1.97,0.68,415.7
2025-12-28 05:00:00,-7.61,-0.82,421.2
2025-12-28 06:00:00,-5.93,3.07,411.6
2025-12-28 07:00:00,-2.47,-1.83,354.5
2025-12-28 08:00:00,-9.93,-4.59,406.9
2025-12-28 09:00:00,-12.38,1.69,381.7
2025-12-28 10:00:00,-6.82,-0.72,371.1
2025-12-28 11:00:00,-7.22,-1.62,415.0
2025-12-28 12:00:00,-12.17,0.77,449.8
2025-12-28 13:00:00,-13.03,0.84,444.8
2025-12-28 14:00:00,-14.78,-1.52,418.7
2025-12-28 15:00:00,-16.14,2.37,399.1
2025-12-28 16:00:00,-12.25,1.72,393.5
2025-12-28 17:00:00,-18.37,3.95,372.9
2025-12-28 18:00:00,-15.8,-0.92,391.9
2025-12-28 19:00:00,-17.55,0.31,427.3
2025-12-28 20:00:00,-18.7,0.47,454.7
2025-12-28 21:00:00,-10.92,-0.65,375.5
2025-12-28 22:00:00,-14.06,0.81,340.1
2025-12-28 23:00:00,-10.73,0.96,384.1
2025-12-29 00:00:00,-14.52,0.96,427.1
2025-12-29 01:00:00,-10.93,-0.65,462.2
2025-12-29 02:00:00,-5.23,-0.42,439.3
2025-12-29 03:00:00,1.3,-1.13,438.6
2025-12-29 04:00:00,-11.6,-1.5,374.5
2025-12-29 05:00:00,-5.77,-0.13,375.4
2025-12-29 06:00:00,-3.76,3.03,360.3
2025-12-29 07:00:00,-7.02,4.08,380.0
2025-12-29 08:00:00,-3.12,2.63,427.4
2025-12-29 09:00:00,-9.06,-0.93,448.7
2025-12-29 10:00:00,-7.04,0.82,410.4
2025-12-29 11:00:00,-10.27,-4.09,392.3
2025-12-29 12:00:00,-6.34,-0.31,368.0
2025-12-29 13:00:00,-13.32,-0.78,396.6
2025-12-29 14:00:00,-13.56,3.75,406.1
2025-12-29 15:00:00,-10.7,0.52,356.1
2025-12-29 16:00:00,-17.41,0.1,427.6
2025-12-29 17:00:00,-14.62,-0.14,387.3
2025-12-29 18:00:00,-20.47,-0.58,425.8
2025-12-29 19:00:00,-18.09,1.06,399.7
2025-12-29 20:00:00,-13.18,-1.32,408.9
2025-12-29 21:00:00,-16.51,1.1,378.9
2025-12-29 22:00:00,-14.13,2.86,389.7
2025-12-29 23:00:00,-9.81,0.23,419.3
2025-12-30 00:00:00,-11.74,-0.63,396.1
2025-12-30 01:00:00,-6.24,-0.15,366.9
2025-12-30 02:00:00,-6.85,2.4,403.3
2025-12-30 03:00:00,-5.16,0.28,411.6
2025-12-30 04:00:00,-1.95,-1.22,441.2
2025-12-30 05:00:00,-4.21,1.62,434.6
2025-12-30 06:00:00,-0.38,-1.42,398.1
2025-12-30 07:00:00,-2.44,-0.47,383.6
2025-12-30 08:00:00,-7.24,0.46,393.2
2025-12-30 09:00:00,-2.59,-1.61,384.3
2025-12-30 10:00:00,-6.71,-3.57,415.2
2025-12-30 11:00:00,-9.89,0.9,431.2
2025-12-30 12:00:00,-9.16,-4.38,437.2
2025-12-30 13:00:00,-7.96,-1.85,387.6
2025-12-30 14:00:00,-11.13,1.56,384.6
2025-12-30 15:00:00,-8.07,0.84,387.4
2025-12-30 16:00:00,-11.07,-0.32,342.0
2025-12-30 17:00:00,-13.26,-1.79,363.9
2025-12-30 18:00:00,-18.08,-0.86,399.0
2025-12-30 19:00:00,-15.37,1.15,411.4
2025-12-30 20:00:00,-14.12,-0.26,414.7
2025-12-30 21:00:00,-11.45,-2.47,376.6
2025-12-30 22:00:00,-10.59,-1.76,385.3
2025-12-30 23:00:00,-10.79,-0.87,391.9
